node_index,node_id,node_type,node_name,node_source
2,8233,gene/protein,ZRSR2,NCBI
3,4899,gene/protein,NRF1,NCBI
4,5297,gene/protein,PI4KA,NCBI
5,6564,gene/protein,SLC15A1,NCBI
6,8668,gene/protein,EIF3I,NCBI
7,10826,gene/protein,FAXDC2,NCBI
8,4489,gene/protein,MT1A,NCBI
9,6272,gene/protein,SORT1,NCBI
10,4041,gene/protein,LRP5,NCBI
11,6202,gene/protein,RPS8,NCBI
12,924,gene/protein,CD7,NCBI
13,65005,gene/protein,MRPL9,NCBI
15,1958,gene/protein,EGR1,NCBI
16,6633,gene/protein,SNRPD2,NCBI
18,6872,gene/protein,TAF1,NCBI
19,10451,gene/protein,VAV3,NCBI
22,2353,gene/protein,FOS,NCBI
23,5611,gene/protein,DNAJC3,NCBI
25,4609,gene/protein,MYC,NCBI
26,9064,gene/protein,MAP3K6,NCBI
27,54474,gene/protein,KRT20,NCBI
29,2147,gene/protein,F2,NCBI
30,1759,gene/protein,DNM1,NCBI
33,2932,gene/protein,GSK3B,NCBI
34,55739,gene/protein,NAXD,NCBI
36,5817,gene/protein,PVR,NCBI
38,891,gene/protein,CCNB1,NCBI
39,22809,gene/protein,ATF5,NCBI
40,1017,gene/protein,CDK2,NCBI
41,4728,gene/protein,NDUFS8,NCBI
42,5307,gene/protein,PITX1,NCBI
43,5295,gene/protein,PIK3R1,NCBI
45,3238,gene/protein,HOXD12,NCBI
46,28969,gene/protein,BZW2,NCBI
50,2114,gene/protein,ETS2,NCBI
51,6667,gene/protein,SP1,NCBI
53,3433,gene/protein,IFIT2,NCBI
54,6790,gene/protein,AURKA,NCBI
57,30012,gene/protein,TLX3,NCBI
59,6125,gene/protein,RPL5,NCBI
60,8773,gene/protein,SNAP23,NCBI
61,801,gene/protein,CALM1,NCBI
62,3628,gene/protein,INPP1,NCBI
65,10291,gene/protein,SF3A1,NCBI
66,7536,gene/protein,SF1,NCBI
67,4233,gene/protein,MET,NCBI
68,1869,gene/protein,E2F1,NCBI
71,10664,gene/protein,CTCF,NCBI
74,151,gene/protein,ADRA2B,NCBI
78,7428,gene/protein,VHL,NCBI
80,675,gene/protein,BRCA2,NCBI
81,166,gene/protein,TLE5,NCBI
86,6502,gene/protein,SKP2,NCBI
87,3181,gene/protein,HNRNPA2B1,NCBI
90,682,gene/protein,BSG,NCBI
92,1203,gene/protein,CLN5,NCBI
97,10159,gene/protein,ATP6AP2,NCBI
99,2770,gene/protein,GNAI1,NCBI
100,10484,gene/protein,SEC23A,NCBI
102,7182,gene/protein,NR2C2,NCBI
104,10946,gene/protein,SF3A3,NCBI
106,3169,gene/protein,FOXA1,NCBI
108,1111,gene/protein,CHEK1,NCBI
109,7014,gene/protein,TERF2,NCBI
111,7276,gene/protein,TTR,NCBI
116,841,gene/protein,CASP8,NCBI
118,358,gene/protein,AQP1,NCBI
119,2113,gene/protein,ETS1,NCBI
121,23404,gene/protein,EXOSC2,NCBI
123,6789,gene/protein,STK4,NCBI
124,51614,gene/protein,ERGIC3,NCBI
125,1956,gene/protein,EGFR,NCBI
127,3662,gene/protein,IRF4,NCBI
130,2623,gene/protein,GATA1,NCBI
131,1053,gene/protein,CEBPE,NCBI
133,1460,gene/protein,CSNK2B,NCBI
134,23013,gene/protein,SPEN,NCBI
138,3303,gene/protein,HSPA1A,NCBI
139,5111,gene/protein,PCNA,NCBI
141,10025,gene/protein,MED16,NCBI
143,5573,gene/protein,PRKAR1A,NCBI
144,4088,gene/protein,SMAD3,NCBI
145,5359,gene/protein,PLSCR1,NCBI
149,205,gene/protein,AK4,NCBI
150,2261,gene/protein,FGFR3,NCBI
151,1490,gene/protein,CCN2,NCBI
152,2885,gene/protein,GRB2,NCBI
154,2332,gene/protein,FMR1,NCBI
155,1107,gene/protein,CHD3,NCBI
161,7514,gene/protein,XPO1,NCBI
163,4000,gene/protein,LMNA,NCBI
164,7329,gene/protein,UBE2I,NCBI
165,64881,gene/protein,PCDH20,NCBI
168,1871,gene/protein,E2F3,NCBI
169,5080,gene/protein,PAX6,NCBI
172,4879,gene/protein,NPPB,NCBI
174,6688,gene/protein,SPI1,NCBI
176,5467,gene/protein,PPARD,NCBI
177,5728,gene/protein,PTEN,NCBI
178,2033,gene/protein,EP300,NCBI
179,3588,gene/protein,IL10RB,NCBI
180,57175,gene/protein,CORO1B,NCBI
186,3875,gene/protein,KRT18,NCBI
187,843,gene/protein,CASP10,NCBI
188,2495,gene/protein,FTH1,NCBI
192,2768,gene/protein,GNA12,NCBI
193,3671,gene/protein,ISLR,NCBI
194,5579,gene/protein,PRKCB,NCBI
197,1432,gene/protein,MAPK14,NCBI
199,5423,gene/protein,POLB,NCBI
201,1543,gene/protein,CYP1A1,NCBI
202,10987,gene/protein,COPS5,NCBI
206,10236,gene/protein,HNRNPR,NCBI
207,4149,gene/protein,MAX,NCBI
208,2886,gene/protein,GRB7,NCBI
209,4627,gene/protein,MYH9,NCBI
210,4702,gene/protein,NDUFA8,NCBI
211,4878,gene/protein,NPPA,NCBI
213,3630,gene/protein,INS,NCBI
214,6464,gene/protein,SHC1,NCBI
215,7266,gene/protein,DNAJC7,NCBI
216,23385,gene/protein,NCSTN,NCBI
219,3398,gene/protein,ID2,NCBI
222,3615,gene/protein,IMPDH2,NCBI
223,4100,gene/protein,MAGEA1,NCBI
225,8525,gene/protein,DGKZ,NCBI
226,7307,gene/protein,U2AF1,NCBI
227,3554,gene/protein,IL1R1,NCBI
228,2041,gene/protein,EPHA1,NCBI
229,8087,gene/protein,FXR1,NCBI
235,409,gene/protein,ARRB2,NCBI
236,1029,gene/protein,CDKN2A,NCBI
237,5427,gene/protein,POLE2,NCBI
238,60,gene/protein,ACTB,NCBI
242,10142,gene/protein,AKAP9,NCBI
243,5145,gene/protein,PDE6A,NCBI
244,3326,gene/protein,HSP90AB1,NCBI
246,526,gene/protein,ATP6V1B2,NCBI
248,3727,gene/protein,JUND,NCBI
249,2896,gene/protein,GRN,NCBI
250,5364,gene/protein,PLXNB1,NCBI
251,890,gene/protein,CCNA2,NCBI
255,3837,gene/protein,KPNB1,NCBI
256,6628,gene/protein,SNRPB,NCBI
264,5347,gene/protein,PLK1,NCBI
266,8662,gene/protein,EIF3B,NCBI
268,5516,gene/protein,PPP2CB,NCBI
271,54206,gene/protein,ERRFI1,NCBI
272,9632,gene/protein,SEC24C,NCBI
273,8544,gene/protein,PIR,NCBI
279,3172,gene/protein,HNF4A,NCBI
280,10277,gene/protein,UBE4B,NCBI
281,4543,gene/protein,MTNR1A,NCBI
282,3958,gene/protein,LGALS3,NCBI
285,1994,gene/protein,ELAVL1,NCBI
286,4929,gene/protein,NR4A2,NCBI
287,5087,gene/protein,PBX1,NCBI
289,1207,gene/protein,CLNS1A,NCBI
290,6093,gene/protein,ROCK1,NCBI
291,5781,gene/protein,PTPN11,NCBI
292,6279,gene/protein,S100A8,NCBI
293,8315,gene/protein,BRAP,NCBI
294,8737,gene/protein,RIPK1,NCBI
296,1857,gene/protein,DVL3,NCBI
298,6608,gene/protein,SMO,NCBI
299,6713,gene/protein,SQLE,NCBI
300,5305,gene/protein,PIP4K2A,NCBI
301,1457,gene/protein,CSNK2A1,NCBI
303,2934,gene/protein,GSN,NCBI
309,5079,gene/protein,PAX5,NCBI
310,10576,gene/protein,CCT2,NCBI
311,5121,gene/protein,PCP4,NCBI
312,2634,gene/protein,GBP2,NCBI
313,7532,gene/protein,YWHAG,NCBI
314,580,gene/protein,BARD1,NCBI
315,1859,gene/protein,DYRK1A,NCBI
316,10241,gene/protein,CALCOCO2,NCBI
317,8454,gene/protein,CUL1,NCBI
319,10594,gene/protein,PRPF8,NCBI
320,10202,gene/protein,DHRS2,NCBI
321,5020,gene/protein,OXT,NCBI
322,2101,gene/protein,ESRRA,NCBI
324,51512,gene/protein,GTSE1,NCBI
326,3725,gene/protein,JUN,NCBI
327,6187,gene/protein,RPS2,NCBI
331,7111,gene/protein,TMOD1,NCBI
332,1019,gene/protein,CDK4,NCBI
337,695,gene/protein,BTK,NCBI
339,2175,gene/protein,FANCA,NCBI
341,590,gene/protein,BCHE,NCBI
344,3930,gene/protein,LBR,NCBI
349,6138,gene/protein,RPL15,NCBI
350,1051,gene/protein,CEBPB,NCBI
351,1745,gene/protein,DLX1,NCBI
352,3178,gene/protein,HNRNPA1,NCBI
357,408,gene/protein,ARRB1,NCBI
361,6647,gene/protein,SOD1,NCBI
362,7454,gene/protein,WAS,NCBI
363,367,gene/protein,AR,NCBI
366,26239,gene/protein,LCE2B,NCBI
367,7965,gene/protein,AIMP2,NCBI
368,5654,gene/protein,HTRA1,NCBI
371,25942,gene/protein,SIN3A,NCBI
372,10775,gene/protein,POP4,NCBI
373,4843,gene/protein,NOS2,NCBI
374,5586,gene/protein,PKN2,NCBI
375,2099,gene/protein,ESR1,NCBI
376,29128,gene/protein,UHRF1,NCBI
377,4223,gene/protein,MEOX2,NCBI
379,2580,gene/protein,GAK,NCBI
380,84445,gene/protein,LZTS2,NCBI
381,3605,gene/protein,IL17A,NCBI
383,6134,gene/protein,RPL10,NCBI
387,58,gene/protein,ACTA1,NCBI
388,640,gene/protein,BLK,NCBI
389,1385,gene/protein,CREB1,NCBI
390,238,gene/protein,ALK,NCBI
392,9110,gene/protein,MTMR4,NCBI
393,2038,gene/protein,EPB42,NCBI
394,3950,gene/protein,LECT2,NCBI
395,545,gene/protein,ATR,NCBI
397,267,gene/protein,AMFR,NCBI
398,7415,gene/protein,VCP,NCBI
400,4170,gene/protein,MCL1,NCBI
401,83606,gene/protein,GUCD1,NCBI
402,780,gene/protein,DDR1,NCBI
405,2244,gene/protein,FGB,NCBI
406,898,gene/protein,CCNE1,NCBI
407,9782,gene/protein,MATR3,NCBI
408,7270,gene/protein,TTF1,NCBI
409,810,gene/protein,CALML3,NCBI
410,583,gene/protein,BBS2,NCBI
412,6327,gene/protein,SCN2B,NCBI
413,5092,gene/protein,PCBD1,NCBI
414,5829,gene/protein,PXN,NCBI
417,7412,gene/protein,VCAM1,NCBI
418,5594,gene/protein,MAPK1,NCBI
420,2122,gene/protein,MECOM,NCBI
421,6720,gene/protein,SREBF1,NCBI
423,1327,gene/protein,COX4I1,NCBI
424,55143,gene/protein,CDCA8,NCBI
426,4436,gene/protein,MSH2,NCBI
427,2275,gene/protein,FHL3,NCBI
429,7189,gene/protein,TRAF6,NCBI
430,5911,gene/protein,RAP2A,NCBI
431,5879,gene/protein,RAC1,NCBI
432,9260,gene/protein,PDLIM7,NCBI
433,63978,gene/protein,PRDM14,NCBI
434,10950,gene/protein,BTG3,NCBI
436,8702,gene/protein,B4GALT4,NCBI
439,1267,gene/protein,CNP,NCBI
440,973,gene/protein,CD79A,NCBI
441,2264,gene/protein,FGFR4,NCBI
443,1876,gene/protein,E2F6,NCBI
444,11170,gene/protein,FAM107A,NCBI
445,3298,gene/protein,HSF2,NCBI
446,4666,gene/protein,NACA,NCBI
447,2740,gene/protein,GLP1R,NCBI
448,6899,gene/protein,TBX1,NCBI
449,6935,gene/protein,ZEB1,NCBI
450,8611,gene/protein,PLPP1,NCBI
452,1312,gene/protein,COMT,NCBI
453,3184,gene/protein,HNRNPD,NCBI
454,2624,gene/protein,GATA2,NCBI
455,1131,gene/protein,CHRM3,NCBI
457,1269,gene/protein,CNR2,NCBI
458,6009,gene/protein,RHEB,NCBI
459,7175,gene/protein,TPR,NCBI
460,6657,gene/protein,SOX2,NCBI
461,3838,gene/protein,KPNA2,NCBI
462,161742,gene/protein,SPRED1,NCBI
464,9775,gene/protein,EIF4A3,NCBI
467,2959,gene/protein,GTF2B,NCBI
469,55110,gene/protein,MAGOHB,NCBI
470,6925,gene/protein,TCF4,NCBI
471,50863,gene/protein,NTM,NCBI
472,9801,gene/protein,MRPL19,NCBI
476,2162,gene/protein,F13A1,NCBI
477,3561,gene/protein,IL2RG,NCBI
478,3009,gene/protein,H1-5,NCBI
482,8887,gene/protein,TAX1BP1,NCBI
484,5747,gene/protein,PTK2,NCBI
489,857,gene/protein,CAV1,NCBI
490,5159,gene/protein,PDGFRB,NCBI
492,6597,gene/protein,SMARCA4,NCBI
495,8342,gene/protein,H2BC14,NCBI
497,3091,gene/protein,HIF1A,NCBI
498,10043,gene/protein,TOM1,NCBI
499,3656,gene/protein,IRAK2,NCBI
500,7376,gene/protein,NR1H2,NCBI
501,27031,gene/protein,NPHP3,NCBI
502,8648,gene/protein,NCOA1,NCBI
503,4904,gene/protein,YBX1,NCBI
504,2271,gene/protein,FH,NCBI
505,2735,gene/protein,GLI1,NCBI
507,2355,gene/protein,FOSL2,NCBI
508,29950,gene/protein,SERTAD1,NCBI
509,2908,gene/protein,NR3C1,NCBI
513,22852,gene/protein,ANKRD26,NCBI
514,2804,gene/protein,GOLGB1,NCBI
515,602,gene/protein,BCL3,NCBI
516,2017,gene/protein,CTTN,NCBI
518,1454,gene/protein,CSNK1E,NCBI
519,3313,gene/protein,HSPA9,NCBI
521,57665,gene/protein,RDH14,NCBI
525,1962,gene/protein,EHHADH,NCBI
526,2566,gene/protein,GABRG2,NCBI
527,2597,gene/protein,GAPDH,NCBI
528,3215,gene/protein,HOXB5,NCBI
529,5705,gene/protein,PSMC5,NCBI
530,983,gene/protein,CDK1,NCBI
531,7528,gene/protein,YY1,NCBI
532,4988,gene/protein,OPRM1,NCBI
534,10204,gene/protein,NUTF2,NCBI
537,29115,gene/protein,SAP30BP,NCBI
538,5329,gene/protein,PLAUR,NCBI
540,9094,gene/protein,UNC119,NCBI
541,4175,gene/protein,MCM6,NCBI
543,6885,gene/protein,MAP3K7,NCBI
544,8928,gene/protein,FOXH1,NCBI
545,6840,gene/protein,SVIL,NCBI
546,1778,gene/protein,DYNC1H1,NCBI
548,6318,gene/protein,SERPINB4,NCBI
549,81,gene/protein,ACTN4,NCBI
551,10171,gene/protein,RCL1,NCBI
553,4751,gene/protein,NEK2,NCBI
554,672,gene/protein,BRCA1,NCBI
555,389,gene/protein,RHOC,NCBI
556,10460,gene/protein,TACC3,NCBI
557,54541,gene/protein,DDIT4,NCBI
560,5354,gene/protein,PLP1,NCBI
561,51655,gene/protein,RASD1,NCBI
562,9625,gene/protein,AATK,NCBI
564,221656,gene/protein,KDM1B,NCBI
566,5578,gene/protein,PRKCA,NCBI
567,7332,gene/protein,UBE2L3,NCBI
568,142,gene/protein,PARP1,NCBI
569,8553,gene/protein,BHLHE40,NCBI
572,3836,gene/protein,KPNA1,NCBI
574,846,gene/protein,CASR,NCBI
577,5925,gene/protein,RB1,NCBI
578,6446,gene/protein,SGK1,NCBI
579,648,gene/protein,BMI1,NCBI
580,5901,gene/protein,RAN,NCBI
585,1879,gene/protein,EBF1,NCBI
586,23673,gene/protein,STX12,NCBI
587,3066,gene/protein,HDAC2,NCBI
589,293,gene/protein,SLC25A6,NCBI
590,6208,gene/protein,RPS14,NCBI
591,229,gene/protein,ALDOB,NCBI
592,2177,gene/protein,FANCD2,NCBI
593,1032,gene/protein,CDKN2D,NCBI
594,1786,gene/protein,DNMT1,NCBI
595,6886,gene/protein,TAL1,NCBI
596,8736,gene/protein,MYOM1,NCBI
599,8661,gene/protein,EIF3A,NCBI
601,25,gene/protein,ABL1,NCBI
602,51741,gene/protein,WWOX,NCBI
604,7534,gene/protein,YWHAZ,NCBI
605,7289,gene/protein,TULP3,NCBI
606,9320,gene/protein,TRIP12,NCBI
608,55737,gene/protein,VPS35,NCBI
609,4919,gene/protein,ROR1,NCBI
610,2534,gene/protein,FYN,NCBI
611,351,gene/protein,APP,NCBI
614,5702,gene/protein,PSMC3,NCBI
615,5693,gene/protein,PSMB5,NCBI
616,7188,gene/protein,TRAF5,NCBI
617,6241,gene/protein,RRM2,NCBI
625,3575,gene/protein,IL7R,NCBI
626,26038,gene/protein,CHD5,NCBI
630,813,gene/protein,CALU,NCBI
631,11186,gene/protein,RASSF1,NCBI
632,3659,gene/protein,IRF1,NCBI
633,3660,gene/protein,IRF2,NCBI
635,9218,gene/protein,VAPA,NCBI
637,5725,gene/protein,PTBP1,NCBI
639,5791,gene/protein,PTPRE,NCBI
641,346,gene/protein,APOC4,NCBI
642,2706,gene/protein,GJB2,NCBI
644,5523,gene/protein,PPP2R3A,NCBI
645,8467,gene/protein,SMARCA5,NCBI
647,8048,gene/protein,CSRP3,NCBI
649,10097,gene/protein,ACTR2,NCBI
651,5566,gene/protein,PRKACA,NCBI
652,226,gene/protein,ALDOA,NCBI
654,8027,gene/protein,STAM,NCBI
656,2774,gene/protein,GNAL,NCBI
657,1671,gene/protein,DEFA6,NCBI
659,9317,gene/protein,PTER,NCBI
660,6139,gene/protein,RPL17,NCBI
662,5886,gene/protein,RAD23A,NCBI
663,5987,gene/protein,TRIM27,NCBI
664,6128,gene/protein,RPL6,NCBI
665,7132,gene/protein,TNFRSF1A,NCBI
666,2067,gene/protein,ERCC1,NCBI
667,2305,gene/protein,FOXM1,NCBI
668,2516,gene/protein,NR5A1,NCBI
669,10179,gene/protein,RBM7,NCBI
670,3895,gene/protein,KTN1,NCBI
672,4824,gene/protein,NKX3-1,NCBI
674,3068,gene/protein,HDGF,NCBI
676,2185,gene/protein,PTK2B,NCBI
679,9131,gene/protein,AIFM1,NCBI
680,2235,gene/protein,FECH,NCBI
681,7088,gene/protein,TLE1,NCBI
682,6310,gene/protein,ATXN1,NCBI
683,3164,gene/protein,NR4A1,NCBI
686,1154,gene/protein,CISH,NCBI
687,7913,gene/protein,DEK,NCBI
690,4800,gene/protein,NFYA,NCBI
691,975,gene/protein,CD81,NCBI
692,5698,gene/protein,PSMB9,NCBI
695,2074,gene/protein,ERCC6,NCBI
697,1558,gene/protein,CYP2C8,NCBI
698,48,gene/protein,ACO1,NCBI
699,331,gene/protein,XIAP,NCBI
700,8974,gene/protein,P4HA2,NCBI
702,5664,gene/protein,PSEN2,NCBI
703,6157,gene/protein,RPL27A,NCBI
704,8655,gene/protein,DYNLL1,NCBI
706,5916,gene/protein,RARG,NCBI
708,4286,gene/protein,MITF,NCBI
709,7037,gene/protein,TFRC,NCBI
711,9463,gene/protein,PICK1,NCBI
714,7046,gene/protein,TGFBR1,NCBI
715,4629,gene/protein,MYH11,NCBI
717,6133,gene/protein,RPL9,NCBI
718,5795,gene/protein,PTPRJ,NCBI
720,5739,gene/protein,PTGIR,NCBI
722,1967,gene/protein,EIF2B1,NCBI
726,1616,gene/protein,DAXX,NCBI
728,9821,gene/protein,RB1CC1,NCBI
729,6774,gene/protein,STAT3,NCBI
730,8831,gene/protein,SYNGAP1,NCBI
731,946,gene/protein,SIGLEC6,NCBI
733,51564,gene/protein,HDAC7,NCBI
735,3549,gene/protein,IHH,NCBI
738,6629,gene/protein,SNRPB2,NCBI
740,5914,gene/protein,RARA,NCBI
742,4654,gene/protein,MYOD1,NCBI
743,5663,gene/protein,PSEN1,NCBI
744,10438,gene/protein,C1D,NCBI
745,506,gene/protein,ATP5F1B,NCBI
746,1108,gene/protein,CHD4,NCBI
748,1109,gene/protein,AKR1C4,NCBI
749,7422,gene/protein,VEGFA,NCBI
750,3932,gene/protein,LCK,NCBI
754,3476,gene/protein,IGBP1,NCBI
756,8036,gene/protein,SHOC2,NCBI
758,1727,gene/protein,CYB5R3,NCBI
759,8890,gene/protein,EIF2B4,NCBI
760,5460,gene/protein,POU5F1,NCBI
763,5601,gene/protein,MAPK9,NCBI
764,952,gene/protein,CD38,NCBI
765,6233,gene/protein,RPS27A,NCBI
766,4582,gene/protein,MUC1,NCBI
769,1499,gene/protein,CTNNB1,NCBI
772,5970,gene/protein,RELA,NCBI
773,6426,gene/protein,SRSF1,NCBI
774,1488,gene/protein,CTBP2,NCBI
775,23594,gene/protein,ORC6,NCBI
776,114571,gene/protein,SLC22A9,NCBI
781,817,gene/protein,CAMK2D,NCBI
782,9978,gene/protein,RBX1,NCBI
784,5127,gene/protein,CDK16,NCBI
785,5140,gene/protein,PDE3B,NCBI
786,135228,gene/protein,CD109,NCBI
788,302,gene/protein,ANXA2,NCBI
789,5741,gene/protein,PTH,NCBI
790,338,gene/protein,APOB,NCBI
792,1831,gene/protein,TSC22D3,NCBI
794,7681,gene/protein,MKRN3,NCBI
795,6772,gene/protein,STAT1,NCBI
797,3069,gene/protein,HDLBP,NCBI
798,23085,gene/protein,ERC1,NCBI
799,2247,gene/protein,FGF2,NCBI
801,80196,gene/protein,RNF34,NCBI
802,1021,gene/protein,CDK6,NCBI
803,6606,gene/protein,SMN1,NCBI
804,57666,gene/protein,FBRSL1,NCBI
805,1050,gene/protein,CEBPA,NCBI
809,2972,gene/protein,BRF1,NCBI
812,79759,gene/protein,ZNF668,NCBI
814,10253,gene/protein,SPRY2,NCBI
816,10980,gene/protein,COPS6,NCBI
818,9837,gene/protein,GINS1,NCBI
819,3799,gene/protein,KIF5B,NCBI
822,2064,gene/protein,ERBB2,NCBI
826,1487,gene/protein,CTBP1,NCBI
827,6135,gene/protein,RPL11,NCBI
828,10249,gene/protein,GLYAT,NCBI
830,8899,gene/protein,PRPF4B,NCBI
831,10808,gene/protein,HSPH1,NCBI
832,360,gene/protein,AQP3,NCBI
833,9855,gene/protein,FARP2,NCBI
836,991,gene/protein,CDC20,NCBI
837,1742,gene/protein,DLG4,NCBI
839,1639,gene/protein,DCTN1,NCBI
841,1289,gene/protein,COL5A1,NCBI
843,7185,gene/protein,TRAF1,NCBI
844,6696,gene/protein,SPP1,NCBI
845,7812,gene/protein,CSDE1,NCBI
848,6141,gene/protein,RPL18,NCBI
849,1058,gene/protein,CENPA,NCBI
851,8841,gene/protein,HDAC3,NCBI
852,5034,gene/protein,P4HB,NCBI
854,498,gene/protein,ATP5F1A,NCBI
855,6709,gene/protein,SPTAN1,NCBI
857,1643,gene/protein,DDB2,NCBI
858,4771,gene/protein,NF2,NCBI
860,292,gene/protein,SLC25A5,NCBI
862,3516,gene/protein,RBPJ,NCBI
863,1654,gene/protein,DDX3X,NCBI
864,3358,gene/protein,HTR2C,NCBI
866,5595,gene/protein,MAPK3,NCBI
867,10342,gene/protein,TFG,NCBI
869,2553,gene/protein,GABPB1,NCBI
874,3736,gene/protein,KCNA1,NCBI
875,10403,gene/protein,NDC80,NCBI
878,4607,gene/protein,MYBPC3,NCBI
879,9861,gene/protein,PSMD6,NCBI
880,5339,gene/protein,PLEC,NCBI
882,467,gene/protein,ATF3,NCBI
883,5902,gene/protein,RANBP1,NCBI
884,56342,gene/protein,PPAN,NCBI
885,6137,gene/protein,RPL13,NCBI
887,2923,gene/protein,PDIA3,NCBI
889,6143,gene/protein,RPL19,NCBI
890,1452,gene/protein,CSNK1A1,NCBI
892,9219,gene/protein,MTA2,NCBI
893,4087,gene/protein,SMAD2,NCBI
897,5357,gene/protein,PLS1,NCBI
899,115265,gene/protein,DDIT4L,NCBI
901,27347,gene/protein,STK39,NCBI
902,5599,gene/protein,MAPK8,NCBI
904,4163,gene/protein,MCC,NCBI
905,6193,gene/protein,RPS5,NCBI
907,5153,gene/protein,PDE1B,NCBI
908,392,gene/protein,ARHGAP1,NCBI
910,30011,gene/protein,SH3KBP1,NCBI
912,6498,gene/protein,SKIL,NCBI
913,5435,gene/protein,POLR2F,NCBI
915,9277,gene/protein,WDR46,NCBI
917,6191,gene/protein,RPS4X,NCBI
918,3304,gene/protein,HSPA1B,NCBI
919,1284,gene/protein,COL4A2,NCBI
920,10544,gene/protein,PROCR,NCBI
923,10728,gene/protein,PTGES3,NCBI
924,170392,gene/protein,OIT3,NCBI
928,2556,gene/protein,GABRA3,NCBI
929,1896,gene/protein,EDA,NCBI
934,64221,gene/protein,ROBO3,NCBI
936,5607,gene/protein,MAP2K5,NCBI
938,1642,gene/protein,DDB1,NCBI
940,11284,gene/protein,PNKP,NCBI
945,6640,gene/protein,SNTA1,NCBI
949,4869,gene/protein,NPM1,NCBI
950,6950,gene/protein,TCP1,NCBI
955,2767,gene/protein,GNA11,NCBI
956,10769,gene/protein,PLK2,NCBI
957,2564,gene/protein,GABRE,NCBI
958,1072,gene/protein,CFL1,NCBI
959,8678,gene/protein,BECN1,NCBI
961,1948,gene/protein,EFNB2,NCBI
964,6386,gene/protein,SDCBP,NCBI
967,5245,gene/protein,PHB,NCBI
968,10207,gene/protein,PATJ,NCBI
970,4860,gene/protein,PNP,NCBI
973,3551,gene/protein,IKBKB,NCBI
974,8836,gene/protein,GGH,NCBI
977,6921,gene/protein,ELOC,NCBI
981,2303,gene/protein,FOXC2,NCBI
982,2551,gene/protein,GABPA,NCBI
983,23237,gene/protein,ARC,NCBI
984,3676,gene/protein,ITGA4,NCBI
985,1020,gene/protein,CDK5,NCBI
986,8784,gene/protein,TNFRSF18,NCBI
988,5894,gene/protein,RAF1,NCBI
989,5468,gene/protein,PPARG,NCBI
991,5997,gene/protein,RGS2,NCBI
992,23421,gene/protein,ITGB3BP,NCBI
993,10537,gene/protein,UBD,NCBI
994,4192,gene/protein,MDK,NCBI
995,182,gene/protein,JAG1,NCBI
998,9586,gene/protein,CREB5,NCBI
999,4007,gene/protein,PRICKLE3,NCBI
1001,3621,gene/protein,ING1,NCBI
1002,6777,gene/protein,STAT5B,NCBI
1004,3553,gene/protein,IL1B,NCBI
1007,5027,gene/protein,P2RX7,NCBI
1008,84281,gene/protein,C2orf88,NCBI
1012,2668,gene/protein,GDNF,NCBI
1013,2158,gene/protein,F9,NCBI
1014,1950,gene/protein,EGF,NCBI
1015,4601,gene/protein,MXI1,NCBI
1016,5591,gene/protein,PRKDC,NCBI
1017,2873,gene/protein,GPS1,NCBI
1018,23624,gene/protein,CBLC,NCBI
1019,6721,gene/protein,SREBF2,NCBI
1020,3728,gene/protein,JUP,NCBI
1025,6637,gene/protein,SNRPG,NCBI
1026,5515,gene/protein,PPP2CA,NCBI
1029,7507,gene/protein,XPA,NCBI
1031,26330,gene/protein,GAPDHS,NCBI
1036,64061,gene/protein,TSPYL2,NCBI
1037,3934,gene/protein,LCN2,NCBI
1039,1687,gene/protein,GSDME,NCBI
1044,3357,gene/protein,HTR2B,NCBI
1045,945,gene/protein,CD33,NCBI
1046,3054,gene/protein,HCFC1,NCBI
1047,1350,gene/protein,COX7C,NCBI
1048,2,gene/protein,A2M,NCBI
1049,785,gene/protein,CACNB4,NCBI
1050,3309,gene/protein,HSPA5,NCBI
1052,7168,gene/protein,TPM1,NCBI
1054,9774,gene/protein,BCLAF1,NCBI
1057,207,gene/protein,AKT1,NCBI
1062,6041,gene/protein,RNASEL,NCBI
1063,6880,gene/protein,TAF9,NCBI
1064,5966,gene/protein,REL,NCBI
1066,3480,gene/protein,IGF1R,NCBI
1069,815,gene/protein,CAMK2A,NCBI
1070,4522,gene/protein,MTHFD1,NCBI
1072,9817,gene/protein,KEAP1,NCBI
1073,2782,gene/protein,GNB1,NCBI
1074,1163,gene/protein,CKS1B,NCBI
1079,5104,gene/protein,SERPINA5,NCBI
1080,2091,gene/protein,FBL,NCBI
1082,2188,gene/protein,FANCF,NCBI
1083,3312,gene/protein,HSPA8,NCBI
1084,5692,gene/protein,PSMB4,NCBI
1085,8260,gene/protein,NAA10,NCBI
1089,10919,gene/protein,EHMT2,NCBI
1091,948,gene/protein,CD36,NCBI
1093,3043,gene/protein,HBB,NCBI
1094,5021,gene/protein,OXTR,NCBI
1095,3008,gene/protein,H1-4,NCBI
1097,3065,gene/protein,HDAC1,NCBI
1098,5978,gene/protein,REST,NCBI
1101,1003,gene/protein,CDH5,NCBI
1103,527,gene/protein,ATP6V0C,NCBI
1104,558,gene/protein,AXL,NCBI
1106,4291,gene/protein,MLF1,NCBI
1107,10363,gene/protein,HMG20A,NCBI
1108,9440,gene/protein,MED17,NCBI
1112,10376,gene/protein,TUBA1B,NCBI
1114,26,gene/protein,AOC1,NCBI
1115,10551,gene/protein,AGR2,NCBI
1116,25970,gene/protein,SH2B1,NCBI
1117,3055,gene/protein,HCK,NCBI
1118,7083,gene/protein,TK1,NCBI
1119,3608,gene/protein,ILF2,NCBI
1120,5428,gene/protein,POLG,NCBI
1121,7267,gene/protein,TTC3,NCBI
1122,5465,gene/protein,PPARA,NCBI
1124,8398,gene/protein,PLA2G6,NCBI
1125,23541,gene/protein,SEC14L2,NCBI
1126,4001,gene/protein,LMNB1,NCBI
1127,1191,gene/protein,CLU,NCBI
1129,6934,gene/protein,TCF7L2,NCBI
1136,7533,gene/protein,YWHAH,NCBI
1137,10015,gene/protein,PDCD6IP,NCBI
1138,6817,gene/protein,SULT1A1,NCBI
1139,581,gene/protein,BAX,NCBI
1143,27086,gene/protein,FOXP1,NCBI
1144,57120,gene/protein,GOPC,NCBI
1146,1398,gene/protein,CRK,NCBI
1148,629,gene/protein,CFB,NCBI
1151,4790,gene/protein,NFKB1,NCBI
1153,7508,gene/protein,XPC,NCBI
1154,54903,gene/protein,MKS1,NCBI
1155,5947,gene/protein,RBP1,NCBI
1156,1182,gene/protein,CLCN3,NCBI
1157,28965,gene/protein,SLC27A6,NCBI
1159,4066,gene/protein,LYL1,NCBI
1161,3594,gene/protein,IL12RB1,NCBI
1162,4090,gene/protein,SMAD5,NCBI
1163,27020,gene/protein,NPTN,NCBI
1164,1938,gene/protein,EEF2,NCBI
1165,778,gene/protein,CACNA1F,NCBI
1167,2029,gene/protein,ENSA,NCBI
1168,1026,gene/protein,CDKN1A,NCBI
1170,6714,gene/protein,SRC,NCBI
1171,10855,gene/protein,HPSE,NCBI
1173,845,gene/protein,CASQ2,NCBI
1174,1045,gene/protein,CDX2,NCBI
1175,22858,gene/protein,CILK1,NCBI
1177,1198,gene/protein,CLK3,NCBI
1180,1875,gene/protein,E2F5,NCBI
1181,5888,gene/protein,RAD51,NCBI
1182,7391,gene/protein,USF1,NCBI
1183,688,gene/protein,KLF5,NCBI
1184,5518,gene/protein,PPP2R1A,NCBI
1185,9570,gene/protein,GOSR2,NCBI
1186,883,gene/protein,KYAT1,NCBI
1187,6203,gene/protein,RPS9,NCBI
1188,2879,gene/protein,GPX4,NCBI
1190,9695,gene/protein,EDEM1,NCBI
1192,3783,gene/protein,KCNN4,NCBI
1195,1627,gene/protein,DBN1,NCBI
1196,1613,gene/protein,DAPK3,NCBI
1197,2859,gene/protein,GPR35,NCBI
1198,3651,gene/protein,PDX1,NCBI
1199,660,gene/protein,BMX,NCBI
1200,80328,gene/protein,ULBP2,NCBI
1201,10059,gene/protein,DNM1L,NCBI
1202,113878,gene/protein,DTX2,NCBI
1203,51084,gene/protein,CRYL1,NCBI
1204,10155,gene/protein,TRIM28,NCBI
1205,10381,gene/protein,TUBB3,NCBI
1207,7417,gene/protein,VDAC2,NCBI
1211,4004,gene/protein,LMO1,NCBI
1212,6944,gene/protein,VPS72,NCBI
1214,259,gene/protein,AMBP,NCBI
1216,2192,gene/protein,FBLN1,NCBI
1219,10439,gene/protein,OLFM1,NCBI
1220,80273,gene/protein,GRPEL1,NCBI
1221,3784,gene/protein,KCNQ1,NCBI
1222,56997,gene/protein,COQ8A,NCBI
1223,60412,gene/protein,EXOC4,NCBI
1224,23020,gene/protein,SNRNP200,NCBI
1226,10892,gene/protein,MALT1,NCBI
1228,79068,gene/protein,FTO,NCBI
1229,657,gene/protein,BMPR1A,NCBI
1231,23741,gene/protein,EID1,NCBI
1233,3927,gene/protein,LASP1,NCBI
1234,10197,gene/protein,PSME3,NCBI
1235,23600,gene/protein,AMACR,NCBI
1236,330,gene/protein,BIRC3,NCBI
1237,998,gene/protein,CDC42,NCBI
1238,3661,gene/protein,IRF3,NCBI
1239,4261,gene/protein,CIITA,NCBI
1246,2891,gene/protein,GRIA2,NCBI
1248,5689,gene/protein,PSMB1,NCBI
1249,53615,gene/protein,MBD3,NCBI
1250,4005,gene/protein,LMO2,NCBI
1252,708,gene/protein,C1QBP,NCBI
1253,9319,gene/protein,TRIP13,NCBI
1254,84790,gene/protein,TUBA1C,NCBI
1255,6418,gene/protein,SET,NCBI
1256,1489,gene/protein,CTF1,NCBI
1257,22907,gene/protein,DHX30,NCBI
1258,2213,gene/protein,FCGR2B,NCBI
1259,6804,gene/protein,STX1A,NCBI
1260,3956,gene/protein,LGALS1,NCBI
1261,25816,gene/protein,TNFAIP8,NCBI
1262,9538,gene/protein,EI24,NCBI
1264,2189,gene/protein,FANCG,NCBI
1269,7277,gene/protein,TUBA4A,NCBI
1270,189,gene/protein,AGXT,NCBI
1271,8379,gene/protein,MAD1L1,NCBI
1273,4802,gene/protein,NFYC,NCBI
1276,8030,gene/protein,CCDC6,NCBI
1281,1562,gene/protein,CYP2C18,NCBI
1283,1031,gene/protein,CDKN2C,NCBI
1284,5720,gene/protein,PSME1,NCBI
1286,1612,gene/protein,DAPK1,NCBI
1287,25932,gene/protein,CLIC4,NCBI
1289,4887,gene/protein,NPY2R,NCBI
1295,5493,gene/protein,PPL,NCBI
1296,3094,gene/protein,HINT1,NCBI
1298,2263,gene/protein,FGFR2,NCBI
1299,3587,gene/protein,IL10RA,NCBI
1300,11277,gene/protein,TREX1,NCBI
1303,3198,gene/protein,HOXA1,NCBI
1305,7283,gene/protein,TUBG1,NCBI
1307,3200,gene/protein,HOXA3,NCBI
1309,1075,gene/protein,CTSC,NCBI
1310,664,gene/protein,BNIP3,NCBI
1311,6531,gene/protein,SLC6A3,NCBI
1312,410,gene/protein,ARSA,NCBI
1313,6472,gene/protein,SHMT2,NCBI
1314,5885,gene/protein,RAD21,NCBI
1315,8894,gene/protein,EIF2S2,NCBI
1317,29978,gene/protein,UBQLN2,NCBI
1318,1196,gene/protein,CLK2,NCBI
1319,23405,gene/protein,DICER1,NCBI
1320,7086,gene/protein,TKT,NCBI
1322,9474,gene/protein,ATG5,NCBI
1326,8556,gene/protein,CDC14A,NCBI
1327,5753,gene/protein,PTK6,NCBI
1328,9722,gene/protein,NOS1AP,NCBI
1330,4026,gene/protein,LPP,NCBI
1332,5335,gene/protein,PLCG1,NCBI
1333,1974,gene/protein,EIF4A2,NCBI
1335,816,gene/protein,CAMK2B,NCBI
1340,5071,gene/protein,PRKN,NCBI
1341,9262,gene/protein,STK17B,NCBI
1342,2237,gene/protein,FEN1,NCBI
1343,6603,gene/protein,SMARCD2,NCBI
1345,996,gene/protein,CDC27,NCBI
1349,4642,gene/protein,MYO1D,NCBI
1350,1387,gene/protein,CREBBP,NCBI
1352,30817,gene/protein,ADGRE2,NCBI
1356,4171,gene/protein,MCM2,NCBI
1357,7260,gene/protein,EIPR1,NCBI
1359,965,gene/protein,CD58,NCBI
1361,6634,gene/protein,SNRPD3,NCBI
1362,5580,gene/protein,PRKCD,NCBI
1363,23294,gene/protein,ANKS1A,NCBI
1365,4694,gene/protein,NDUFA1,NCBI
1366,4633,gene/protein,MYL2,NCBI
1367,5892,gene/protein,RAD51D,NCBI
1370,2533,gene/protein,FYB1,NCBI
1373,2100,gene/protein,ESR2,NCBI
1377,3006,gene/protein,H1-2,NCBI
1379,5592,gene/protein,PRKG1,NCBI
1384,134829,gene/protein,CLVS2,NCBI
1385,55170,gene/protein,PRMT6,NCBI
1387,9054,gene/protein,NFS1,NCBI
1388,4085,gene/protein,MAD2L1,NCBI
1390,4795,gene/protein,NFKBIL1,NCBI
1391,10158,gene/protein,PDZK1IP1,NCBI
1394,1114,gene/protein,CHGB,NCBI
1395,7052,gene/protein,TGM2,NCBI
1398,2119,gene/protein,ETV5,NCBI
1400,51203,gene/protein,NUSAP1,NCBI
1403,27295,gene/protein,PDLIM3,NCBI
1405,57185,gene/protein,NIPAL3,NCBI
1407,3841,gene/protein,KPNA5,NCBI
1409,2819,gene/protein,GPD1,NCBI
1410,3716,gene/protein,JAK1,NCBI
1411,11281,gene/protein,POU6F2,NCBI
1412,1263,gene/protein,PLK3,NCBI
1417,8895,gene/protein,CPNE3,NCBI
1418,28999,gene/protein,KLF15,NCBI
1421,51574,gene/protein,LARP7,NCBI
1422,1975,gene/protein,EIF4B,NCBI
1423,91,gene/protein,ACVR1B,NCBI
1424,866,gene/protein,SERPINA6,NCBI
1425,55388,gene/protein,MCM10,NCBI
1426,26136,gene/protein,TES,NCBI
1428,51660,gene/protein,MPC1,NCBI
1430,51090,gene/protein,PLLP,NCBI
1432,6554,gene/protein,SLC10A1,NCBI
1433,51280,gene/protein,GOLM1,NCBI
1437,7325,gene/protein,UBE2E2,NCBI
1440,4641,gene/protein,MYO1C,NCBI
1441,2322,gene/protein,FLT3,NCBI
1442,9638,gene/protein,FEZ1,NCBI
1443,8930,gene/protein,MBD4,NCBI
1444,5318,gene/protein,PKP2,NCBI
1447,5597,gene/protein,MAPK6,NCBI
1448,3853,gene/protein,KRT6A,NCBI
1453,1794,gene/protein,DOCK2,NCBI
1454,6122,gene/protein,RPL3,NCBI
1455,3329,gene/protein,HSPD1,NCBI
1457,10476,gene/protein,ATP5PD,NCBI
1458,1116,gene/protein,CHI3L1,NCBI
1460,54657,gene/protein,UGT1A4,NCBI
1461,54585,gene/protein,LZTFL1,NCBI
1462,2494,gene/protein,NR5A2,NCBI
1466,8318,gene/protein,CDC45,NCBI
1469,2043,gene/protein,EPHA4,NCBI
1471,1187,gene/protein,CLCNKA,NCBI
1475,6303,gene/protein,SAT1,NCBI
1476,3868,gene/protein,KRT16,NCBI
1478,7884,gene/protein,SLBP,NCBI
1479,2309,gene/protein,FOXO3,NCBI
1480,9370,gene/protein,ADIPOQ,NCBI
1485,4210,gene/protein,MEFV,NCBI
1488,84522,gene/protein,JAGN1,NCBI
1490,6136,gene/protein,RPL12,NCBI
1491,7782,gene/protein,SLC30A4,NCBI
1492,1993,gene/protein,ELAVL2,NCBI
1493,4914,gene/protein,NTRK1,NCBI
1494,154,gene/protein,ADRB2,NCBI
1495,7414,gene/protein,VCL,NCBI
1496,2547,gene/protein,XRCC6,NCBI
1497,2950,gene/protein,GSTP1,NCBI
1500,919,gene/protein,CD247,NCBI
1502,9869,gene/protein,SETDB1,NCBI
1503,8434,gene/protein,RECK,NCBI
1504,1445,gene/protein,CSK,NCBI
1505,8991,gene/protein,SELENBP1,NCBI
1508,7112,gene/protein,TMPO,NCBI
1509,10948,gene/protein,STARD3,NCBI
1510,4602,gene/protein,MYB,NCBI
1512,6124,gene/protein,RPL4,NCBI
1513,9099,gene/protein,USP2,NCBI
1514,6280,gene/protein,S100A9,NCBI
1515,5445,gene/protein,PON2,NCBI
1516,2081,gene/protein,ERN1,NCBI
1518,6155,gene/protein,RPL27,NCBI
1520,4015,gene/protein,LOX,NCBI
1521,6361,gene/protein,CCL17,NCBI
1523,974,gene/protein,CD79B,NCBI
1525,1192,gene/protein,CLIC1,NCBI
1526,2274,gene/protein,FHL2,NCBI
1528,4342,gene/protein,MOS,NCBI
1529,4216,gene/protein,MAP3K4,NCBI
1530,613,gene/protein,BCR,NCBI
1531,6908,gene/protein,TBP,NCBI
1533,3572,gene/protein,IL6ST,NCBI
1534,7416,gene/protein,VDAC1,NCBI
1535,30061,gene/protein,SLC40A1,NCBI
1536,30818,gene/protein,KCNIP3,NCBI
1537,4093,gene/protein,SMAD9,NCBI
1538,5533,gene/protein,PPP3CC,NCBI
1539,3225,gene/protein,HOXC9,NCBI
1540,2806,gene/protein,GOT2,NCBI
1541,1329,gene/protein,COX5B,NCBI
1542,2803,gene/protein,GOLGA4,NCBI
1544,8000,gene/protein,PSCA,NCBI
1545,1316,gene/protein,KLF6,NCBI
1549,6297,gene/protein,SALL2,NCBI
1551,1942,gene/protein,EFNA1,NCBI
1552,4193,gene/protein,MDM2,NCBI
1553,3798,gene/protein,KIF5A,NCBI
1554,8735,gene/protein,MYH13,NCBI
1556,3678,gene/protein,ITGA5,NCBI
1557,2200,gene/protein,FBN1,NCBI
1558,2475,gene/protein,MTOR,NCBI
1559,2625,gene/protein,GATA3,NCBI
1560,11060,gene/protein,WWP2,NCBI
1564,23765,gene/protein,IL17RA,NCBI
1567,3569,gene/protein,IL6,NCBI
1570,10810,gene/protein,WASF3,NCBI
1573,1436,gene/protein,CSF1R,NCBI
1574,6196,gene/protein,RPS6KA2,NCBI
1578,1326,gene/protein,MAP3K8,NCBI
1580,643,gene/protein,CXCR5,NCBI
1581,6844,gene/protein,VAMP2,NCBI
1587,9051,gene/protein,PSTPIP1,NCBI
1588,2781,gene/protein,GNAZ,NCBI
1591,7517,gene/protein,XRCC3,NCBI
1592,3117,gene/protein,HLA-DQA1,NCBI
1593,54880,gene/protein,BCOR,NCBI
1595,27037,gene/protein,TRMT2A,NCBI
1598,4939,gene/protein,OAS2,NCBI
1600,4089,gene/protein,SMAD4,NCBI
1601,863,gene/protein,CBFA2T3,NCBI
1604,6521,gene/protein,SLC4A1,NCBI
1605,6625,gene/protein,SNRNP70,NCBI
1606,3315,gene/protein,HSPB1,NCBI
1607,8645,gene/protein,KCNK5,NCBI
1608,11051,gene/protein,NUDT21,NCBI
1609,940,gene/protein,CD28,NCBI
1610,5935,gene/protein,RBM3,NCBI
1611,7067,gene/protein,THRA,NCBI
1617,51361,gene/protein,HOOK1,NCBI
1618,3717,gene/protein,JAK2,NCBI
1621,7284,gene/protein,TUFM,NCBI
1624,7348,gene/protein,UPK1B,NCBI
1625,7431,gene/protein,VIM,NCBI
1626,6904,gene/protein,TBCD,NCBI
1632,1062,gene/protein,CENPE,NCBI
1633,6654,gene/protein,SOS1,NCBI
1639,5993,gene/protein,RFX5,NCBI
1641,5290,gene/protein,PIK3CA,NCBI
1643,3192,gene/protein,HNRNPU,NCBI
1644,5565,gene/protein,PRKAB2,NCBI
1646,4830,gene/protein,NME1,NCBI
1648,701,gene/protein,BUB1B,NCBI
1650,4128,gene/protein,MAOA,NCBI
1654,7850,gene/protein,IL1R2,NCBI
1658,23214,gene/protein,XPO6,NCBI
1659,148,gene/protein,ADRA1A,NCBI
1661,7704,gene/protein,ZBTB16,NCBI
1662,960,gene/protein,CD44,NCBI
1665,814,gene/protein,CAMK4,NCBI
1666,70,gene/protein,ACTC1,NCBI
1667,7022,gene/protein,TFAP2C,NCBI
1669,1288,gene/protein,COL4A6,NCBI
1670,9061,gene/protein,PAPSS1,NCBI
1671,5294,gene/protein,PIK3CG,NCBI
1672,3790,gene/protein,KCNS3,NCBI
1673,50618,gene/protein,ITSN2,NCBI
1676,23500,gene/protein,DAAM2,NCBI
1682,6663,gene/protein,SOX10,NCBI
1683,1969,gene/protein,EPHA2,NCBI
1684,51114,gene/protein,ZDHHC9,NCBI
1687,2260,gene/protein,FGFR1,NCBI
1691,471,gene/protein,ATIC,NCBI
1692,4287,gene/protein,ATXN3,NCBI
1693,369,gene/protein,ARAF,NCBI
1694,177,gene/protein,AGER,NCBI
1699,27248,gene/protein,ERLEC1,NCBI
1700,2063,gene/protein,NR2F6,NCBI
1704,10562,gene/protein,OLFM4,NCBI
1705,5588,gene/protein,PRKCQ,NCBI
1706,38,gene/protein,ACAT1,NCBI
1707,215,gene/protein,ABCD1,NCBI
1709,7476,gene/protein,WNT7A,NCBI
1710,5696,gene/protein,PSMB8,NCBI
1715,5396,gene/protein,PRRX1,NCBI
1717,51510,gene/protein,CHMP5,NCBI
1719,3202,gene/protein,HOXA5,NCBI
1721,2629,gene/protein,GBA,NCBI
1722,5340,gene/protein,PLG,NCBI
1724,6427,gene/protein,SRSF2,NCBI
1725,3614,gene/protein,IMPDH1,NCBI
1726,328,gene/protein,APEX1,NCBI
1727,4300,gene/protein,MLLT3,NCBI
1729,9349,gene/protein,RPL23,NCBI
1730,1400,gene/protein,CRMP1,NCBI
1732,3859,gene/protein,KRT12,NCBI
1733,311,gene/protein,ANXA11,NCBI
1734,4691,gene/protein,NCL,NCBI
1735,6599,gene/protein,SMARCC1,NCBI
1738,2593,gene/protein,GAMT,NCBI
1739,3028,gene/protein,HSD17B10,NCBI
1740,18,gene/protein,ABAT,NCBI
1741,718,gene/protein,C3,NCBI
1742,2068,gene/protein,ERCC2,NCBI
1744,1785,gene/protein,DNM2,NCBI
1746,9217,gene/protein,VAPB,NCBI
1747,5609,gene/protein,MAP2K7,NCBI
1748,595,gene/protein,CCND1,NCBI
1749,7150,gene/protein,TOP1,NCBI
1750,51701,gene/protein,NLK,NCBI
1751,7171,gene/protein,TPM4,NCBI
1754,1840,gene/protein,DTX1,NCBI
1757,23512,gene/protein,SUZ12,NCBI
1760,5443,gene/protein,POMC,NCBI
1762,274,gene/protein,BIN1,NCBI
1766,3087,gene/protein,HHEX,NCBI
1770,7097,gene/protein,TLR2,NCBI
1771,9045,gene/protein,RPL14,NCBI
1772,5577,gene/protein,PRKAR2B,NCBI
1774,9126,gene/protein,SMC3,NCBI
1775,1717,gene/protein,DHCR7,NCBI
1777,8924,gene/protein,HERC2,NCBI
1778,3646,gene/protein,EIF3E,NCBI
1781,4851,gene/protein,NOTCH1,NCBI
1782,4288,gene/protein,MKI67,NCBI
1783,5052,gene/protein,PRDX1,NCBI
1785,7157,gene/protein,TP53,NCBI
1787,10144,gene/protein,FAM13A,NCBI
1788,8405,gene/protein,SPOP,NCBI
1789,10529,gene/protein,NEBL,NCBI
1796,7158,gene/protein,TP53BP1,NCBI
1798,1496,gene/protein,CTNNA2,NCBI
1803,3611,gene/protein,ILK,NCBI
1804,10286,gene/protein,BCAS2,NCBI
1805,818,gene/protein,CAMK2G,NCBI
1806,7531,gene/protein,YWHAE,NCBI
1807,1605,gene/protein,DAG1,NCBI
1809,25873,gene/protein,RPL36,NCBI
1810,3360,gene/protein,HTR4,NCBI
1811,9373,gene/protein,PLAA,NCBI
1812,7374,gene/protein,UNG,NCBI
1814,9212,gene/protein,AURKB,NCBI
1815,5292,gene/protein,PIM1,NCBI
1817,6919,gene/protein,TCEA2,NCBI
1818,6300,gene/protein,MAPK12,NCBI
1820,23607,gene/protein,CD2AP,NCBI
1821,10763,gene/protein,NES,NCBI
1823,1472,gene/protein,CST4,NCBI
1827,10221,gene/protein,TRIB1,NCBI
1829,1459,gene/protein,CSNK2A2,NCBI
1831,5604,gene/protein,MAP2K1,NCBI
1832,4283,gene/protein,CXCL9,NCBI
1833,1961,gene/protein,EGR4,NCBI
1836,2289,gene/protein,FKBP5,NCBI
1840,5905,gene/protein,RANGAP1,NCBI
1842,645,gene/protein,BLVRB,NCBI
1843,3106,gene/protein,HLA-B,NCBI
1845,6722,gene/protein,SRF,NCBI
1848,4035,gene/protein,LRP1,NCBI
1850,1653,gene/protein,DDX1,NCBI
1852,5429,gene/protein,POLH,NCBI
1857,433,gene/protein,ASGR2,NCBI
1859,4759,gene/protein,NEU2,NCBI
1861,8322,gene/protein,FZD4,NCBI
1863,2670,gene/protein,GFAP,NCBI
1864,6646,gene/protein,SOAT1,NCBI
1866,6622,gene/protein,SNCA,NCBI
1868,26585,gene/protein,GREM1,NCBI
1869,10935,gene/protein,PRDX3,NCBI
1870,23197,gene/protein,FAF2,NCBI
1871,5501,gene/protein,PPP1CC,NCBI
1872,7324,gene/protein,UBE2E1,NCBI
1873,5144,gene/protein,PDE4D,NCBI
1874,2243,gene/protein,FGA,NCBI
1876,4915,gene/protein,NTRK2,NCBI
1878,7802,gene/protein,DNALI1,NCBI
1884,9049,gene/protein,AIP,NCBI
1887,9531,gene/protein,BAG3,NCBI
1888,9253,gene/protein,NUMBL,NCBI
1891,2993,gene/protein,GYPA,NCBI
1892,53353,gene/protein,LRP1B,NCBI
1893,5108,gene/protein,PCM1,NCBI
1894,1278,gene/protein,COL1A2,NCBI
1895,1232,gene/protein,CCR3,NCBI
1897,462,gene/protein,SERPINC1,NCBI
1898,9550,gene/protein,ATP6V1G1,NCBI
1899,1738,gene/protein,DLD,NCBI
1900,56950,gene/protein,SMYD2,NCBI
1902,55120,gene/protein,FANCL,NCBI
1904,3777,gene/protein,KCNK3,NCBI
1905,1301,gene/protein,COL11A1,NCBI
1906,4925,gene/protein,NUCB2,NCBI
1908,4835,gene/protein,NQO2,NCBI
1910,9820,gene/protein,CUL7,NCBI
1912,6366,gene/protein,CCL21,NCBI
1914,604,gene/protein,BCL6,NCBI
1915,84632,gene/protein,AFAP1L2,NCBI
1916,10989,gene/protein,IMMT,NCBI
1917,867,gene/protein,CBL,NCBI
1918,9146,gene/protein,HGS,NCBI
1922,1132,gene/protein,CHRM4,NCBI
1925,22848,gene/protein,AAK1,NCBI
1926,6256,gene/protein,RXRA,NCBI
1927,2890,gene/protein,GRIA1,NCBI
1928,5265,gene/protein,SERPINA1,NCBI
1929,5366,gene/protein,PMAIP1,NCBI
1931,4792,gene/protein,NFKBIA,NCBI
1932,29086,gene/protein,BABAM1,NCBI
1934,7994,gene/protein,KAT6A,NCBI
1935,4719,gene/protein,NDUFS1,NCBI
1939,6997,gene/protein,TDGF1,NCBI
1940,146,gene/protein,ADRA1D,NCBI
1942,1144,gene/protein,CHRND,NCBI
1943,10468,gene/protein,FST,NCBI
1944,6352,gene/protein,CCL5,NCBI
1945,4752,gene/protein,NEK3,NCBI
1947,7059,gene/protein,THBS3,NCBI
1948,6201,gene/protein,RPS7,NCBI
1949,2176,gene/protein,FANCC,NCBI
1953,4741,gene/protein,NEFM,NCBI
1955,546,gene/protein,ATRX,NCBI
1958,7203,gene/protein,CCT3,NCBI
1964,3713,gene/protein,IVL,NCBI
1965,5786,gene/protein,PTPRA,NCBI
1967,2051,gene/protein,EPHB6,NCBI
1968,805,gene/protein,CALM2,NCBI
1969,6558,gene/protein,SLC12A2,NCBI
1970,468,gene/protein,ATF4,NCBI
1973,93,gene/protein,ACVR2B,NCBI
1974,51053,gene/protein,GMNN,NCBI
1977,916,gene/protein,CD3E,NCBI
1978,8575,gene/protein,PRKRA,NCBI
1980,673,gene/protein,BRAF,NCBI
1983,142680,gene/protein,SLC34A3,NCBI
1986,5770,gene/protein,PTPN1,NCBI
1987,59,gene/protein,ACTA2,NCBI
1988,3455,gene/protein,IFNAR2,NCBI
1990,2212,gene/protein,FCGR2A,NCBI
1992,9075,gene/protein,CLDN2,NCBI
1993,6566,gene/protein,SLC16A1,NCBI
1995,90,gene/protein,ACVR1,NCBI
1996,3763,gene/protein,KCNJ6,NCBI
1998,6453,gene/protein,ITSN1,NCBI
2000,9415,gene/protein,FADS2,NCBI
2001,7803,gene/protein,PTP4A1,NCBI
2002,387,gene/protein,RHOA,NCBI
2003,1408,gene/protein,CRY2,NCBI
2004,3992,gene/protein,FADS1,NCBI
2005,7248,gene/protein,TSC1,NCBI
2009,7353,gene/protein,UFD1,NCBI
2011,51316,gene/protein,PLAC8,NCBI
2012,3577,gene/protein,CXCR1,NCBI
2015,790,gene/protein,CAD,NCBI
2016,3685,gene/protein,ITGAV,NCBI
2017,7421,gene/protein,VDR,NCBI
2019,23764,gene/protein,MAFF,NCBI
2022,9497,gene/protein,SLC4A7,NCBI
2024,5921,gene/protein,RASA1,NCBI
2025,22992,gene/protein,KDM2A,NCBI
2027,860,gene/protein,RUNX2,NCBI
2029,489,gene/protein,ATP2A3,NCBI
2030,2530,gene/protein,FUT8,NCBI
2032,2317,gene/protein,FLNB,NCBI
2033,23408,gene/protein,SIRT5,NCBI
2034,79026,gene/protein,AHNAK,NCBI
2035,6490,gene/protein,PMEL,NCBI
2036,2246,gene/protein,FGF1,NCBI
2037,324,gene/protein,APC,NCBI
2040,8214,gene/protein,DGCR6,NCBI
2043,3320,gene/protein,HSP90AA1,NCBI
2044,7114,gene/protein,TMSB4X,NCBI
2046,3726,gene/protein,JUNB,NCBI
2049,202,gene/protein,CRYBG1,NCBI
2050,30849,gene/protein,PIK3R4,NCBI
2053,1845,gene/protein,DUSP3,NCBI
2055,3920,gene/protein,LAMP2,NCBI
2057,2335,gene/protein,FN1,NCBI
2058,6541,gene/protein,SLC7A1,NCBI
2059,5479,gene/protein,PPIB,NCBI
2060,900,gene/protein,CCNG1,NCBI
2066,3295,gene/protein,HSD17B4,NCBI
2067,26010,gene/protein,SPATS2L,NCBI
2070,116519,gene/protein,APOA5,NCBI
2071,27074,gene/protein,LAMP3,NCBI
2072,6277,gene/protein,S100A6,NCBI
2075,3394,gene/protein,IRF8,NCBI
2077,5864,gene/protein,RAB3A,NCBI
2078,1811,gene/protein,SLC26A3,NCBI
2082,6999,gene/protein,TDO2,NCBI
2083,2034,gene/protein,EPAS1,NCBI
2084,1917,gene/protein,EEF1A2,NCBI
2087,72,gene/protein,ACTG2,NCBI
2088,9562,gene/protein,MINPP1,NCBI
2090,7295,gene/protein,TXN,NCBI
2091,9114,gene/protein,ATP6V0D1,NCBI
2092,3423,gene/protein,IDS,NCBI
2094,3014,gene/protein,H2AX,NCBI
2095,55824,gene/protein,PAG1,NCBI
2096,4204,gene/protein,MECP2,NCBI
2097,8115,gene/protein,TCL1A,NCBI
2098,5836,gene/protein,PYGL,NCBI
2099,335,gene/protein,APOA1,NCBI
2102,5300,gene/protein,PIN1,NCBI
2103,5376,gene/protein,PMP22,NCBI
2104,1027,gene/protein,CDKN1B,NCBI
2108,3815,gene/protein,KIT,NCBI
2111,120892,gene/protein,LRRK2,NCBI
2113,8576,gene/protein,STK16,NCBI
2114,3482,gene/protein,IGF2R,NCBI
2117,5626,gene/protein,PROP1,NCBI
2118,9739,gene/protein,SETD1A,NCBI
2120,2588,gene/protein,GALNS,NCBI
2123,6567,gene/protein,SLC16A2,NCBI
2124,29785,gene/protein,CYP2S1,NCBI
2128,10133,gene/protein,OPTN,NCBI
2131,329,gene/protein,BIRC2,NCBI
2132,27235,gene/protein,COQ2,NCBI
2134,51324,gene/protein,SPG21,NCBI
2137,6210,gene/protein,RPS15A,NCBI
2138,2104,gene/protein,ESRRG,NCBI
2139,10109,gene/protein,ARPC2,NCBI
2140,5296,gene/protein,PIK3R2,NCBI
2142,5152,gene/protein,PDE9A,NCBI
2143,10399,gene/protein,RACK1,NCBI
2144,23028,gene/protein,KDM1A,NCBI
2147,25803,gene/protein,SPDEF,NCBI
2148,7133,gene/protein,TNFRSF1B,NCBI
2149,221,gene/protein,ALDH3B1,NCBI
2150,6092,gene/protein,ROBO2,NCBI
2151,4313,gene/protein,MMP2,NCBI
2152,3308,gene/protein,HSPA4,NCBI
2155,7134,gene/protein,TNNC1,NCBI
2157,2773,gene/protein,GNAI3,NCBI
2158,2159,gene/protein,F10,NCBI
2159,6351,gene/protein,CCL4,NCBI
2160,2324,gene/protein,FLT4,NCBI
2162,3921,gene/protein,RPSA,NCBI
2163,4194,gene/protein,MDM4,NCBI
2164,7020,gene/protein,TFAP2A,NCBI
2165,5164,gene/protein,PDK2,NCBI
2167,8550,gene/protein,MAPKAPK5,NCBI
2169,71,gene/protein,ACTG1,NCBI
2170,51473,gene/protein,DCDC2,NCBI
2171,10527,gene/protein,IPO7,NCBI
2173,22994,gene/protein,CEP131,NCBI
2174,19,gene/protein,ABCA1,NCBI
2175,8242,gene/protein,KDM5C,NCBI
2176,29894,gene/protein,CPSF1,NCBI
2177,84263,gene/protein,HSDL2,NCBI
2182,6812,gene/protein,STXBP1,NCBI
2188,4646,gene/protein,MYO6,NCBI
2189,6731,gene/protein,SRP72,NCBI
2190,3512,gene/protein,JCHAIN,NCBI
2193,6195,gene/protein,RPS6KA1,NCBI
2197,55905,gene/protein,RNF114,NCBI
2198,6598,gene/protein,SMARCB1,NCBI
2203,9901,gene/protein,SRGAP3,NCBI
2207,25792,gene/protein,CIZ1,NCBI
2209,3306,gene/protein,HSPA2,NCBI
2210,3170,gene/protein,FOXA2,NCBI
2212,9202,gene/protein,ZMYM4,NCBI
2213,1213,gene/protein,CLTC,NCBI
2214,800,gene/protein,CALD1,NCBI
2215,1915,gene/protein,EEF1A1,NCBI
2217,145226,gene/protein,RDH12,NCBI
2222,94081,gene/protein,SFXN1,NCBI
2223,821,gene/protein,CANX,NCBI
2225,4502,gene/protein,MT2A,NCBI
2228,2737,gene/protein,GLI3,NCBI
2231,8216,gene/protein,LZTR1,NCBI
2232,1429,gene/protein,CRYZ,NCBI
2234,10269,gene/protein,ZMPSTE24,NCBI
2236,5796,gene/protein,PTPRK,NCBI
2242,5687,gene/protein,PSMA6,NCBI
2243,6348,gene/protein,CCL3,NCBI
2248,9759,gene/protein,HDAC4,NCBI
2249,4361,gene/protein,MRE11,NCBI
2250,6850,gene/protein,SYK,NCBI
2256,5450,gene/protein,POU2AF1,NCBI
2258,1135,gene/protein,CHRNA2,NCBI
2260,5058,gene/protein,PAK1,NCBI
2263,7916,gene/protein,PRRC2A,NCBI
2268,533,gene/protein,ATP6V0B,NCBI
2269,55117,gene/protein,SLC6A15,NCBI
2271,3148,gene/protein,HMGB2,NCBI
2273,8445,gene/protein,DYRK2,NCBI
2274,3991,gene/protein,LIPE,NCBI
2275,5598,gene/protein,MAPK7,NCBI
2276,6729,gene/protein,SRP54,NCBI
2277,80731,gene/protein,THSD7B,NCBI
2278,7169,gene/protein,TPM2,NCBI
2279,22853,gene/protein,LMTK2,NCBI
2281,2120,gene/protein,ETV6,NCBI
2282,9230,gene/protein,RAB11B,NCBI
2283,3133,gene/protein,HLA-E,NCBI
2284,5662,gene/protein,PSD,NCBI
2287,54475,gene/protein,NLE1,NCBI
2288,27185,gene/protein,DISC1,NCBI
2289,7042,gene/protein,TGFB2,NCBI
2290,100,gene/protein,ADA,NCBI
2292,6638,gene/protein,SNRPN,NCBI
2294,10818,gene/protein,FRS2,NCBI
2295,902,gene/protein,CCNH,NCBI
2296,9529,gene/protein,BAG5,NCBI
2297,2048,gene/protein,EPHB2,NCBI
2298,2218,gene/protein,FKTN,NCBI
2300,978,gene/protein,CDA,NCBI
2301,525,gene/protein,ATP6V1B1,NCBI
2303,1998,gene/protein,ELF2,NCBI
2305,1147,gene/protein,CHUK,NCBI
2309,11129,gene/protein,CLASRP,NCBI
2310,5837,gene/protein,PYGM,NCBI
2311,7535,gene/protein,ZAP70,NCBI
2314,10165,gene/protein,SLC25A13,NCBI
2315,51112,gene/protein,TRAPPC12,NCBI
2316,5015,gene/protein,OTX2,NCBI
2317,8065,gene/protein,CUL5,NCBI
2318,3484,gene/protein,IGFBP1,NCBI
2319,301,gene/protein,ANXA1,NCBI
2321,1495,gene/protein,CTNNA1,NCBI
2322,7520,gene/protein,XRCC5,NCBI
2323,4067,gene/protein,LYN,NCBI
2324,5095,gene/protein,PCCA,NCBI
2326,10467,gene/protein,ZNHIT1,NCBI
2328,8740,gene/protein,TNFSF14,NCBI
2329,7124,gene/protein,TNF,NCBI
2331,4638,gene/protein,MYLK,NCBI
2332,8573,gene/protein,CASK,NCBI
2334,26088,gene/protein,GGA1,NCBI
2337,4841,gene/protein,NONO,NCBI
2339,1894,gene/protein,ECT2,NCBI
2345,8243,gene/protein,SMC1A,NCBI
2347,567,gene/protein,B2M,NCBI
2348,2521,gene/protein,FUS,NCBI
2356,9318,gene/protein,COPS2,NCBI
2358,5784,gene/protein,PTPN14,NCBI
2361,3981,gene/protein,LIG4,NCBI
2363,4804,gene/protein,NGFR,NCBI
2366,9282,gene/protein,MED14,NCBI
2368,347,gene/protein,APOD,NCBI
2370,5274,gene/protein,SERPINI1,NCBI
2371,4928,gene/protein,NUP98,NCBI
2372,4017,gene/protein,LOXL2,NCBI
2375,5563,gene/protein,PRKAA2,NCBI
2376,11228,gene/protein,RASSF8,NCBI
2379,57154,gene/protein,SMURF1,NCBI
2381,375056,gene/protein,MIA3,NCBI
2382,1789,gene/protein,DNMT3B,NCBI
2384,1401,gene/protein,CRP,NCBI
2387,6462,gene/protein,SHBG,NCBI
2388,8431,gene/protein,NR0B2,NCBI
2389,1105,gene/protein,CHD1,NCBI
2390,10390,gene/protein,CEPT1,NCBI
2391,421,gene/protein,ARVCF,NCBI
2392,55800,gene/protein,SCN3B,NCBI
2394,6317,gene/protein,SERPINB3,NCBI
2396,23413,gene/protein,NCS1,NCBI
2398,26523,gene/protein,AGO1,NCBI
2400,355,gene/protein,FAS,NCBI
2401,1813,gene/protein,DRD2,NCBI
2402,6182,gene/protein,MRPL12,NCBI
2406,7053,gene/protein,TGM3,NCBI
2407,23650,gene/protein,TRIM29,NCBI
2408,875,gene/protein,CBS,NCBI
2409,9874,gene/protein,TLK1,NCBI
2410,10228,gene/protein,STX6,NCBI
2411,6949,gene/protein,TCOF1,NCBI
2412,868,gene/protein,CBLB,NCBI
2415,6421,gene/protein,SFPQ,NCBI
2417,5350,gene/protein,PLN,NCBI
2418,11130,gene/protein,ZWINT,NCBI
2419,55247,gene/protein,NEIL3,NCBI
2421,26009,gene/protein,ZZZ3,NCBI
2423,4292,gene/protein,MLH1,NCBI
2424,26011,gene/protein,TENM4,NCBI
2426,3002,gene/protein,GZMB,NCBI
2427,5727,gene/protein,PTCH1,NCBI
2428,64699,gene/protein,TMPRSS3,NCBI
2429,596,gene/protein,BCL2,NCBI
2432,7252,gene/protein,TSHB,NCBI
2433,7328,gene/protein,UBE2H,NCBI
2434,538,gene/protein,ATP7A,NCBI
2439,8673,gene/protein,VAMP8,NCBI
2443,7024,gene/protein,TFCP2,NCBI
2447,8503,gene/protein,PIK3R3,NCBI
2448,5160,gene/protein,PDHA1,NCBI
2449,2202,gene/protein,EFEMP1,NCBI
2450,1846,gene/protein,DUSP4,NCBI
2451,11082,gene/protein,ESM1,NCBI
2452,2904,gene/protein,GRIN2B,NCBI
2453,5351,gene/protein,PLOD1,NCBI
2454,54576,gene/protein,UGT1A8,NCBI
2457,8666,gene/protein,EIF3G,NCBI
2458,535,gene/protein,ATP6V0A1,NCBI
2460,6204,gene/protein,RPS10,NCBI
2461,5133,gene/protein,PDCD1,NCBI
2465,2548,gene/protein,GAA,NCBI
2466,943,gene/protein,TNFRSF8,NCBI
2467,6403,gene/protein,SELP,NCBI
2470,10574,gene/protein,CCT7,NCBI
2471,51177,gene/protein,PLEKHO1,NCBI
2472,150,gene/protein,ADRA2A,NCBI
2474,2817,gene/protein,GPC1,NCBI
2475,3425,gene/protein,IDUA,NCBI
2477,8079,gene/protein,MLF2,NCBI
2480,9368,gene/protein,SLC9A3R1,NCBI
2481,1374,gene/protein,CPT1A,NCBI
2485,27036,gene/protein,SIGLEC7,NCBI
2486,5777,gene/protein,PTPN6,NCBI
2488,1977,gene/protein,EIF4E,NCBI
2490,6602,gene/protein,SMARCD1,NCBI
2491,823,gene/protein,CAPN1,NCBI
2493,2771,gene/protein,GNAI2,NCBI
2494,6733,gene/protein,SRPK2,NCBI
2496,11224,gene/protein,RPL35,NCBI
2497,2512,gene/protein,FTL,NCBI
2498,4645,gene/protein,MYO5B,NCBI
2499,128,gene/protein,ADH5,NCBI
2500,6235,gene/protein,RPS29,NCBI
2502,3493,gene/protein,IGHA1,NCBI
2503,9975,gene/protein,NR1D2,NCBI
2504,9968,gene/protein,MED12,NCBI
2505,7068,gene/protein,THRB,NCBI
2506,5452,gene/protein,POU2F2,NCBI
2507,713,gene/protein,C1QB,NCBI
2509,3854,gene/protein,KRT6B,NCBI
2510,2199,gene/protein,FBLN2,NCBI
2511,4297,gene/protein,KMT2A,NCBI
2515,3690,gene/protein,ITGB3,NCBI
2517,5407,gene/protein,PNLIPRP1,NCBI
2518,9698,gene/protein,PUM1,NCBI
2519,9846,gene/protein,GAB2,NCBI
2520,57452,gene/protein,GALNT16,NCBI
2521,5775,gene/protein,PTPN4,NCBI
2522,7159,gene/protein,TP53BP2,NCBI
2526,582,gene/protein,BBS1,NCBI
2531,6915,gene/protein,TBXA2R,NCBI
2533,1407,gene/protein,CRY1,NCBI
2536,55281,gene/protein,TMEM140,NCBI
2537,5048,gene/protein,PAFAH1B1,NCBI
2540,336,gene/protein,APOA2,NCBI
2541,2011,gene/protein,MARK2,NCBI
2542,4613,gene/protein,MYCN,NCBI
2543,999,gene/protein,CDH1,NCBI
2546,440,gene/protein,ASNS,NCBI
2547,6194,gene/protein,RPS6,NCBI
2548,91137,gene/protein,SLC25A46,NCBI
2550,2130,gene/protein,EWSR1,NCBI
2551,5074,gene/protein,PAWR,NCBI
2556,10653,gene/protein,SPINT2,NCBI
2557,3665,gene/protein,IRF7,NCBI
2559,832,gene/protein,CAPZB,NCBI
2561,10736,gene/protein,SIX2,NCBI
2565,57132,gene/protein,CHMP1B,NCBI
2567,5358,gene/protein,PLS3,NCBI
2568,6188,gene/protein,RPS3,NCBI
2569,2812,gene/protein,GP1BB,NCBI
2573,5585,gene/protein,PKN1,NCBI
2575,4140,gene/protein,MARK3,NCBI
2576,29079,gene/protein,MED4,NCBI
2577,5878,gene/protein,RAB5C,NCBI
2579,1493,gene/protein,CTLA4,NCBI
2581,10519,gene/protein,CIB1,NCBI
2584,5371,gene/protein,PML,NCBI
2585,3939,gene/protein,LDHA,NCBI
2587,204,gene/protein,AK2,NCBI
2589,9080,gene/protein,CLDN9,NCBI
2591,6532,gene/protein,SLC6A4,NCBI
2593,8878,gene/protein,SQSTM1,NCBI
2594,57142,gene/protein,RTN4,NCBI
2595,5782,gene/protein,PTPN12,NCBI
2596,5451,gene/protein,POU2F1,NCBI
2601,10772,gene/protein,SRSF10,NCBI
2603,23395,gene/protein,LARS2,NCBI
2604,1113,gene/protein,CHGA,NCBI
2605,3400,gene/protein,ID4,NCBI
2606,341,gene/protein,APOC1,NCBI
2610,6480,gene/protein,ST6GAL1,NCBI
2611,4052,gene/protein,LTBP1,NCBI
2613,25844,gene/protein,YIPF3,NCBI
2616,326,gene/protein,AIRE,NCBI
2617,3558,gene/protein,IL2,NCBI
2618,3654,gene/protein,IRAK1,NCBI
2619,6836,gene/protein,SURF4,NCBI
2621,3845,gene/protein,KRAS,NCBI
2625,3237,gene/protein,HOXD11,NCBI
2626,2444,gene/protein,FRK,NCBI
2629,3159,gene/protein,HMGA1,NCBI
2630,8452,gene/protein,CUL3,NCBI
2632,4061,gene/protein,LY6E,NCBI
2633,5076,gene/protein,PAX2,NCBI
2634,5062,gene/protein,PAK2,NCBI
2640,57172,gene/protein,CAMK1G,NCBI
2641,354,gene/protein,KLK3,NCBI
2643,4046,gene/protein,LSP1,NCBI
2645,3566,gene/protein,IL4R,NCBI
2647,7468,gene/protein,NSD2,NCBI
2648,116447,gene/protein,TOP1MT,NCBI
2651,3190,gene/protein,HNRNPK,NCBI
2655,7874,gene/protein,USP7,NCBI
2656,3187,gene/protein,HNRNPH1,NCBI
2657,5695,gene/protein,PSMB7,NCBI
2658,6548,gene/protein,SLC9A1,NCBI
2660,7113,gene/protein,TMPRSS2,NCBI
2661,7074,gene/protein,TIAM1,NCBI
2662,10445,gene/protein,MCRS1,NCBI
2665,10452,gene/protein,TOMM40,NCBI
2667,185,gene/protein,AGTR1,NCBI
2668,55,gene/protein,ACP3,NCBI
2672,6869,gene/protein,TACR1,NCBI
2674,7010,gene/protein,TEK,NCBI
2675,4070,gene/protein,TACSTD2,NCBI
2676,2831,gene/protein,NPBWR1,NCBI
2677,10528,gene/protein,NOP56,NCBI
2678,1600,gene/protein,DAB1,NCBI
2679,87178,gene/protein,PNPT1,NCBI
2680,10412,gene/protein,NSA2,NCBI
2681,9088,gene/protein,PKMYT1,NCBI
2686,4967,gene/protein,OGDH,NCBI
2687,26092,gene/protein,TOR1AIP1,NCBI
2688,10963,gene/protein,STIP1,NCBI
2689,2549,gene/protein,GAB1,NCBI
2690,3796,gene/protein,KIF2A,NCBI
2692,3839,gene/protein,KPNA3,NCBI
2693,1832,gene/protein,DSP,NCBI
2698,5530,gene/protein,PPP3CA,NCBI
2699,1610,gene/protein,DAO,NCBI
2700,1277,gene/protein,COL1A1,NCBI
2703,1739,gene/protein,DLG1,NCBI
2704,6867,gene/protein,TACC1,NCBI
2707,6431,gene/protein,SRSF6,NCBI
2708,51224,gene/protein,ELOA2,NCBI
2710,1282,gene/protein,COL4A1,NCBI
2711,5308,gene/protein,PITX2,NCBI
2712,836,gene/protein,CASP3,NCBI
2714,8328,gene/protein,GFI1B,NCBI
2716,3431,gene/protein,SP110,NCBI
2718,5469,gene/protein,MED1,NCBI
2719,5116,gene/protein,PCNT,NCBI
2721,2357,gene/protein,FPR1,NCBI
2722,1158,gene/protein,CKM,NCBI
2726,4118,gene/protein,MAL,NCBI
2729,7272,gene/protein,TTK,NCBI
2730,7090,gene/protein,TLE3,NCBI
2732,2826,gene/protein,CCR10,NCBI
2736,8698,gene/protein,S1PR4,NCBI
2737,1534,gene/protein,CYB561,NCBI
2741,2912,gene/protein,GRM2,NCBI
2742,3848,gene/protein,KRT1,NCBI
2743,55145,gene/protein,THAP1,NCBI
2744,353,gene/protein,APRT,NCBI
2746,29123,gene/protein,ANKRD11,NCBI
2747,5170,gene/protein,PDPK1,NCBI
2749,3912,gene/protein,LAMB1,NCBI
2750,3880,gene/protein,KRT19,NCBI
2754,3064,gene/protein,HTT,NCBI
2755,11171,gene/protein,STRAP,NCBI
2756,1588,gene/protein,CYP19A1,NCBI
2757,81608,gene/protein,FIP1L1,NCBI
2760,3635,gene/protein,INPP5D,NCBI
2766,57610,gene/protein,RANBP10,NCBI
2768,2146,gene/protein,EZH2,NCBI
2769,5690,gene/protein,PSMB2,NCBI
2771,157,gene/protein,GRK3,NCBI
2773,8557,gene/protein,TCAP,NCBI
2776,54458,gene/protein,PRR13,NCBI
2778,2647,gene/protein,BLOC1S1,NCBI
2783,1063,gene/protein,CENPF,NCBI
2786,834,gene/protein,CASP1,NCBI
2787,774,gene/protein,CACNA1B,NCBI
2788,4722,gene/protein,NDUFS3,NCBI
2789,2571,gene/protein,GAD1,NCBI
2790,4056,gene/protein,LTC4S,NCBI
2791,8165,gene/protein,AKAP1,NCBI
2796,9507,gene/protein,ADAMTS4,NCBI
2797,847,gene/protein,CAT,NCBI
2799,54820,gene/protein,NDE1,NCBI
2801,3340,gene/protein,NDST1,NCBI
2802,5764,gene/protein,PTN,NCBI
2803,4437,gene/protein,MSH3,NCBI
2804,1902,gene/protein,LPAR1,NCBI
2805,3249,gene/protein,HPN,NCBI
2806,9620,gene/protein,CELSR1,NCBI
2808,920,gene/protein,CD4,NCBI
2810,3032,gene/protein,HADHB,NCBI
2812,5954,gene/protein,RCN1,NCBI
2814,1292,gene/protein,COL6A2,NCBI
2815,8563,gene/protein,THOC5,NCBI
2818,1390,gene/protein,CREM,NCBI
2820,4905,gene/protein,NSF,NCBI
2821,2253,gene/protein,FGF8,NCBI
2825,56729,gene/protein,RETN,NCBI
2828,6522,gene/protein,SLC4A2,NCBI
2832,970,gene/protein,CD70,NCBI
2833,9572,gene/protein,NR1D1,NCBI
2834,8797,gene/protein,TNFRSF10A,NCBI
2836,10038,gene/protein,PARP2,NCBI
2837,10628,gene/protein,TXNIP,NCBI
2839,211,gene/protein,ALAS1,NCBI
2840,10413,gene/protein,YAP1,NCBI
2842,6304,gene/protein,SATB1,NCBI
2843,3098,gene/protein,HK1,NCBI
2844,1901,gene/protein,S1PR1,NCBI
2845,53347,gene/protein,UBASH3A,NCBI
2850,2321,gene/protein,FLT1,NCBI
2852,51514,gene/protein,DTL,NCBI
2853,9342,gene/protein,SNAP29,NCBI
2854,4695,gene/protein,NDUFA2,NCBI
2857,1195,gene/protein,CLK1,NCBI
2859,79797,gene/protein,ZNF408,NCBI
2860,8241,gene/protein,RBM10,NCBI
2861,10533,gene/protein,ATG7,NCBI
2863,2878,gene/protein,GPX3,NCBI
2865,25937,gene/protein,WWTR1,NCBI
2870,3131,gene/protein,HLF,NCBI
2871,9682,gene/protein,KDM4A,NCBI
2874,639,gene/protein,PRDM1,NCBI
2880,8848,gene/protein,TSC22D1,NCBI
2882,5522,gene/protein,PPP2R2C,NCBI
2889,7040,gene/protein,TGFB1,NCBI
2892,310,gene/protein,ANXA7,NCBI
2893,10758,gene/protein,TRAF3IP2,NCBI
2894,4731,gene/protein,NDUFV3,NCBI
2895,2066,gene/protein,ERBB4,NCBI
2900,55035,gene/protein,NOL8,NCBI
2901,221150,gene/protein,SKA3,NCBI
2902,9640,gene/protein,ZNF592,NCBI
2903,1828,gene/protein,DSG1,NCBI
2909,5587,gene/protein,PRKD1,NCBI
2912,8886,gene/protein,DDX18,NCBI
2914,2201,gene/protein,FBN2,NCBI
2915,4137,gene/protein,MAPT,NCBI
2916,80324,gene/protein,PUS1,NCBI
2918,759,gene/protein,CA1,NCBI
2920,3856,gene/protein,KRT8,NCBI
2921,7155,gene/protein,TOP2B,NCBI
2925,7101,gene/protein,NR2E1,NCBI
2927,3265,gene/protein,HRAS,NCBI
2928,10410,gene/protein,IFITM3,NCBI
2929,1973,gene/protein,EIF4A1,NCBI
2930,3397,gene/protein,ID1,NCBI
2932,8295,gene/protein,TRRAP,NCBI
2933,668,gene/protein,FOXL2,NCBI
2934,6278,gene/protein,S100A7,NCBI
2936,5162,gene/protein,PDHB,NCBI
2938,4723,gene/protein,NDUFV1,NCBI
2939,51147,gene/protein,ING4,NCBI
2943,2703,gene/protein,GJA8,NCBI
2944,8785,gene/protein,MATN4,NCBI
2946,2186,gene/protein,BPTF,NCBI
2947,5590,gene/protein,PRKCZ,NCBI
2948,784,gene/protein,CACNB3,NCBI
2950,11178,gene/protein,LZTS1,NCBI
2951,7791,gene/protein,ZYX,NCBI
2958,55741,gene/protein,EDEM2,NCBI
2959,156,gene/protein,GRK2,NCBI
2960,22918,gene/protein,CD93,NCBI
2962,23212,gene/protein,RRS1,NCBI
2965,3552,gene/protein,IL1A,NCBI
2966,79571,gene/protein,GCC1,NCBI
2967,6319,gene/protein,SCD,NCBI
2969,5174,gene/protein,PDZK1,NCBI
2975,942,gene/protein,CD86,NCBI
2977,6229,gene/protein,RPS24,NCBI
2978,3576,gene/protein,CXCL8,NCBI
2979,2208,gene/protein,FCER2,NCBI
2981,2925,gene/protein,GRPR,NCBI
2982,1520,gene/protein,CTSS,NCBI
2983,3586,gene/protein,IL10,NCBI
2984,11315,gene/protein,PARK7,NCBI
2987,3855,gene/protein,KRT7,NCBI
2989,11073,gene/protein,TOPBP1,NCBI
2992,1793,gene/protein,DOCK1,NCBI
2993,2690,gene/protein,GHR,NCBI
2994,995,gene/protein,CDC25C,NCBI
2995,1212,gene/protein,CLTB,NCBI
2996,23270,gene/protein,TSPYL4,NCBI
3000,6495,gene/protein,SIX1,NCBI
3003,4329,gene/protein,ALDH6A1,NCBI
3004,2931,gene/protein,GSK3A,NCBI
3006,6526,gene/protein,SLC5A3,NCBI
3008,4105,gene/protein,MAGEA6,NCBI
3012,3691,gene/protein,ITGB4,NCBI
3014,169026,gene/protein,SLC30A8,NCBI
3015,11098,gene/protein,PRSS23,NCBI
3016,5473,gene/protein,PPBP,NCBI
3019,7161,gene/protein,TP73,NCBI
3025,649,gene/protein,BMP1,NCBI
3027,7525,gene/protein,YES1,NCBI
3032,5325,gene/protein,PLAGL1,NCBI
3033,8744,gene/protein,TNFSF9,NCBI
3035,2316,gene/protein,FLNA,NCBI
3038,79583,gene/protein,TMEM231,NCBI
3041,7106,gene/protein,TSPAN4,NCBI
3043,3284,gene/protein,HSD3B2,NCBI
3044,2078,gene/protein,ERG,NCBI
3045,3141,gene/protein,HLCS,NCBI
3046,1052,gene/protein,CEBPD,NCBI
3047,2673,gene/protein,GFPT1,NCBI
3049,6209,gene/protein,RPS15,NCBI
3051,2694,gene/protein,CBLIF,NCBI
3052,4047,gene/protein,LSS,NCBI
3054,6207,gene/protein,RPS13,NCBI
3055,6855,gene/protein,SYP,NCBI
3057,5624,gene/protein,PROC,NCBI
3058,10565,gene/protein,ARFGEF1,NCBI
3060,79001,gene/protein,VKORC1,NCBI
3061,57761,gene/protein,TRIB3,NCBI
3062,5519,gene/protein,PPP2R1B,NCBI
3064,3579,gene/protein,CXCR2,NCBI
3066,5008,gene/protein,OSM,NCBI
3070,9356,gene/protein,SLC22A6,NCBI
3072,54487,gene/protein,DGCR8,NCBI
3077,9254,gene/protein,CACNA2D2,NCBI
3078,1649,gene/protein,DDIT3,NCBI
3080,2272,gene/protein,FHIT,NCBI
3081,2000,gene/protein,ELF4,NCBI
3082,1522,gene/protein,CTSZ,NCBI
3084,58498,gene/protein,MYL7,NCBI
3085,547,gene/protein,KIF1A,NCBI
3087,5422,gene/protein,POLA1,NCBI
3088,1788,gene/protein,DNMT3A,NCBI
3089,5789,gene/protein,PTPRD,NCBI
3092,5502,gene/protein,PPP1R1A,NCBI
3096,7070,gene/protein,THY1,NCBI
3097,5272,gene/protein,SERPINB9,NCBI
3099,699,gene/protein,BUB1,NCBI
3100,2550,gene/protein,GABBR1,NCBI
3103,4478,gene/protein,MSN,NCBI
3104,652,gene/protein,BMP4,NCBI
3106,427,gene/protein,ASAH1,NCBI
3107,9457,gene/protein,FHL5,NCBI
3109,712,gene/protein,C1QA,NCBI
3110,8110,gene/protein,DPF3,NCBI
3111,1808,gene/protein,DPYSL2,NCBI
3114,2295,gene/protein,FOXF2,NCBI
3115,23332,gene/protein,CLASP1,NCBI
3118,8629,gene/protein,JRK,NCBI
3120,3297,gene/protein,HSF1,NCBI
3122,23657,gene/protein,SLC7A11,NCBI
3123,57616,gene/protein,TSHZ3,NCBI
3126,122011,gene/protein,CSNK1A1L,NCBI
3128,7879,gene/protein,RAB7A,NCBI
3130,51428,gene/protein,DDX41,NCBI
3131,9020,gene/protein,MAP3K14,NCBI
3133,1073,gene/protein,CFL2,NCBI
3135,3688,gene/protein,ITGB1,NCBI
3136,5714,gene/protein,PSMD8,NCBI
3138,466,gene/protein,ATF1,NCBI
3139,10901,gene/protein,DHRS4,NCBI
3141,10112,gene/protein,KIF20A,NCBI
3146,4354,gene/protein,MPP1,NCBI
3150,4189,gene/protein,DNAJB9,NCBI
3152,8725,gene/protein,URI1,NCBI
3154,9180,gene/protein,OSMR,NCBI
3155,6520,gene/protein,SLC3A2,NCBI
3159,2242,gene/protein,FES,NCBI
3161,36,gene/protein,ACADSB,NCBI
3164,5792,gene/protein,PTPRF,NCBI
3169,7402,gene/protein,UTRN,NCBI
3170,4760,gene/protein,NEUROD1,NCBI
3172,22948,gene/protein,CCT5,NCBI
3173,6560,gene/protein,SLC12A4,NCBI
3174,4153,gene/protein,MBL2,NCBI
3175,4669,gene/protein,NAGLU,NCBI
3176,2778,gene/protein,GNAS,NCBI
3177,7570,gene/protein,ZNF22,NCBI
3179,2187,gene/protein,FANCB,NCBI
3181,1244,gene/protein,ABCC2,NCBI
3183,9429,gene/protein,ABCG2,NCBI
3185,3419,gene/protein,IDH3A,NCBI
3189,4190,gene/protein,MDH1,NCBI
3190,6429,gene/protein,SRSF4,NCBI
3191,4782,gene/protein,NFIC,NCBI
3192,3162,gene/protein,HMOX1,NCBI
3194,8682,gene/protein,PEA15,NCBI
3197,7091,gene/protein,TLE4,NCBI
3199,1812,gene/protein,DRD1,NCBI
3200,1410,gene/protein,CRYAB,NCBI
3202,1386,gene/protein,ATF2,NCBI
3203,109,gene/protein,ADCY3,NCBI
3207,2720,gene/protein,GLB1,NCBI
3209,8856,gene/protein,NR1I2,NCBI
3210,3195,gene/protein,TLX1,NCBI
3211,3925,gene/protein,STMN1,NCBI
3212,1756,gene/protein,DMD,NCBI
3214,5199,gene/protein,CFP,NCBI
3216,3832,gene/protein,KIF11,NCBI
3220,728,gene/protein,C5AR1,NCBI
3222,56475,gene/protein,RPRM,NCBI
3224,54886,gene/protein,PLPPR1,NCBI
3226,8676,gene/protein,STX11,NCBI
3229,22919,gene/protein,MAPRE1,NCBI
3230,959,gene/protein,CD40LG,NCBI
3231,1437,gene/protein,CSF2,NCBI
3232,1453,gene/protein,CSNK1D,NCBI
3233,4057,gene/protein,LTF,NCBI
3235,9128,gene/protein,PRPF4,NCBI
3237,54520,gene/protein,CCDC93,NCBI
3238,819,gene/protein,CAMLG,NCBI
3244,6198,gene/protein,RPS6KB1,NCBI
3246,2956,gene/protein,MSH6,NCBI
3247,10010,gene/protein,TANK,NCBI
3248,5709,gene/protein,PSMD3,NCBI
3249,7465,gene/protein,WEE1,NCBI
3252,826,gene/protein,CAPNS1,NCBI
3253,5799,gene/protein,PTPRN2,NCBI
3255,2661,gene/protein,GDF9,NCBI
3256,2214,gene/protein,FCGR3A,NCBI
3259,7099,gene/protein,TLR4,NCBI
3261,6907,gene/protein,TBL1X,NCBI
3265,1740,gene/protein,DLG2,NCBI
3268,8290,gene/protein,H3-4,NCBI
3272,222698,gene/protein,NKAPL,NCBI
3281,9637,gene/protein,FEZ2,NCBI
3285,1951,gene/protein,CELSR3,NCBI
3288,4796,gene/protein,TONSL,NCBI
3289,9445,gene/protein,ITM2B,NCBI
3291,2787,gene/protein,GNG5,NCBI
3294,3785,gene/protein,KCNQ2,NCBI
3300,3456,gene/protein,IFNB1,NCBI
3303,6727,gene/protein,SRP14,NCBI
3304,9149,gene/protein,DYRK1B,NCBI
3310,1153,gene/protein,CIRBP,NCBI
3312,495,gene/protein,ATP4A,NCBI
3314,4214,gene/protein,MAP3K1,NCBI
3316,1965,gene/protein,EIF2S1,NCBI
3319,2887,gene/protein,GRB10,NCBI
3321,175,gene/protein,AGA,NCBI
3322,5283,gene/protein,PIGH,NCBI
3326,23451,gene/protein,SF3B1,NCBI
3330,1501,gene/protein,CTNND2,NCBI
3331,1991,gene/protein,ELANE,NCBI
3333,2358,gene/protein,FPR2,NCBI
3337,6575,gene/protein,SLC20A2,NCBI
3338,11322,gene/protein,TMC6,NCBI
3339,862,gene/protein,RUNX1T1,NCBI
3343,8826,gene/protein,IQGAP1,NCBI
3344,1138,gene/protein,CHRNA5,NCBI
3345,288,gene/protein,ANK3,NCBI
3346,8829,gene/protein,NRP1,NCBI
3347,10436,gene/protein,EMG1,NCBI
3348,55752,gene/protein,SEPTIN11,NCBI
3349,8358,gene/protein,H3C2,NCBI
3350,10100,gene/protein,TSPAN2,NCBI
3351,8208,gene/protein,CHAF1B,NCBI
3352,8536,gene/protein,CAMK1,NCBI
3354,634,gene/protein,CEACAM1,NCBI
3355,2055,gene/protein,CLN8,NCBI
3359,64121,gene/protein,RRAGC,NCBI
3360,3993,gene/protein,LLGL2,NCBI
3364,27,gene/protein,ABL2,NCBI
3366,27339,gene/protein,PRPF19,NCBI
3369,4605,gene/protein,MYBL2,NCBI
3370,3693,gene/protein,ITGB5,NCBI
3371,4736,gene/protein,RPL10A,NCBI
3373,9112,gene/protein,MTA1,NCBI
3374,24137,gene/protein,KIF4A,NCBI
3375,763,gene/protein,CA5A,NCBI
3376,159195,gene/protein,USP54,NCBI
3378,2065,gene/protein,ERBB3,NCBI
3379,8412,gene/protein,BCAR3,NCBI
3380,208,gene/protein,AKT2,NCBI
3381,23774,gene/protein,BRD1,NCBI
3383,8408,gene/protein,ULK1,NCBI
3384,1080,gene/protein,CFTR,NCBI
3390,586,gene/protein,BCAT1,NCBI
3391,23564,gene/protein,DDAH2,NCBI
3392,5602,gene/protein,MAPK10,NCBI
3395,84033,gene/protein,OBSCN,NCBI
3398,9877,gene/protein,ZC3H11A,NCBI
3400,573,gene/protein,BAG1,NCBI
3401,10894,gene/protein,LYVE1,NCBI
3402,4131,gene/protein,MAP1B,NCBI
3403,4794,gene/protein,NFKBIE,NCBI
3408,7164,gene/protein,TPD52L1,NCBI
3409,23095,gene/protein,KIF1B,NCBI
3410,64946,gene/protein,CENPH,NCBI
3411,5196,gene/protein,PF4,NCBI
3413,27071,gene/protein,DAPP1,NCBI
3414,10320,gene/protein,IKZF1,NCBI
3416,3078,gene/protein,CFHR1,NCBI
3417,3356,gene/protein,HTR2A,NCBI
3418,2047,gene/protein,EPHB1,NCBI
3419,4363,gene/protein,ABCC1,NCBI
3421,2318,gene/protein,FLNC,NCBI
3426,5996,gene/protein,RGS1,NCBI
3427,528,gene/protein,ATP6V1C1,NCBI
3428,11065,gene/protein,UBE2C,NCBI
3430,3872,gene/protein,KRT17,NCBI
3431,55212,gene/protein,BBS7,NCBI
3433,761,gene/protein,CA3,NCBI
3434,2023,gene/protein,ENO1,NCBI
3438,861,gene/protein,RUNX1,NCBI
3441,57521,gene/protein,RPTOR,NCBI
3443,9833,gene/protein,MELK,NCBI
3447,3354,gene/protein,HTR1E,NCBI
3450,10042,gene/protein,HMGXB4,NCBI
3451,3596,gene/protein,IL13,NCBI
3453,10226,gene/protein,PLIN3,NCBI
3456,7434,gene/protein,VIPR2,NCBI
3457,5686,gene/protein,PSMA5,NCBI
3460,64170,gene/protein,CARD9,NCBI
3464,4924,gene/protein,NUCB1,NCBI
3465,1012,gene/protein,CDH13,NCBI
3466,3359,gene/protein,HTR3A,NCBI
3468,6416,gene/protein,MAP2K4,NCBI
3469,7448,gene/protein,VTN,NCBI
3470,5311,gene/protein,PKD2,NCBI
3471,5167,gene/protein,ENPP1,NCBI
3472,29116,gene/protein,MYLIP,NCBI
3474,4318,gene/protein,MMP9,NCBI
3475,623,gene/protein,BDKRB1,NCBI
3476,1406,gene/protein,CRX,NCBI
3478,10318,gene/protein,TNIP1,NCBI
3481,29951,gene/protein,PDZRN4,NCBI
3484,6584,gene/protein,SLC22A5,NCBI
3485,6441,gene/protein,SFTPD,NCBI
3487,55840,gene/protein,EAF2,NCBI
3489,2149,gene/protein,F2R,NCBI
3490,54892,gene/protein,NCAPG2,NCBI
3493,7222,gene/protein,TRPC3,NCBI
3494,84376,gene/protein,HOOK3,NCBI
3495,3458,gene/protein,IFNG,NCBI
3496,220,gene/protein,ALDH1A3,NCBI
3498,539,gene/protein,ATP5PO,NCBI
3500,6929,gene/protein,TCF3,NCBI
3501,1586,gene/protein,CYP17A1,NCBI
3503,2487,gene/protein,FRZB,NCBI
3504,10084,gene/protein,PQBP1,NCBI
3505,3652,gene/protein,IPP,NCBI
3506,7291,gene/protein,TWIST1,NCBI
3509,7298,gene/protein,TYMS,NCBI
3512,6776,gene/protein,STAT5A,NCBI
3513,1361,gene/protein,CPB2,NCBI
3515,5055,gene/protein,SERPINB2,NCBI
3516,578,gene/protein,BAK1,NCBI
3522,23039,gene/protein,XPO7,NCBI
3523,4734,gene/protein,NEDD4,NCBI
3524,8900,gene/protein,CCNA1,NCBI
3526,9863,gene/protein,MAGI2,NCBI
3530,55745,gene/protein,AP5M1,NCBI
3533,1827,gene/protein,RCAN1,NCBI
3539,5232,gene/protein,PGK2,NCBI
3540,10007,gene/protein,GNPDA1,NCBI
3541,4139,gene/protein,MARK1,NCBI
3542,5718,gene/protein,PSMD12,NCBI
3544,8794,gene/protein,TNFRSF10C,NCBI
3546,5524,gene/protein,PTPA,NCBI
3552,3606,gene/protein,IL18,NCBI
3553,10367,gene/protein,MICU1,NCBI
3556,5395,gene/protein,PMS2,NCBI
3558,939,gene/protein,CD27,NCBI
3559,4831,gene/protein,NME2,NCBI
3562,4650,gene/protein,MYO9B,NCBI
3563,9725,gene/protein,TMEM63A,NCBI
3564,3107,gene/protein,HLA-C,NCBI
3565,270,gene/protein,AMPD1,NCBI
3567,10815,gene/protein,CPLX1,NCBI
3568,6257,gene/protein,RXRB,NCBI
3572,6440,gene/protein,SFTPC,NCBI
3574,3090,gene/protein,HIC1,NCBI
3576,8013,gene/protein,NR4A3,NCBI
3578,1893,gene/protein,ECM1,NCBI
3581,64805,gene/protein,P2RY12,NCBI
3583,22864,gene/protein,R3HDM2,NCBI
3586,8916,gene/protein,HERC3,NCBI
3588,1028,gene/protein,CDKN1C,NCBI
3590,445,gene/protein,ASS1,NCBI
3591,51175,gene/protein,TUBE1,NCBI
3592,9493,gene/protein,KIF23,NCBI
3595,4218,gene/protein,RAB8A,NCBI
3597,23181,gene/protein,DIP2A,NCBI
3598,6658,gene/protein,SOX3,NCBI
3599,10951,gene/protein,CBX1,NCBI
3600,28956,gene/protein,LAMTOR2,NCBI
3605,3604,gene/protein,TNFRSF9,NCBI
3606,4512,gene/protein,MT-CO1,NCBI
3607,1482,gene/protein,NKX2-5,NCBI
3609,9055,gene/protein,PRC1,NCBI
3610,51649,gene/protein,MRPS23,NCBI
3614,27429,gene/protein,HTRA2,NCBI
3617,2650,gene/protein,GCNT1,NCBI
3618,51092,gene/protein,SIDT2,NCBI
3619,4624,gene/protein,MYH6,NCBI
3622,6660,gene/protein,SOX5,NCBI
3624,5187,gene/protein,PER1,NCBI
3625,51079,gene/protein,NDUFA13,NCBI
3628,1666,gene/protein,DECR1,NCBI
3631,240,gene/protein,ALOX5,NCBI
3632,3695,gene/protein,ITGB7,NCBI
3636,55589,gene/protein,BMP2K,NCBI
3638,2776,gene/protein,GNAQ,NCBI
3639,6181,gene/protein,RPLP2,NCBI
3640,3012,gene/protein,H2AC8,NCBI
3641,4308,gene/protein,TRPM1,NCBI
3642,51004,gene/protein,COQ6,NCBI
3645,1910,gene/protein,EDNRB,NCBI
3646,3663,gene/protein,IRF5,NCBI
3647,7128,gene/protein,TNFAIP3,NCBI
3648,1006,gene/protein,CDH8,NCBI
3652,473,gene/protein,RERE,NCBI
3657,3191,gene/protein,HNRNPL,NCBI
3658,5900,gene/protein,RALGDS,NCBI
3659,4610,gene/protein,MYCL,NCBI
3660,334,gene/protein,APLP2,NCBI
3663,81565,gene/protein,NDEL1,NCBI
3665,7867,gene/protein,MAPKAPK3,NCBI
3666,472,gene/protein,ATM,NCBI
3669,6281,gene/protein,S100A10,NCBI
3670,84866,gene/protein,TMEM25,NCBI
3671,3843,gene/protein,IPO5,NCBI
3672,8517,gene/protein,IKBKG,NCBI
3675,9949,gene/protein,AMMECR1,NCBI
3677,4926,gene/protein,NUMA1,NCBI
3679,4625,gene/protein,MYH7,NCBI
3684,8347,gene/protein,H2BC4,NCBI
3686,51311,gene/protein,TLR8,NCBI
3687,896,gene/protein,CCND3,NCBI
3688,29119,gene/protein,CTNNA3,NCBI
3689,10617,gene/protein,STAMBP,NCBI
3690,4621,gene/protein,MYH3,NCBI
3691,57731,gene/protein,SPTBN4,NCBI
3692,9700,gene/protein,ESPL1,NCBI
3696,56915,gene/protein,EXOSC5,NCBI
3702,11041,gene/protein,B4GAT1,NCBI
3703,6563,gene/protein,SLC14A1,NCBI
3712,1591,gene/protein,CYP24A1,NCBI
3715,4217,gene/protein,MAP3K5,NCBI
3722,1509,gene/protein,CTSD,NCBI
3725,10971,gene/protein,YWHAQ,NCBI
3726,9113,gene/protein,LATS1,NCBI
3729,4772,gene/protein,NFATC1,NCBI
3734,11326,gene/protein,VSIG4,NCBI
3745,914,gene/protein,CD2,NCBI
3746,57088,gene/protein,PLSCR4,NCBI
3747,54535,gene/protein,CCHCR1,NCBI
3748,7187,gene/protein,TRAF3,NCBI
3749,9378,gene/protein,NRXN1,NCBI
3753,658,gene/protein,BMPR1B,NCBI
3756,6535,gene/protein,SLC6A8,NCBI
3757,1000,gene/protein,CDH2,NCBI
3758,1665,gene/protein,DHX15,NCBI
3761,3082,gene/protein,HGF,NCBI
3763,10801,gene/protein,SEPTIN9,NCBI
3764,55833,gene/protein,UBAP2,NCBI
3765,2050,gene/protein,EPHB4,NCBI
3770,8932,gene/protein,MBD2,NCBI
3772,5156,gene/protein,PDGFRA,NCBI
3773,1475,gene/protein,CSTA,NCBI
3774,3122,gene/protein,HLA-DRA,NCBI
3775,4758,gene/protein,NEU1,NCBI
3778,23491,gene/protein,CES3,NCBI
3779,3963,gene/protein,LGALS7,NCBI
3781,3005,gene/protein,H1-0,NCBI
3785,2012,gene/protein,EMP1,NCBI
3788,8631,gene/protein,SKAP1,NCBI
3793,444,gene/protein,ASPH,NCBI
3794,11017,gene/protein,SNRNP27,NCBI
3796,2954,gene/protein,GSTZ1,NCBI
3798,1173,gene/protein,AP2M1,NCBI
3800,1646,gene/protein,AKR1C2,NCBI
3802,26060,gene/protein,APPL1,NCBI
3803,6787,gene/protein,NEK4,NCBI
3806,57561,gene/protein,ARRDC3,NCBI
3807,4102,gene/protein,MAGEA3,NCBI
3808,6811,gene/protein,STX5,NCBI
3809,22871,gene/protein,NLGN1,NCBI
3810,6470,gene/protein,SHMT1,NCBI
3812,5496,gene/protein,PPM1G,NCBI
3814,7087,gene/protein,ICAM5,NCBI
3818,1469,gene/protein,CST1,NCBI
3819,3636,gene/protein,INPPL1,NCBI
3825,2846,gene/protein,LPAR4,NCBI
3828,5562,gene/protein,PRKAA1,NCBI
3829,218,gene/protein,ALDH3A1,NCBI
3830,4688,gene/protein,NCF2,NCBI
3834,25827,gene/protein,FBXL2,NCBI
3836,5045,gene/protein,FURIN,NCBI
3837,51225,gene/protein,ABI3,NCBI
3838,3623,gene/protein,INHA,NCBI
3839,1655,gene/protein,DDX5,NCBI
3840,5155,gene/protein,PDGFB,NCBI
3841,1728,gene/protein,NQO1,NCBI
3843,3399,gene/protein,ID3,NCBI
3845,93166,gene/protein,PRDM6,NCBI
3847,10965,gene/protein,ACOT2,NCBI
3849,3673,gene/protein,ITGA2,NCBI
3850,66037,gene/protein,BOLL,NCBI
3857,8019,gene/protein,BRD3,NCBI
3858,2215,gene/protein,FCGR3B,NCBI
3860,7409,gene/protein,VAV1,NCBI
3861,1369,gene/protein,CPN1,NCBI
3864,26580,gene/protein,BSCL2,NCBI
3865,6671,gene/protein,SP4,NCBI
3866,54583,gene/protein,EGLN1,NCBI
3867,5316,gene/protein,PKNOX1,NCBI
3868,23210,gene/protein,JMJD6,NCBI
3872,2045,gene/protein,EPHA7,NCBI
3873,7364,gene/protein,UGT2B7,NCBI
3875,8291,gene/protein,DYSF,NCBI
3878,4729,gene/protein,NDUFV2,NCBI
3879,348,gene/protein,APOE,NCBI
3883,317,gene/protein,APAF1,NCBI
3887,969,gene/protein,CD69,NCBI
3894,1589,gene/protein,CYP21A2,NCBI
3896,9873,gene/protein,FCHSD2,NCBI
3897,9296,gene/protein,ATP6V1F,NCBI
3898,1434,gene/protein,CSE1L,NCBI
3901,10257,gene/protein,ABCC4,NCBI
3903,6510,gene/protein,SLC1A5,NCBI
3905,7386,gene/protein,UQCRFS1,NCBI
3906,8313,gene/protein,AXIN2,NCBI
3907,28996,gene/protein,HIPK2,NCBI
3910,3672,gene/protein,ITGA1,NCBI
3911,7048,gene/protein,TGFBR2,NCBI
3912,118,gene/protein,ADD1,NCBI
3914,23532,gene/protein,PRAME,NCBI
3916,284111,gene/protein,SLC13A5,NCBI
3917,5582,gene/protein,PRKCG,NCBI
3920,23201,gene/protein,FAM168A,NCBI
3925,4179,gene/protein,CD46,NCBI
3926,26098,gene/protein,EDRF1,NCBI
3927,8438,gene/protein,RAD54L,NCBI
3928,4208,gene/protein,MEF2C,NCBI
3931,7001,gene/protein,PRDX2,NCBI
3932,5617,gene/protein,PRL,NCBI
3934,345274,gene/protein,SLC10A6,NCBI
3935,9185,gene/protein,REPS2,NCBI
3937,23545,gene/protein,ATP6V0A2,NCBI
3941,4036,gene/protein,LRP2,NCBI
3943,25913,gene/protein,POT1,NCBI
3945,2537,gene/protein,IFI6,NCBI
3947,1184,gene/protein,CLCN5,NCBI
3950,2870,gene/protein,GRK6,NCBI
3955,1544,gene/protein,CYP1A2,NCBI
3960,6788,gene/protein,STK3,NCBI
3965,10735,gene/protein,STAG2,NCBI
3966,10111,gene/protein,RAD50,NCBI
3967,859,gene/protein,CAV3,NCBI
3969,26150,gene/protein,RIBC2,NCBI
3971,3861,gene/protein,KRT14,NCBI
3972,4791,gene/protein,NFKB2,NCBI
3974,7430,gene/protein,EZR,NCBI
3976,7051,gene/protein,TGM1,NCBI
3978,51014,gene/protein,TMED7,NCBI
3980,1621,gene/protein,DBH,NCBI
3982,4074,gene/protein,M6PR,NCBI
3986,27030,gene/protein,MLH3,NCBI
3989,84062,gene/protein,DTNBP1,NCBI
3990,309,gene/protein,ANXA6,NCBI
3994,5268,gene/protein,SERPINB5,NCBI
3995,10293,gene/protein,TRAIP,NCBI
3996,7184,gene/protein,HSP90B1,NCBI
3997,58529,gene/protein,MYOZ1,NCBI
3998,10346,gene/protein,TRIM22,NCBI
3999,375,gene/protein,ARF1,NCBI
4001,1018,gene/protein,CDK3,NCBI
4002,2633,gene/protein,GBP1,NCBI
4003,7018,gene/protein,TF,NCBI
4005,51384,gene/protein,WNT16,NCBI
4010,7056,gene/protein,THBD,NCBI
4011,2195,gene/protein,FAT1,NCBI
4012,570,gene/protein,BAAT,NCBI
4015,51,gene/protein,ACOX1,NCBI
4017,399,gene/protein,RHOH,NCBI
4018,9509,gene/protein,ADAMTS2,NCBI
4019,5184,gene/protein,PEPD,NCBI
4022,58508,gene/protein,KMT2C,NCBI
4023,2488,gene/protein,FSHB,NCBI
4024,6293,gene/protein,VPS52,NCBI
4025,5949,gene/protein,RBP3,NCBI
4026,2596,gene/protein,GAP43,NCBI
4032,4696,gene/protein,NDUFA3,NCBI
4035,10040,gene/protein,TOM1L1,NCBI
4037,7066,gene/protein,THPO,NCBI
4038,7122,gene/protein,CLDN5,NCBI
4042,5610,gene/protein,EIF2AK2,NCBI
4045,53635,gene/protein,PTOV1,NCBI
4046,6232,gene/protein,RPS27,NCBI
4048,5631,gene/protein,PRPS1,NCBI
4052,2872,gene/protein,MKNK2,NCBI
4053,9736,gene/protein,USP34,NCBI
4054,4927,gene/protein,NUP88,NCBI
4055,3933,gene/protein,LCN1,NCBI
4056,3108,gene/protein,HLA-DMA,NCBI
4060,572,gene/protein,BAD,NCBI
4061,5887,gene/protein,RAD23B,NCBI
4062,57683,gene/protein,ZDBF2,NCBI
4063,3146,gene/protein,HMGB1,NCBI
4064,8529,gene/protein,CYP4F2,NCBI
4071,8022,gene/protein,LHX3,NCBI
4074,4055,gene/protein,LTBR,NCBI
4075,23043,gene/protein,TNIK,NCBI
4077,9590,gene/protein,AKAP12,NCBI
4079,7094,gene/protein,TLN1,NCBI
4080,1540,gene/protein,CYLD,NCBI
4081,741,gene/protein,ZNHIT2,NCBI
4083,3030,gene/protein,HADHA,NCBI
4084,332,gene/protein,BIRC5,NCBI
4086,929,gene/protein,CD14,NCBI
4087,23127,gene/protein,COLGALT2,NCBI
4088,56288,gene/protein,PARD3,NCBI
4091,402,gene/protein,ARL2,NCBI
4096,23163,gene/protein,GGA3,NCBI
4098,3486,gene/protein,IGFBP3,NCBI
4101,1633,gene/protein,DCK,NCBI
4103,2180,gene/protein,ACSL1,NCBI
4104,2042,gene/protein,EPHA3,NCBI
4105,2266,gene/protein,FGG,NCBI
4106,25886,gene/protein,POC1A,NCBI
4107,3040,gene/protein,HBA2,NCBI
4108,7832,gene/protein,BTG2,NCBI
4109,54205,gene/protein,CYCS,NCBI
4111,921,gene/protein,CD5,NCBI
4112,4854,gene/protein,NOTCH3,NCBI
4113,6515,gene/protein,SLC2A3,NCBI
4114,8600,gene/protein,TNFSF11,NCBI
4117,6046,gene/protein,BRD2,NCBI
4120,22974,gene/protein,TPX2,NCBI
4123,8897,gene/protein,MTMR3,NCBI
4125,10928,gene/protein,RALBP1,NCBI
4127,637,gene/protein,BID,NCBI
4128,5567,gene/protein,PRKACB,NCBI
4133,1230,gene/protein,CCR1,NCBI
4136,3219,gene/protein,HOXB9,NCBI
4137,10232,gene/protein,MSLN,NCBI
4141,1447,gene/protein,CSN2,NCBI
4142,22806,gene/protein,IKZF3,NCBI
4143,3156,gene/protein,HMGCR,NCBI
4144,4296,gene/protein,MAP3K11,NCBI
4147,57532,gene/protein,NUFIP2,NCBI
4148,79139,gene/protein,DERL1,NCBI
4151,5002,gene/protein,SLC22A18,NCBI
4152,5243,gene/protein,ABCB1,NCBI
4153,1735,gene/protein,DIO3,NCBI
4154,57007,gene/protein,ACKR3,NCBI
4155,56947,gene/protein,MFF,NCBI
4156,1270,gene/protein,CNTF,NCBI
4160,3702,gene/protein,ITK,NCBI
4161,81622,gene/protein,UNC93B1,NCBI
4162,5771,gene/protein,PTPN2,NCBI
4163,8615,gene/protein,USO1,NCBI
4165,23635,gene/protein,SSBP2,NCBI
4166,56994,gene/protein,CHPT1,NCBI
4167,9592,gene/protein,IER2,NCBI
4168,1366,gene/protein,CLDN7,NCBI
4169,3373,gene/protein,HYAL1,NCBI
4170,10140,gene/protein,TOB1,NCBI
4171,2222,gene/protein,FDFT1,NCBI
4173,6888,gene/protein,TALDO1,NCBI
4174,54437,gene/protein,SEMA5B,NCBI
4175,81035,gene/protein,COLEC12,NCBI
4176,23327,gene/protein,NEDD4L,NCBI
4178,9021,gene/protein,SOCS3,NCBI
4182,1281,gene/protein,COL3A1,NCBI
4184,1356,gene/protein,CP,NCBI
4185,10351,gene/protein,ABCA8,NCBI
4186,624,gene/protein,BDKRB2,NCBI
4187,91147,gene/protein,TMEM67,NCBI
4190,1448,gene/protein,CSN3,NCBI
4191,8520,gene/protein,HAT1,NCBI
4193,10360,gene/protein,NPM3,NCBI
4195,1796,gene/protein,DOK1,NCBI
4198,5520,gene/protein,PPP2R2A,NCBI
4200,1630,gene/protein,DCC,NCBI
4201,388,gene/protein,RHOB,NCBI
4204,9900,gene/protein,SV2A,NCBI
4205,721,gene/protein,C4B,NCBI
4206,7480,gene/protein,WNT10B,NCBI
4209,7273,gene/protein,TTN,NCBI
4212,1604,gene/protein,CD55,NCBI
4213,2562,gene/protein,GABRB3,NCBI
4214,9559,gene/protein,VPS26A,NCBI
4215,55691,gene/protein,FRMD4A,NCBI
4219,1981,gene/protein,EIF4G1,NCBI
4221,2688,gene/protein,GH1,NCBI
4222,989,gene/protein,SEPTIN7,NCBI
4226,219,gene/protein,ALDH1B1,NCBI
4227,1152,gene/protein,CKB,NCBI
4229,23,gene/protein,ABCF1,NCBI
4230,3020,gene/protein,H3-3A,NCBI
4232,9636,gene/protein,ISG15,NCBI
4238,5478,gene/protein,PPIA,NCBI
4246,28998,gene/protein,MRPL13,NCBI
4248,4861,gene/protein,NPAS1,NCBI
4250,10024,gene/protein,TROAP,NCBI
4252,961,gene/protein,CD47,NCBI
4258,5352,gene/protein,PLOD2,NCBI
4259,2131,gene/protein,EXT1,NCBI
4261,2026,gene/protein,ENO2,NCBI
4264,197,gene/protein,AHSG,NCBI
4267,9902,gene/protein,MRC2,NCBI
4270,51438,gene/protein,MAGEC2,NCBI
4274,2969,gene/protein,GTF2I,NCBI
4278,5819,gene/protein,NECTIN2,NCBI
4281,3797,gene/protein,KIF3C,NCBI
4282,11213,gene/protein,IRAK3,NCBI
4284,4430,gene/protein,MYO1B,NCBI
4287,9576,gene/protein,SPAG6,NCBI
4288,641,gene/protein,BLM,NCBI
4292,9246,gene/protein,UBE2L6,NCBI
4293,8031,gene/protein,NCOA4,NCBI
4294,5500,gene/protein,PPP1CB,NCBI
4295,10018,gene/protein,BCL2L11,NCBI
4298,278,gene/protein,AMY1C,NCBI
4299,84648,gene/protein,LCE3D,NCBI
4302,2115,gene/protein,ETV1,NCBI
4303,8493,gene/protein,PPM1D,NCBI
4304,26525,gene/protein,IL36RN,NCBI
4305,51341,gene/protein,ZBTB7A,NCBI
4308,3488,gene/protein,IGFBP5,NCBI
4309,6504,gene/protein,SLAMF1,NCBI
4310,4145,gene/protein,MATK,NCBI
4312,3689,gene/protein,ITGB2,NCBI
4315,213,gene/protein,ALB,NCBI
4316,2073,gene/protein,ERCC5,NCBI
4321,81704,gene/protein,DOCK8,NCBI
4322,3560,gene/protein,IL2RB,NCBI
4323,598,gene/protein,BCL2L1,NCBI
4333,60673,gene/protein,ATG101,NCBI
4334,10211,gene/protein,FLOT1,NCBI
4336,931,gene/protein,MS4A1,NCBI
4337,51191,gene/protein,HERC5,NCBI
4338,6659,gene/protein,SOX4,NCBI
4339,5424,gene/protein,POLD1,NCBI
4340,3627,gene/protein,CXCL10,NCBI
4341,84676,gene/protein,TRIM63,NCBI
4344,7490,gene/protein,WT1,NCBI
4346,203,gene/protein,AK1,NCBI
4347,3613,gene/protein,IMPA2,NCBI
4348,7432,gene/protein,VIP,NCBI
4349,1513,gene/protein,CTSK,NCBI
4350,57680,gene/protein,CHD8,NCBI
4352,1200,gene/protein,TPP1,NCBI
4353,54749,gene/protein,EPDR1,NCBI
4356,55851,gene/protein,PSENEN,NCBI
4357,3640,gene/protein,INSL3,NCBI
4358,6505,gene/protein,SLC1A1,NCBI
4360,476,gene/protein,ATP1A1,NCBI
4361,5685,gene/protein,PSMA4,NCBI
4363,10961,gene/protein,ERP29,NCBI
4364,3751,gene/protein,KCND2,NCBI
4365,10557,gene/protein,RPP38,NCBI
4366,65018,gene/protein,PINK1,NCBI
4368,6049,gene/protein,RNF6,NCBI
4369,2052,gene/protein,EPHX1,NCBI
4376,4683,gene/protein,NBN,NCBI
4378,8301,gene/protein,PICALM,NCBI
4379,3113,gene/protein,HLA-DPA1,NCBI
4382,11151,gene/protein,CORO1A,NCBI
4384,23499,gene/protein,MACF1,NCBI
4385,7538,gene/protein,ZFP36,NCBI
4386,6595,gene/protein,SMARCA2,NCBI
4387,5449,gene/protein,POU1F1,NCBI
4389,2057,gene/protein,EPOR,NCBI
4392,6779,gene/protein,STATH,NCBI
4393,9990,gene/protein,SLC12A6,NCBI
4395,80304,gene/protein,WDCP,NCBI
4397,1674,gene/protein,DES,NCBI
4399,4544,gene/protein,MTNR1B,NCBI
4400,2957,gene/protein,GTF2A1,NCBI
4401,10193,gene/protein,RNF41,NCBI
4406,6288,gene/protein,SAA1,NCBI
4408,8667,gene/protein,EIF3H,NCBI
4409,4294,gene/protein,MAP3K10,NCBI
4410,10383,gene/protein,TUBB4B,NCBI
4415,220988,gene/protein,HNRNPA3,NCBI
4417,64396,gene/protein,GMCL2,NCBI
4418,149628,gene/protein,PYHIN1,NCBI
4419,23209,gene/protein,MLC1,NCBI
4420,1395,gene/protein,CRHR2,NCBI
4421,8738,gene/protein,CRADD,NCBI
4422,2643,gene/protein,GCH1,NCBI
4425,5743,gene/protein,PTGS2,NCBI
4426,1834,gene/protein,DSPP,NCBI
4434,2171,gene/protein,FABP5,NCBI
4435,894,gene/protein,CCND2,NCBI
4436,150483,gene/protein,TEKT4,NCBI
4437,5584,gene/protein,PRKCI,NCBI
4439,22953,gene/protein,P2RX2,NCBI
4441,10682,gene/protein,EBP,NCBI
4444,768,gene/protein,CA9,NCBI
4446,4916,gene/protein,NTRK3,NCBI
4447,3757,gene/protein,KCNH2,NCBI
4450,84085,gene/protein,FBXO30,NCBI
4453,224,gene/protein,ALDH3A2,NCBI
4454,3442,gene/protein,IFNA5,NCBI
4455,6389,gene/protein,SDHA,NCBI
4459,84181,gene/protein,CHD6,NCBI
4463,2239,gene/protein,GPC4,NCBI
4465,4968,gene/protein,OGG1,NCBI
4466,10564,gene/protein,ARFGEF2,NCBI
4468,1129,gene/protein,CHRM2,NCBI
4469,8200,gene/protein,GDF5,NCBI
4470,6897,gene/protein,TARS1,NCBI
4473,1373,gene/protein,CPS1,NCBI
4474,53826,gene/protein,FXYD6,NCBI
4475,6725,gene/protein,SRMS,NCBI
4476,8904,gene/protein,CPNE1,NCBI
4477,10498,gene/protein,CARM1,NCBI
4478,22807,gene/protein,IKZF2,NCBI
4480,4155,gene/protein,MBP,NCBI
4481,8148,gene/protein,TAF15,NCBI
4482,3310,gene/protein,HSPA6,NCBI
4485,6311,gene/protein,ATXN2,NCBI
4486,2248,gene/protein,FGF3,NCBI
4487,858,gene/protein,CAV2,NCBI
4488,7026,gene/protein,NR2F2,NCBI
4489,5981,gene/protein,RFC1,NCBI
4490,81034,gene/protein,SLC25A32,NCBI
4493,7069,gene/protein,THRSP,NCBI
4494,9173,gene/protein,IL1RL1,NCBI
4495,1201,gene/protein,CLN3,NCBI
4496,56901,gene/protein,NDUFA4L2,NCBI
4497,4846,gene/protein,NOS3,NCBI
4498,23603,gene/protein,CORO1C,NCBI
4499,3059,gene/protein,HCLS1,NCBI
4509,22955,gene/protein,SCMH1,NCBI
4510,9308,gene/protein,CD83,NCBI
4511,3035,gene/protein,HARS1,NCBI
4512,7919,gene/protein,DDX39B,NCBI
4516,51433,gene/protein,ANAPC5,NCBI
4517,7775,gene/protein,ZNF232,NCBI
4519,6147,gene/protein,RPL23A,NCBI
4522,1755,gene/protein,DMBT1,NCBI
4523,3337,gene/protein,DNAJB1,NCBI
4525,24149,gene/protein,ZNF318,NCBI
4526,3305,gene/protein,HSPA1L,NCBI
4527,10105,gene/protein,PPIF,NCBI
4531,10606,gene/protein,PAICS,NCBI
4536,3643,gene/protein,INSR,NCBI
4537,55191,gene/protein,NADSYN1,NCBI
4544,10550,gene/protein,ARL6IP5,NCBI
4546,51299,gene/protein,NRN1,NCBI
4548,3501,gene/protein,IGHG2,NCBI
4549,350,gene/protein,APOH,NCBI
4550,3481,gene/protein,IGF2,NCBI
4554,27161,gene/protein,AGO2,NCBI
4555,5733,gene/protein,PTGER3,NCBI
4557,10459,gene/protein,MAD2L2,NCBI
4558,7846,gene/protein,TUBA1A,NCBI
4562,23678,gene/protein,SGK3,NCBI
4564,11331,gene/protein,PHB2,NCBI
4566,9456,gene/protein,HOMER1,NCBI
4567,10660,gene/protein,LBX1,NCBI
4568,10940,gene/protein,POP1,NCBI
4569,5198,gene/protein,PFAS,NCBI
4570,386681,gene/protein,KRTAP10-8,NCBI
4572,827,gene/protein,CAPN6,NCBI
4575,925,gene/protein,CD8A,NCBI
4576,11343,gene/protein,MGLL,NCBI
4577,642,gene/protein,BLMH,NCBI
4578,23386,gene/protein,NUDCD3,NCBI
4579,50943,gene/protein,FOXP3,NCBI
4580,57547,gene/protein,ZNF624,NCBI
4582,3899,gene/protein,AFF3,NCBI
4584,463,gene/protein,ZFHX3,NCBI
4585,5915,gene/protein,RARB,NCBI
4587,7031,gene/protein,TFF1,NCBI
4589,6286,gene/protein,S100P,NCBI
4592,64963,gene/protein,MRPS11,NCBI
4593,7262,gene/protein,PHLDA2,NCBI
4594,7100,gene/protein,TLR5,NCBI
4596,3416,gene/protein,IDE,NCBI
4599,2288,gene/protein,FKBP4,NCBI
4600,6786,gene/protein,STIM1,NCBI
4601,4676,gene/protein,NAP1L4,NCBI
4602,9516,gene/protein,LITAF,NCBI
4605,2810,gene/protein,SFN,NCBI
4608,6570,gene/protein,SLC18A1,NCBI
4610,1656,gene/protein,DDX6,NCBI
4613,51164,gene/protein,DCTN4,NCBI
4615,7849,gene/protein,PAX8,NCBI
4616,5063,gene/protein,PAK3,NCBI
4617,10681,gene/protein,GNB5,NCBI
4618,1892,gene/protein,ECHS1,NCBI
4619,29015,gene/protein,SLC43A3,NCBI
4620,3351,gene/protein,HTR1B,NCBI
4621,1760,gene/protein,DMPK,NCBI
4622,4123,gene/protein,MAN2C1,NCBI
4623,2799,gene/protein,GNS,NCBI
4624,5188,gene/protein,GATB,NCBI
4626,4255,gene/protein,MGMT,NCBI
4630,30833,gene/protein,NT5C,NCBI
4633,4598,gene/protein,MVK,NCBI
4636,10553,gene/protein,HTATIP2,NCBI
4639,9706,gene/protein,ULK2,NCBI
4640,2155,gene/protein,F7,NCBI
4642,80306,gene/protein,MED28,NCBI
4645,6890,gene/protein,TAP1,NCBI
4647,27283,gene/protein,TINAG,NCBI
4648,80714,gene/protein,PBX4,NCBI
4650,1474,gene/protein,CST6,NCBI
4653,6683,gene/protein,SPAST,NCBI
4654,57188,gene/protein,ADAMTSL3,NCBI
4655,10804,gene/protein,GJB6,NCBI
4659,1314,gene/protein,COPA,NCBI
4663,6165,gene/protein,RPL35A,NCBI
4665,4692,gene/protein,NDN,NCBI
4672,10461,gene/protein,MERTK,NCBI
4673,23632,gene/protein,CA14,NCBI
4676,356,gene/protein,FASLG,NCBI
4677,114327,gene/protein,EFHC1,NCBI
4683,6607,gene/protein,SMN2,NCBI
4686,9271,gene/protein,PIWIL1,NCBI
4687,23397,gene/protein,NCAPH,NCBI
4688,2160,gene/protein,F11,NCBI
4691,10542,gene/protein,LAMTOR5,NCBI
4694,972,gene/protein,CD74,NCBI
4698,29098,gene/protein,RANGRF,NCBI
4701,26005,gene/protein,C2CD3,NCBI
4704,2621,gene/protein,GAS6,NCBI
4705,2257,gene/protein,FGF12,NCBI
4706,5868,gene/protein,RAB5A,NCBI
4710,2492,gene/protein,FSHR,NCBI
4711,835,gene/protein,CASP2,NCBI
4715,2019,gene/protein,EN1,NCBI
4717,51604,gene/protein,PIGT,NCBI
4719,81027,gene/protein,TUBB1,NCBI
4722,60561,gene/protein,RINT1,NCBI
4723,7818,gene/protein,DAP3,NCBI
4725,92,gene/protein,ACVR2A,NCBI
4726,60493,gene/protein,FASTKD5,NCBI
4730,51128,gene/protein,SAR1B,NCBI
4731,8767,gene/protein,RIPK2,NCBI
4732,5066,gene/protein,PAM,NCBI
4733,10566,gene/protein,AKAP3,NCBI
4735,5004,gene/protein,ORM1,NCBI
4738,3567,gene/protein,IL5,NCBI
4741,1787,gene/protein,TRDMT1,NCBI
4742,10188,gene/protein,TNK2,NCBI
4744,5553,gene/protein,PRG2,NCBI
4746,50809,gene/protein,HP1BP3,NCBI
4748,405,gene/protein,ARNT,NCBI
4749,57534,gene/protein,MIB1,NCBI
4751,5757,gene/protein,PTMA,NCBI
4752,2072,gene/protein,ERCC4,NCBI
4753,23185,gene/protein,LARP4B,NCBI
4755,54443,gene/protein,ANLN,NCBI
4756,9263,gene/protein,STK17A,NCBI
4757,2784,gene/protein,GNB3,NCBI
4760,8569,gene/protein,MKNK1,NCBI
4761,10456,gene/protein,HAX1,NCBI
4762,28964,gene/protein,GIT1,NCBI
4765,23191,gene/protein,CYFIP1,NCBI
4766,10514,gene/protein,MYBBP1A,NCBI
4768,5289,gene/protein,PIK3C3,NCBI
4769,10013,gene/protein,HDAC6,NCBI
4770,6339,gene/protein,SCNN1D,NCBI
4772,6019,gene/protein,RLN2,NCBI
4774,3437,gene/protein,IFIT3,NCBI
4776,366,gene/protein,AQP9,NCBI
4778,617,gene/protein,BCS1L,NCBI
4779,782,gene/protein,CACNB1,NCBI
4781,221079,gene/protein,ARL5B,NCBI
4782,191,gene/protein,AHCY,NCBI
4784,9623,gene/protein,TCL1B,NCBI
4789,6234,gene/protein,RPS28,NCBI
4790,79019,gene/protein,CENPM,NCBI
4794,481,gene/protein,ATP1B1,NCBI
4796,2697,gene/protein,GJA1,NCBI
4797,146225,gene/protein,CMTM2,NCBI
4801,1990,gene/protein,CELA1,NCBI
4803,3568,gene/protein,IL5RA,NCBI
4804,9963,gene/protein,SLC23A1,NCBI
4807,51366,gene/protein,UBR5,NCBI
4809,79868,gene/protein,ALG13,NCBI
4811,23204,gene/protein,ARL6IP1,NCBI
4812,3945,gene/protein,LDHB,NCBI
4813,103,gene/protein,ADAR,NCBI
4814,1136,gene/protein,CHRNA3,NCBI
4815,3983,gene/protein,ABLIM1,NCBI
4816,55614,gene/protein,KIF16B,NCBI
4817,4853,gene/protein,NOTCH2,NCBI
4818,4353,gene/protein,MPO,NCBI
4827,3105,gene/protein,HLA-A,NCBI
4829,3698,gene/protein,ITIH2,NCBI
4831,3737,gene/protein,KCNA2,NCBI
4832,5629,gene/protein,PROX1,NCBI
4834,5984,gene/protein,RFC4,NCBI
4837,1595,gene/protein,CYP51A1,NCBI
4839,4747,gene/protein,NEFL,NCBI
4840,353144,gene/protein,LCE3C,NCBI
4841,83743,gene/protein,GRWD1,NCBI
4842,607,gene/protein,BCL9,NCBI
4844,6499,gene/protein,SKIV2L,NCBI
4845,2194,gene/protein,FASN,NCBI
4848,9223,gene/protein,MAGI1,NCBI
4850,2356,gene/protein,FPGS,NCBI
4853,55626,gene/protein,AMBRA1,NCBI
4855,5825,gene/protein,ABCD3,NCBI
4857,4849,gene/protein,CNOT3,NCBI
4859,5209,gene/protein,PFKFB3,NCBI
4863,8407,gene/protein,TAGLN2,NCBI
4864,64224,gene/protein,HERPUD2,NCBI
4865,8038,gene/protein,ADAM12,NCBI
4866,50615,gene/protein,IL21R,NCBI
4869,6152,gene/protein,RPL24,NCBI
4871,5317,gene/protein,PKP1,NCBI
4872,8801,gene/protein,SUCLG2,NCBI
4873,23314,gene/protein,SATB2,NCBI
4875,10611,gene/protein,PDLIM5,NCBI
4880,10733,gene/protein,PLK4,NCBI
4883,406,gene/protein,ARNTL,NCBI
4887,1030,gene/protein,CDKN2B,NCBI
4889,4010,gene/protein,LMX1B,NCBI
4890,6653,gene/protein,SORL1,NCBI
4892,8851,gene/protein,CDK5R1,NCBI
4893,4316,gene/protein,MMP7,NCBI
4895,23136,gene/protein,EPB41L3,NCBI
4896,56478,gene/protein,EIF4ENIF1,NCBI
4900,3929,gene/protein,LBP,NCBI
4901,3984,gene/protein,LIMK1,NCBI
4902,9928,gene/protein,KIF14,NCBI
4906,5600,gene/protein,MAPK11,NCBI
4907,1672,gene/protein,DEFB1,NCBI
4909,2354,gene/protein,FOSB,NCBI
4910,9095,gene/protein,TBX19,NCBI
4912,8522,gene/protein,GAS7,NCBI
4917,27040,gene/protein,LAT,NCBI
4923,181,gene/protein,AGRP,NCBI
4924,55245,gene/protein,UQCC1,NCBI
4925,2290,gene/protein,FOXG1,NCBI
4927,22800,gene/protein,RRAS2,NCBI
4930,23468,gene/protein,CBX5,NCBI
4932,63876,gene/protein,PKNOX2,NCBI
4933,6223,gene/protein,RPS19,NCBI
4937,23552,gene/protein,CDK20,NCBI
4940,196441,gene/protein,ZFC3H1,NCBI
4941,3557,gene/protein,IL1RN,NCBI
4943,3161,gene/protein,HMMR,NCBI
4944,990,gene/protein,CDC6,NCBI
4946,22878,gene/protein,TRAPPC8,NCBI
4947,57405,gene/protein,SPC25,NCBI
4949,22999,gene/protein,RIMS1,NCBI
4951,3048,gene/protein,HBG2,NCBI
4952,6482,gene/protein,ST3GAL1,NCBI
4955,54715,gene/protein,RBFOX1,NCBI
4959,6648,gene/protein,SOD2,NCBI
4960,6154,gene/protein,RPL26,NCBI
4962,9564,gene/protein,BCAR1,NCBI
4966,8875,gene/protein,VNN2,NCBI
4967,6227,gene/protein,RPS21,NCBI
4968,3383,gene/protein,ICAM1,NCBI
4969,135,gene/protein,ADORA2A,NCBI
4973,5724,gene/protein,PTAFR,NCBI
4974,84864,gene/protein,RIOX2,NCBI
4975,4615,gene/protein,MYD88,NCBI
4976,3744,gene/protein,KCNA10,NCBI
4977,9962,gene/protein,SLC23A2,NCBI
4979,6710,gene/protein,SPTB,NCBI
4980,8636,gene/protein,SSNA1,NCBI
4982,10330,gene/protein,CNPY2,NCBI
4983,8972,gene/protein,MGAM,NCBI
4984,9997,gene/protein,SCO2,NCBI
4985,3791,gene/protein,KDR,NCBI
4986,1716,gene/protein,DGUOK,NCBI
4988,284904,gene/protein,SEC14L4,NCBI
4989,7436,gene/protein,VLDLR,NCBI
4990,9247,gene/protein,GCM2,NCBI
4992,286,gene/protein,ANK1,NCBI
4993,6402,gene/protein,SELL,NCBI
4995,6121,gene/protein,RPE65,NCBI
4997,4485,gene/protein,MST1,NCBI
4999,5627,gene/protein,PROS1,NCBI
5000,1741,gene/protein,DLG3,NCBI
5001,5073,gene/protein,PARN,NCBI
5002,2895,gene/protein,GRID2,NCBI
5004,308,gene/protein,ANXA5,NCBI
5006,6185,gene/protein,RPN2,NCBI
5008,9663,gene/protein,LPIN2,NCBI
5009,4086,gene/protein,SMAD1,NCBI
5012,6240,gene/protein,RRM1,NCBI
5015,928,gene/protein,CD9,NCBI
5016,26960,gene/protein,NBEA,NCBI
5017,5226,gene/protein,PGD,NCBI
5018,2899,gene/protein,GRIK3,NCBI
5019,10634,gene/protein,GAS2L1,NCBI
5022,3684,gene/protein,ITGAM,NCBI
5023,5729,gene/protein,PTGDR,NCBI
5024,8425,gene/protein,LTBP4,NCBI
5030,5332,gene/protein,PLCB4,NCBI
5032,6785,gene/protein,ELOVL4,NCBI
5035,9145,gene/protein,SYNGR1,NCBI
5036,987,gene/protein,LRBA,NCBI
5039,51267,gene/protein,CLEC1A,NCBI
5041,3029,gene/protein,HAGH,NCBI
5044,9453,gene/protein,GGPS1,NCBI
5047,84148,gene/protein,KAT8,NCBI
5049,3742,gene/protein,KCNA6,NCBI
5050,1468,gene/protein,SLC25A10,NCBI
5052,7809,gene/protein,BSND,NCBI
5054,6218,gene/protein,RPS17,NCBI
5056,3039,gene/protein,HBA1,NCBI
5058,11188,gene/protein,NISCH,NCBI
5059,29127,gene/protein,RACGAP1,NCBI
5061,26353,gene/protein,HSPB8,NCBI
5063,23034,gene/protein,SAMD4A,NCBI
5065,4922,gene/protein,NTS,NCBI
5067,6455,gene/protein,SH3GL1,NCBI
5074,2995,gene/protein,GYPC,NCBI
5075,733,gene/protein,C8G,NCBI
5078,4049,gene/protein,LTA,NCBI
5079,222389,gene/protein,BEND7,NCBI
5080,1471,gene/protein,CST3,NCBI
5083,84908,gene/protein,FAM136A,NCBI
5086,3667,gene/protein,IRS1,NCBI
5087,3083,gene/protein,HGFAC,NCBI
5092,5583,gene/protein,PRKCH,NCBI
5096,5218,gene/protein,CDK14,NCBI
5098,958,gene/protein,CD40,NCBI
5099,523,gene/protein,ATP6V1A,NCBI
5100,8864,gene/protein,PER2,NCBI
5101,2729,gene/protein,GCLC,NCBI
5102,7730,gene/protein,ZNF177,NCBI
5103,9639,gene/protein,ARHGEF10,NCBI
5104,345,gene/protein,APOC3,NCBI
5105,23199,gene/protein,GSE1,NCBI
5106,56616,gene/protein,DIABLO,NCBI
5108,83734,gene/protein,ATG10,NCBI
5109,2046,gene/protein,EPHA8,NCBI
5113,6887,gene/protein,TAL2,NCBI
5114,396,gene/protein,ARHGDIA,NCBI
5120,11063,gene/protein,SOX30,NCBI
5121,118490,gene/protein,MSS51,NCBI
5122,50628,gene/protein,GEMIN4,NCBI
5124,3710,gene/protein,ITPR3,NCBI
5126,79836,gene/protein,LONRF3,NCBI
5129,7015,gene/protein,TERT,NCBI
5130,9557,gene/protein,CHD1L,NCBI
5131,5362,gene/protein,PLXNA2,NCBI
5133,11176,gene/protein,BAZ2A,NCBI
5136,717,gene/protein,C2,NCBI
5137,5328,gene/protein,PLAU,NCBI
5138,56121,gene/protein,PCDHB15,NCBI
5140,6284,gene/protein,S100A13,NCBI
5141,1476,gene/protein,CSTB,NCBI
5144,51776,gene/protein,MAP3K20,NCBI
5149,9771,gene/protein,RAPGEF5,NCBI
5150,1036,gene/protein,CDO1,NCBI
5151,26040,gene/protein,SETBP1,NCBI
5153,81539,gene/protein,SLC38A1,NCBI
5155,10090,gene/protein,UST,NCBI
5156,54927,gene/protein,CHCHD3,NCBI
5157,1933,gene/protein,EEF1B2,NCBI
5158,7474,gene/protein,WNT5A,NCBI
5162,7555,gene/protein,CNBP,NCBI
5163,4713,gene/protein,NDUFB7,NCBI
5169,811,gene/protein,CALR,NCBI
5172,3149,gene/protein,HMGB3,NCBI
5174,3833,gene/protein,KIFC1,NCBI
5176,2944,gene/protein,GSTM1,NCBI
5180,7162,gene/protein,TPBG,NCBI
5181,84285,gene/protein,EIF1AD,NCBI
5186,79444,gene/protein,BIRC7,NCBI
5188,5310,gene/protein,PKD1,NCBI
5191,3339,gene/protein,HSPG2,NCBI
5193,55165,gene/protein,CEP55,NCBI
5195,6932,gene/protein,TCF7,NCBI
5199,7299,gene/protein,TYR,NCBI
5200,2049,gene/protein,EPHB3,NCBI
5202,8085,gene/protein,KMT2D,NCBI
5203,54681,gene/protein,P4HTM,NCBI
5204,8835,gene/protein,SOCS2,NCBI
5205,5673,gene/protein,PSG5,NCBI
5208,84541,gene/protein,KBTBD8,NCBI
5212,8805,gene/protein,TRIM24,NCBI
5214,3998,gene/protein,LMAN1,NCBI
5215,2938,gene/protein,GSTA1,NCBI
5221,64778,gene/protein,FNDC3B,NCBI
5223,11127,gene/protein,KIF3A,NCBI
5225,51150,gene/protein,SDF4,NCBI
5226,5683,gene/protein,PSMA2,NCBI
5227,1848,gene/protein,DUSP6,NCBI
5228,29922,gene/protein,NME7,NCBI
5229,1265,gene/protein,CNN2,NCBI
5230,196,gene/protein,AHR,NCBI
5231,9475,gene/protein,ROCK2,NCBI
5238,2617,gene/protein,GARS1,NCBI
5240,22822,gene/protein,PHLDA1,NCBI
5243,8907,gene/protein,AP1M1,NCBI
5248,4306,gene/protein,NR3C2,NCBI
5249,23353,gene/protein,SUN1,NCBI
5250,8802,gene/protein,SUCLG1,NCBI
5255,64802,gene/protein,NMNAT1,NCBI
5256,56923,gene/protein,NMUR2,NCBI
5257,1662,gene/protein,DDX10,NCBI
5258,27173,gene/protein,SLC39A1,NCBI
5259,140,gene/protein,ADORA3,NCBI
5261,5480,gene/protein,PPIC,NCBI
5265,5934,gene/protein,RBL2,NCBI
5266,54739,gene/protein,XAF1,NCBI
5267,51008,gene/protein,ASCC1,NCBI
5268,6390,gene/protein,SDHB,NCBI
5269,9425,gene/protein,CDYL,NCBI
5272,6259,gene/protein,RYK,NCBI
5273,6565,gene/protein,SLC15A2,NCBI
5275,4744,gene/protein,NEFH,NCBI
5277,2327,gene/protein,FMO2,NCBI
5281,5230,gene/protein,PGK1,NCBI
5282,7371,gene/protein,UCK2,NCBI
5286,871,gene/protein,SERPINH1,NCBI
5291,10131,gene/protein,TRAP1,NCBI
5292,1555,gene/protein,CYP2B6,NCBI
5294,57410,gene/protein,SCYL1,NCBI
5295,1306,gene/protein,COL15A1,NCBI
5299,2006,gene/protein,ELN,NCBI
5306,2572,gene/protein,GAD2,NCBI
5307,4893,gene/protein,NRAS,NCBI
5310,10135,gene/protein,NAMPT,NCBI
5311,10916,gene/protein,MAGED2,NCBI
5319,27253,gene/protein,PCDH17,NCBI
5320,2796,gene/protein,GNRH1,NCBI
5325,4593,gene/protein,MUSK,NCBI
5326,6342,gene/protein,SCP2,NCBI
5327,7979,gene/protein,SEM1,NCBI
5329,8428,gene/protein,STK24,NCBI
5331,6708,gene/protein,SPTA1,NCBI
5333,9891,gene/protein,NUAK1,NCBI
5336,6249,gene/protein,CLIP1,NCBI
5338,10897,gene/protein,YIF1A,NCBI
5339,5917,gene/protein,RARS1,NCBI
5340,2746,gene/protein,GLUD1,NCBI
5343,9101,gene/protein,USP8,NCBI
5344,4811,gene/protein,NID1,NCBI
5345,3778,gene/protein,KCNMA1,NCBI
5347,65061,gene/protein,CDK15,NCBI
5349,842,gene/protein,CASP9,NCBI
5351,51076,gene/protein,CUTC,NCBI
5352,7317,gene/protein,UBA1,NCBI
5353,9712,gene/protein,USP6NL,NCBI
5354,1806,gene/protein,DPYD,NCBI
5356,23269,gene/protein,MGA,NCBI
5357,650,gene/protein,BMP2,NCBI
5358,3720,gene/protein,JARID2,NCBI
5361,1523,gene/protein,CUX1,NCBI
5362,2677,gene/protein,GGCX,NCBI
5363,6275,gene/protein,S100A4,NCBI
5380,1880,gene/protein,GPR183,NCBI
5381,3556,gene/protein,IL1RAP,NCBI
5384,9943,gene/protein,OXSR1,NCBI
5385,6583,gene/protein,SLC22A4,NCBI
5388,5999,gene/protein,RGS4,NCBI
5389,3775,gene/protein,KCNK1,NCBI
5392,5019,gene/protein,OXCT1,NCBI
5399,132,gene/protein,ADK,NCBI
5403,8814,gene/protein,CDKL1,NCBI
5416,3047,gene/protein,HBG1,NCBI
5417,8675,gene/protein,STX16,NCBI
5419,25898,gene/protein,RCHY1,NCBI
5420,178,gene/protein,AGL,NCBI
5422,655,gene/protein,BMP7,NCBI
5424,9757,gene/protein,KMT2B,NCBI
5429,4684,gene/protein,NCAM1,NCBI
5432,10743,gene/protein,RAI1,NCBI
5433,659,gene/protein,BMPR2,NCBI
5436,55599,gene/protein,RNPC3,NCBI
5437,3655,gene/protein,ITGA6,NCBI
5438,1234,gene/protein,CCR5,NCBI
5439,9369,gene/protein,NRXN3,NCBI
5440,8451,gene/protein,CUL4A,NCBI
5443,1947,gene/protein,EFNB1,NCBI
5444,55005,gene/protein,RMND1,NCBI
5445,55183,gene/protein,RIF1,NCBI
5447,4016,gene/protein,LOXL1,NCBI
5450,30008,gene/protein,EFEMP2,NCBI
5451,24139,gene/protein,EML2,NCBI
5453,9641,gene/protein,IKBKE,NCBI
5454,10014,gene/protein,HDAC5,NCBI
5456,5007,gene/protein,OSBP,NCBI
5458,80204,gene/protein,FBXO11,NCBI
5460,22795,gene/protein,NID2,NCBI
5462,26470,gene/protein,SEZ6L2,NCBI
5465,5880,gene/protein,RAC2,NCBI
5479,7337,gene/protein,UBE3A,NCBI
5481,6582,gene/protein,SLC22A2,NCBI
5484,4092,gene/protein,SMAD7,NCBI
5485,5106,gene/protein,PCK2,NCBI
5486,9025,gene/protein,RNF8,NCBI
5489,80270,gene/protein,HSD3B7,NCBI
5491,4898,gene/protein,NRDC,NCBI
5494,4224,gene/protein,MEP1A,NCBI
5498,2557,gene/protein,GABRA4,NCBI
5499,94,gene/protein,ACVRL1,NCBI
5500,5734,gene/protein,PTGER4,NCBI
5501,1415,gene/protein,CRYBB2,NCBI
5502,1368,gene/protein,CPM,NCBI
5503,9168,gene/protein,TMSB10,NCBI
5504,64434,gene/protein,NOM1,NCBI
5506,79842,gene/protein,ZBTB3,NCBI
5507,4482,gene/protein,MSRA,NCBI
5508,6517,gene/protein,SLC2A4,NCBI
5510,11311,gene/protein,VPS45,NCBI
5511,143,gene/protein,PARP4,NCBI
5512,79084,gene/protein,WDR77,NCBI
5513,2736,gene/protein,GLI2,NCBI
5514,5315,gene/protein,PKM,NCBI
5517,6424,gene/protein,SFRP4,NCBI
5518,10401,gene/protein,PIAS3,NCBI
5519,3205,gene/protein,HOXA9,NCBI
5521,4761,gene/protein,NEUROD2,NCBI
5529,513,gene/protein,ATP5F1D,NCBI
5530,8710,gene/protein,SERPINB7,NCBI
5534,6550,gene/protein,SLC9A3,NCBI
5535,57560,gene/protein,IFT80,NCBI
5537,25824,gene/protein,PRDX5,NCBI
5540,1236,gene/protein,CCR7,NCBI
5542,10902,gene/protein,BRD8,NCBI
5543,6433,gene/protein,SFSWAP,NCBI
5544,2071,gene/protein,ERCC3,NCBI
5549,51317,gene/protein,PHF21A,NCBI
5550,2705,gene/protein,GJB1,NCBI
5551,2998,gene/protein,GYS2,NCBI
5552,10908,gene/protein,PNPLA6,NCBI
5555,7444,gene/protein,VRK2,NCBI
5557,4942,gene/protein,OAT,NCBI
5558,8312,gene/protein,AXIN1,NCBI
5560,10712,gene/protein,FAM189B,NCBI
5562,55816,gene/protein,DOK5,NCBI
5563,63891,gene/protein,RNF123,NCBI
5565,5550,gene/protein,PREP,NCBI
5567,10210,gene/protein,TOPORS,NCBI
5568,10959,gene/protein,TMED2,NCBI
5569,84867,gene/protein,PTPN5,NCBI
5570,23186,gene/protein,RCOR1,NCBI
5571,9915,gene/protein,ARNT2,NCBI
5572,9046,gene/protein,DOK2,NCBI
5573,9376,gene/protein,SLC22A8,NCBI
5574,4173,gene/protein,MCM4,NCBI
5576,26270,gene/protein,FBXO6,NCBI
5578,4211,gene/protein,MEIS1,NCBI
5579,923,gene/protein,CD6,NCBI
5580,1801,gene/protein,DPH1,NCBI
5581,3761,gene/protein,KCNJ4,NCBI
5586,383,gene/protein,ARG1,NCBI
5587,80342,gene/protein,TRAF3IP3,NCBI
5589,10000,gene/protein,AKT3,NCBI
5590,54806,gene/protein,AHI1,NCBI
5591,23410,gene/protein,SIRT3,NCBI
5593,10263,gene/protein,CDK2AP2,NCBI
5595,10437,gene/protein,IFI30,NCBI
5597,1536,gene/protein,CYBB,NCBI
5598,2312,gene/protein,FLG,NCBI
5601,57158,gene/protein,JPH2,NCBI
5603,3209,gene/protein,HOXA13,NCBI
5604,3565,gene/protein,IL4,NCBI
5608,5216,gene/protein,PFN1,NCBI
5609,2308,gene/protein,FOXO1,NCBI
5610,3589,gene/protein,IL11,NCBI
5613,3638,gene/protein,INSIG1,NCBI
5615,55584,gene/protein,CHRNA9,NCBI
5618,4718,gene/protein,NDUFC2,NCBI
5624,23345,gene/protein,SYNE1,NCBI
5625,174,gene/protein,AFP,NCBI
5626,50964,gene/protein,SOST,NCBI
5627,5731,gene/protein,PTGER1,NCBI
5631,597,gene/protein,BCL2A1,NCBI
5634,2823,gene/protein,GPM6A,NCBI
5637,5871,gene/protein,MAP4K2,NCBI
5638,3949,gene/protein,LDLR,NCBI
5639,6909,gene/protein,TBX2,NCBI
5640,3489,gene/protein,IGFBP6,NCBI
5641,8471,gene/protein,IRS4,NCBI
5643,26119,gene/protein,LDLRAP1,NCBI
5645,8220,gene/protein,ESS2,NCBI
5648,54433,gene/protein,GAR1,NCBI
5652,63035,gene/protein,BCORL1,NCBI
5654,4913,gene/protein,NTHL1,NCBI
5655,23780,gene/protein,APOL2,NCBI
5658,9610,gene/protein,RIN1,NCBI
5660,9058,gene/protein,SLC13A2,NCBI
5663,874,gene/protein,CBR3,NCBI
5667,2205,gene/protein,FCER1A,NCBI
5670,2719,gene/protein,GPC3,NCBI
5671,4023,gene/protein,LPL,NCBI
5672,3914,gene/protein,LAMB3,NCBI
5673,79695,gene/protein,GALNT12,NCBI
5677,23469,gene/protein,PHF3,NCBI
5679,1843,gene/protein,DUSP1,NCBI
5681,83461,gene/protein,CDCA3,NCBI
5683,4486,gene/protein,MST1R,NCBI
5685,7098,gene/protein,TLR3,NCBI
5688,9970,gene/protein,NR1I3,NCBI
5690,1978,gene/protein,EIF4EBP1,NCBI
5691,2664,gene/protein,GDI1,NCBI
5692,4282,gene/protein,MIF,NCBI
5694,7905,gene/protein,REEP5,NCBI
5697,7257,gene/protein,TSNAX,NCBI
5699,29789,gene/protein,OLA1,NCBI
5703,22985,gene/protein,ACIN1,NCBI
5704,8940,gene/protein,TOP3B,NCBI
5706,9462,gene/protein,RASAL2,NCBI
5708,26986,gene/protein,PABPC1,NCBI
5711,26610,gene/protein,ELP4,NCBI
5714,11337,gene/protein,GABARAP,NCBI
5715,90102,gene/protein,PHLDB2,NCBI
5716,25793,gene/protein,FBXO7,NCBI
5720,3479,gene/protein,IGF1,NCBI
5725,8028,gene/protein,MLLT10,NCBI
5728,501,gene/protein,ALDH7A1,NCBI
5730,2245,gene/protein,FGD1,NCBI
5731,6926,gene/protein,TBX3,NCBI
5732,5532,gene/protein,PPP3CB,NCBI
5733,710,gene/protein,SERPING1,NCBI
5737,23334,gene/protein,SZT2,NCBI
5739,6095,gene/protein,RORA,NCBI
5740,9687,gene/protein,GREB1,NCBI
5743,2108,gene/protein,ETFA,NCBI
5744,6103,gene/protein,RPGR,NCBI
5746,79677,gene/protein,SMC6,NCBI
5747,5800,gene/protein,PTPRO,NCBI
5748,151254,gene/protein,C2CD6,NCBI
5749,55157,gene/protein,DARS2,NCBI
5751,8888,gene/protein,MCM3AP,NCBI
5752,152,gene/protein,ADRA2C,NCBI
5756,2209,gene/protein,FCGR1A,NCBI
5758,138046,gene/protein,RALYL,NCBI
5759,388228,gene/protein,SBK1,NCBI
5760,81628,gene/protein,TSC22D4,NCBI
5763,57144,gene/protein,PAK5,NCBI
5765,55198,gene/protein,APPL2,NCBI
5766,2875,gene/protein,GPT,NCBI
5767,6337,gene/protein,SCNN1A,NCBI
5771,51599,gene/protein,LSR,NCBI
5773,6594,gene/protein,SMARCA1,NCBI
5774,3752,gene/protein,KCND3,NCBI
5777,4635,gene/protein,MYL4,NCBI
5778,5298,gene/protein,PI4KB,NCBI
5782,321,gene/protein,APBA2,NCBI
5783,202559,gene/protein,KHDRBS2,NCBI
5784,176,gene/protein,ACAN,NCBI
5791,92421,gene/protein,CHMP4C,NCBI
5792,23643,gene/protein,LY96,NCBI
5794,4763,gene/protein,NF1,NCBI
5797,54929,gene/protein,TMEM161A,NCBI
5798,8711,gene/protein,TNK1,NCBI
5799,7345,gene/protein,UCHL1,NCBI
5803,29777,gene/protein,ABT1,NCBI
5805,1670,gene/protein,DEFA5,NCBI
5807,1839,gene/protein,HBEGF,NCBI
5809,5605,gene/protein,MAP2K2,NCBI
5811,4513,gene/protein,MT-CO2,NCBI
5812,6834,gene/protein,SURF1,NCBI
5813,23064,gene/protein,SETX,NCBI
5816,8992,gene/protein,ATP6V0E1,NCBI
5817,4693,gene/protein,NDP,NCBI
5821,26135,gene/protein,SERBP1,NCBI
5822,23221,gene/protein,RHOBTB2,NCBI
5823,3852,gene/protein,KRT5,NCBI
5824,1233,gene/protein,CCR4,NCBI
5825,54101,gene/protein,RIPK4,NCBI
5829,2542,gene/protein,SLC37A4,NCBI
5831,1634,gene/protein,DCN,NCBI
5834,7305,gene/protein,TYROBP,NCBI
5836,5859,gene/protein,QARS1,NCBI
5838,5699,gene/protein,PSMB10,NCBI
5846,57596,gene/protein,BEGAIN,NCBI
5848,95,gene/protein,ACY1,NCBI
5849,5564,gene/protein,PRKAB1,NCBI
5850,26524,gene/protein,LATS2,NCBI
5852,26468,gene/protein,LHX6,NCBI
5853,64132,gene/protein,XYLT2,NCBI
5854,6573,gene/protein,SLC19A1,NCBI
5855,10039,gene/protein,PARP3,NCBI
5856,216,gene/protein,ALDH1A1,NCBI
5859,5816,gene/protein,PVALB,NCBI
5865,7301,gene/protein,TYRO3,NCBI
5866,26012,gene/protein,NSMF,NCBI
5867,3738,gene/protein,KCNA3,NCBI
5868,9334,gene/protein,B4GALT5,NCBI
5869,5889,gene/protein,RAD51C,NCBI
5870,8424,gene/protein,BBOX1,NCBI
5871,2730,gene/protein,GCLM,NCBI
5875,5535,gene/protein,PPP3R2,NCBI
5877,4803,gene/protein,NGF,NCBI
5883,57381,gene/protein,RHOJ,NCBI
5886,6251,gene/protein,RSU1,NCBI
5889,8914,gene/protein,TIMELESS,NCBI
5891,51382,gene/protein,ATP6V1D,NCBI
5895,22802,gene/protein,CLCA4,NCBI
5898,23338,gene/protein,JADE2,NCBI
5899,6091,gene/protein,ROBO1,NCBI
5904,4762,gene/protein,NEUROG1,NCBI
5905,3053,gene/protein,SERPIND1,NCBI
5908,4303,gene/protein,FOXO4,NCBI
5909,3362,gene/protein,HTR6,NCBI
5914,4921,gene/protein,DDR2,NCBI
5915,6347,gene/protein,CCL2,NCBI
5918,9133,gene/protein,CCNB2,NCBI
5923,3514,gene/protein,IGKC,NCBI
5924,5037,gene/protein,PEBP1,NCBI
5925,52,gene/protein,ACP1,NCBI
5926,9844,gene/protein,ELMO1,NCBI
5930,10499,gene/protein,NCOA2,NCBI
5932,6876,gene/protein,TAGLN,NCBI
5936,397,gene/protein,ARHGDIB,NCBI
5938,5327,gene/protein,PLAT,NCBI
5939,84678,gene/protein,KDM2B,NCBI
5940,3978,gene/protein,LIG1,NCBI
5942,7280,gene/protein,TUBB2A,NCBI
5943,10076,gene/protein,PTPRU,NCBI
5944,22827,gene/protein,PUF60,NCBI
5947,9627,gene/protein,SNCAIP,NCBI
5949,11330,gene/protein,CTRC,NCBI
5950,1272,gene/protein,CNTN1,NCBI
5951,55300,gene/protein,PI4K2B,NCBI
5954,3563,gene/protein,IL3RA,NCBI
5957,11183,gene/protein,MAP4K5,NCBI
5958,4978,gene/protein,OPCML,NCBI
5961,793,gene/protein,CALB1,NCBI
5962,23475,gene/protein,QPRT,NCBI
5963,551,gene/protein,AVP,NCBI
5965,1134,gene/protein,CHRNA1,NCBI
5966,129880,gene/protein,BBS5,NCBI
5972,9333,gene/protein,TGM5,NCBI
5974,10148,gene/protein,EBI3,NCBI
5976,2044,gene/protein,EPHA5,NCBI
5977,722,gene/protein,C4BPA,NCBI
5978,10298,gene/protein,PAK4,NCBI
5979,23256,gene/protein,SCFD1,NCBI
5981,57510,gene/protein,XPO5,NCBI
5982,1800,gene/protein,DPEP1,NCBI
5985,27077,gene/protein,B9D1,NCBI
5988,4298,gene/protein,MLLT1,NCBI
5993,7025,gene/protein,NR2F1,NCBI
5996,353143,gene/protein,LCE3B,NCBI
5997,11318,gene/protein,GPR182,NCBI
5998,6794,gene/protein,STK11,NCBI
5999,1506,gene/protein,CTRL,NCBI
6000,21,gene/protein,ABCA3,NCBI
6001,2888,gene/protein,GRB14,NCBI
6002,6948,gene/protein,TCN2,NCBI
6003,6237,gene/protein,RRAS,NCBI
6007,55827,gene/protein,DCAF6,NCBI
6009,4940,gene/protein,OAS3,NCBI
6010,3913,gene/protein,LAMB2,NCBI
6011,1130,gene/protein,LYST,NCBI
6012,9464,gene/protein,HAND2,NCBI
6014,51182,gene/protein,HSPA14,NCBI
6017,55294,gene/protein,FBXW7,NCBI
6019,8289,gene/protein,ARID1A,NCBI
6024,55577,gene/protein,NAGK,NCBI
6026,2994,gene/protein,GYPB,NCBI
6028,5373,gene/protein,PMM2,NCBI
6031,5261,gene/protein,PHKG2,NCBI
6032,4159,gene/protein,MC3R,NCBI
6035,26039,gene/protein,SS18L1,NCBI
6036,54620,gene/protein,FBXL19,NCBI
6037,8651,gene/protein,SOCS1,NCBI
6043,23621,gene/protein,BACE1,NCBI
6047,325,gene/protein,APCS,NCBI
6048,10586,gene/protein,MAB21L2,NCBI
6053,8189,gene/protein,SYMPK,NCBI
6058,3642,gene/protein,INSM1,NCBI
6061,4487,gene/protein,MSX1,NCBI
6062,53916,gene/protein,RAB4B,NCBI
6070,11197,gene/protein,WIF1,NCBI
6073,6928,gene/protein,HNF1B,NCBI
6079,9189,gene/protein,ZBED1,NCBI
6081,585,gene/protein,BBS4,NCBI
6082,23066,gene/protein,CAND2,NCBI
6083,5334,gene/protein,PLCL1,NCBI
6086,23177,gene/protein,CEP68,NCBI
6087,7027,gene/protein,TFDP1,NCBI
6088,7852,gene/protein,CXCR4,NCBI
6090,1133,gene/protein,CHRM5,NCBI
6095,306,gene/protein,ANXA3,NCBI
6096,2004,gene/protein,ELK3,NCBI
6097,91754,gene/protein,NEK9,NCBI
6098,65258,gene/protein,MPPE1,NCBI
6099,1503,gene/protein,CTPS1,NCBI
6107,6252,gene/protein,RTN1,NCBI
6108,1803,gene/protein,DPP4,NCBI
6110,1106,gene/protein,CHD2,NCBI
6111,55248,gene/protein,PACC1,NCBI
6112,678,gene/protein,ZFP36L2,NCBI
6115,9203,gene/protein,ZMYM3,NCBI
6116,8867,gene/protein,SYNJ1,NCBI
6117,3603,gene/protein,IL16,NCBI
6118,23420,gene/protein,NOMO1,NCBI
6120,2182,gene/protein,ACSL4,NCBI
6121,51684,gene/protein,SUFU,NCBI
6122,57190,gene/protein,SELENON,NCBI
6123,1870,gene/protein,E2F2,NCBI
6125,10411,gene/protein,RAPGEF3,NCBI
6129,51593,gene/protein,SRRT,NCBI
6132,2742,gene/protein,GLRA2,NCBI
6133,8021,gene/protein,NUP214,NCBI
6136,740,gene/protein,MRPL49,NCBI
6137,4221,gene/protein,MEN1,NCBI
6140,9568,gene/protein,GABBR2,NCBI
6143,54716,gene/protein,SLC6A20,NCBI
6144,5139,gene/protein,PDE3A,NCBI
6149,8546,gene/protein,AP3B1,NCBI
6150,8795,gene/protein,TNFRSF10B,NCBI
6151,5360,gene/protein,PLTP,NCBI
6154,2252,gene/protein,FGF7,NCBI
6155,3135,gene/protein,HLA-G,NCBI
6161,79187,gene/protein,FSD1,NCBI
6163,755,gene/protein,CFAP410,NCBI
6167,9927,gene/protein,MFN2,NCBI
6168,3593,gene/protein,IL12B,NCBI
6169,11187,gene/protein,PKP3,NCBI
6173,10516,gene/protein,FBLN5,NCBI
6174,143187,gene/protein,VTI1A,NCBI
6175,4524,gene/protein,MTHFR,NCBI
6177,158,gene/protein,ADSL,NCBI
6178,2167,gene/protein,FABP4,NCBI
6181,23339,gene/protein,VPS39,NCBI
6182,23400,gene/protein,ATP13A2,NCBI
6187,4720,gene/protein,NDUFS2,NCBI
6188,6271,gene/protein,S100A1,NCBI
6192,6258,gene/protein,RXRG,NCBI
6193,3756,gene/protein,KCNH1,NCBI
6194,55240,gene/protein,STEAP3,NCBI
6195,5649,gene/protein,RELN,NCBI
6196,10981,gene/protein,RAB32,NCBI
6199,4174,gene/protein,MCM5,NCBI
6201,840,gene/protein,CASP7,NCBI
6206,34,gene/protein,ACADM,NCBI
6207,9805,gene/protein,SCRN1,NCBI
6210,4671,gene/protein,NAIP,NCBI
6211,11004,gene/protein,KIF2C,NCBI
6212,5923,gene/protein,RASGRF1,NCBI
6213,128826,gene/protein,MIR1-1HG,NCBI
6214,9228,gene/protein,DLGAP2,NCBI
6216,5909,gene/protein,RAP1GAP,NCBI
6217,6414,gene/protein,SELENOP,NCBI
6219,23012,gene/protein,STK38L,NCBI
6220,217,gene/protein,ALDH2,NCBI
6222,2861,gene/protein,GPR37,NCBI
6223,55219,gene/protein,MACO1,NCBI
6229,64127,gene/protein,NOD2,NCBI
6233,54,gene/protein,ACP5,NCBI
6234,3045,gene/protein,HBD,NCBI
6239,10568,gene/protein,SLC34A2,NCBI
6240,5527,gene/protein,PPP2R5C,NCBI
6244,7804,gene/protein,LRP8,NCBI
6248,4299,gene/protein,AFF1,NCBI
6250,1776,gene/protein,DNASE1L3,NCBI
6251,10480,gene/protein,EIF3M,NCBI
6252,1081,gene/protein,CGA,NCBI
6254,6795,gene/protein,AURKC,NCBI
6258,4053,gene/protein,LTBP2,NCBI
6259,8514,gene/protein,KCNAB2,NCBI
6264,6494,gene/protein,SIPA1,NCBI
6266,11157,gene/protein,LSM6,NCBI
6267,5630,gene/protein,PRPH,NCBI
6270,2921,gene/protein,CXCL3,NCBI
6275,3772,gene/protein,KCNJ15,NCBI
6276,3915,gene/protein,LAMC1,NCBI
6278,5337,gene/protein,PLD1,NCBI
6281,30968,gene/protein,STOML2,NCBI
6283,5745,gene/protein,PTH1R,NCBI
6285,64207,gene/protein,IRF2BPL,NCBI
6289,781,gene/protein,CACNA2D1,NCBI
6290,6591,gene/protein,SNAI2,NCBI
6293,2219,gene/protein,FCN1,NCBI
6295,8202,gene/protein,NCOA3,NCBI
6296,4311,gene/protein,MME,NCBI
6297,1984,gene/protein,EIF5A,NCBI
6299,11020,gene/protein,IFT27,NCBI
6303,5083,gene/protein,PAX9,NCBI
6305,8001,gene/protein,GLRA3,NCBI
6307,54498,gene/protein,SMOX,NCBI
6308,89884,gene/protein,LHX4,NCBI
6309,147,gene/protein,ADRA1B,NCBI
6311,2901,gene/protein,GRIK5,NCBI
6312,126695,gene/protein,KDF1,NCBI
6315,773,gene/protein,CACNA1A,NCBI
6317,7163,gene/protein,TPD52,NCBI
6319,2328,gene/protein,FMO3,NCBI
6320,11202,gene/protein,KLK8,NCBI
6321,5348,gene/protein,FXYD1,NCBI
6323,51109,gene/protein,RDH11,NCBI
6325,6845,gene/protein,VAMP7,NCBI
6328,55930,gene/protein,MYO5C,NCBI
6329,627,gene/protein,BDNF,NCBI
6330,8988,gene/protein,HSPB3,NCBI
6331,864,gene/protein,RUNX3,NCBI
6338,10803,gene/protein,CCR9,NCBI
6341,23424,gene/protein,TDRD7,NCBI
6343,58190,gene/protein,CTDSP1,NCBI
6344,23198,gene/protein,PSME4,NCBI
6346,8639,gene/protein,AOC3,NCBI
6347,9479,gene/protein,MAPK8IP1,NCBI
6348,3745,gene/protein,KCNB1,NCBI
6349,1349,gene/protein,COX7B,NCBI
6350,1174,gene/protein,AP1S1,NCBI
6351,29091,gene/protein,STXBP6,NCBI
6353,786,gene/protein,CACNG1,NCBI
6355,80036,gene/protein,TRPM3,NCBI
6357,29072,gene/protein,SETD2,NCBI
6359,7862,gene/protein,BRPF1,NCBI
6360,6404,gene/protein,SELPLG,NCBI
6361,56945,gene/protein,MRPS22,NCBI
6364,1837,gene/protein,DTNA,NCBI
6365,777,gene/protein,CACNA1E,NCBI
6368,1435,gene/protein,CSF1,NCBI
6370,79156,gene/protein,PLEKHF1,NCBI
6373,8626,gene/protein,TP63,NCBI
6374,1008,gene/protein,CDH10,NCBI
6377,10189,gene/protein,ALYREF,NCBI
6378,3097,gene/protein,HIVEP2,NCBI
6380,3075,gene/protein,CFH,NCBI
6382,4103,gene/protein,MAGEA4,NCBI
6384,6160,gene/protein,RPL31,NCBI
6385,2069,gene/protein,EREG,NCBI
6386,7174,gene/protein,TPP2,NCBI
6390,58485,gene/protein,TRAPPC1,NCBI
6393,55616,gene/protein,ASAP3,NCBI
6394,8125,gene/protein,ANP32A,NCBI
6398,3696,gene/protein,ITGB8,NCBI
6399,79784,gene/protein,MYH14,NCBI
6400,54361,gene/protein,WNT4,NCBI
6401,54517,gene/protein,PUS7,NCBI
6403,1149,gene/protein,CIDEA,NCBI
6405,3632,gene/protein,INPP5A,NCBI
6408,7039,gene/protein,TGFA,NCBI
6409,60529,gene/protein,ALX4,NCBI
6411,4360,gene/protein,MRC1,NCBI
6414,90865,gene/protein,IL33,NCBI
6415,4750,gene/protein,NEK1,NCBI
6418,2752,gene/protein,GLUL,NCBI
6419,10048,gene/protein,RANBP9,NCBI
6424,8863,gene/protein,PER3,NCBI
6426,55872,gene/protein,PBK,NCBI
6428,7297,gene/protein,TYK2,NCBI
6432,51098,gene/protein,IFT52,NCBI
6434,5962,gene/protein,RDX,NCBI
6435,8842,gene/protein,PROM1,NCBI
6436,55749,gene/protein,CCAR1,NCBI
6437,54556,gene/protein,ING3,NCBI
6439,5655,gene/protein,KLK10,NCBI
6440,2911,gene/protein,GRM1,NCBI
6442,492,gene/protein,ATP2B3,NCBI
6443,23731,gene/protein,TMEM245,NCBI
6444,9908,gene/protein,G3BP2,NCBI
6446,29886,gene/protein,SNX8,NCBI
6453,23411,gene/protein,SIRT1,NCBI
6454,4094,gene/protein,MAF,NCBI
6457,55714,gene/protein,TENM3,NCBI
6460,1146,gene/protein,CHRNG,NCBI
6461,7358,gene/protein,UGDH,NCBI
6462,6539,gene/protein,SLC6A12,NCBI
6468,2254,gene/protein,FGF9,NCBI
6469,1734,gene/protein,DIO2,NCBI
6474,51780,gene/protein,KDM3B,NCBI
6478,51081,gene/protein,MRPS7,NCBI
6482,27111,gene/protein,SDCBP2,NCBI
6483,6832,gene/protein,SUPV3L1,NCBI
6487,3708,gene/protein,ITPR1,NCBI
6492,796,gene/protein,CALCA,NCBI
6496,3233,gene/protein,HOXD4,NCBI
6497,10016,gene/protein,PDCD6,NCBI
6499,5832,gene/protein,ALDH18A1,NCBI
6504,5979,gene/protein,RET,NCBI
6506,6712,gene/protein,SPTBN2,NCBI
6507,1579,gene/protein,CYP4A11,NCBI
6508,9950,gene/protein,GOLGA5,NCBI
6512,84456,gene/protein,L3MBTL3,NCBI
6513,3280,gene/protein,HES1,NCBI
6515,6799,gene/protein,SULT1A2,NCBI
6517,27330,gene/protein,RPS6KA6,NCBI
6519,79807,gene/protein,GSTCD,NCBI
6520,26999,gene/protein,CYFIP2,NCBI
6521,1068,gene/protein,CETN1,NCBI
6522,6301,gene/protein,SARS1,NCBI
6523,23228,gene/protein,PLCL2,NCBI
6524,2150,gene/protein,F2RL1,NCBI
6526,7515,gene/protein,XRCC1,NCBI
6527,23492,gene/protein,CBX7,NCBI
6528,2077,gene/protein,ERF,NCBI
6529,2915,gene/protein,GRM5,NCBI
6533,3985,gene/protein,LIMK2,NCBI
6540,5277,gene/protein,PIGA,NCBI
6541,1066,gene/protein,CES1,NCBI
6546,79648,gene/protein,MCPH1,NCBI
6552,117,gene/protein,ADCYAP1R1,NCBI
6556,968,gene/protein,CD68,NCBI
6558,412,gene/protein,STS,NCBI
6560,899,gene/protein,CCNF,NCBI
6561,47,gene/protein,ACLY,NCBI
6566,5148,gene/protein,PDE6G,NCBI
6567,1908,gene/protein,EDN3,NCBI
6569,51650,gene/protein,MRPS33,NCBI
6573,8482,gene/protein,SEMA7A,NCBI
6574,4773,gene/protein,NFATC2,NCBI
6575,9647,gene/protein,PPM1F,NCBI
6579,55507,gene/protein,GPRC5D,NCBI
6583,23534,gene/protein,TNPO3,NCBI
6585,81551,gene/protein,STMN4,NCBI
6591,727,gene/protein,C5,NCBI
6594,22926,gene/protein,ATF6,NCBI
6595,714,gene/protein,C1QC,NCBI
6597,10765,gene/protein,KDM5B,NCBI
6598,5078,gene/protein,PAX4,NCBI
6601,2299,gene/protein,FOXI1,NCBI
6605,51535,gene/protein,PPHLN1,NCBI
6606,1103,gene/protein,CHAT,NCBI
6607,2070,gene/protein,EYA4,NCBI
6609,83667,gene/protein,SESN2,NCBI
6610,3954,gene/protein,LETM1,NCBI
6612,7779,gene/protein,SLC30A1,NCBI
6616,57617,gene/protein,VPS18,NCBI
6618,10642,gene/protein,IGF2BP1,NCBI
6623,22872,gene/protein,SEC31A,NCBI
6626,9377,gene/protein,COX5A,NCBI
6627,2952,gene/protein,GSTT1,NCBI
6628,3980,gene/protein,LIG3,NCBI
6630,9582,gene/protein,APOBEC3B,NCBI
6633,3177,gene/protein,SLC29A2,NCBI
6635,5175,gene/protein,PECAM1,NCBI
6636,9213,gene/protein,XPR1,NCBI
6638,2744,gene/protein,GLS,NCBI
6640,54499,gene/protein,TMCO1,NCBI
6642,7253,gene/protein,TSHR,NCBI
6644,6818,gene/protein,SULT1A3,NCBI
6650,8100,gene/protein,IFT88,NCBI
6651,7423,gene/protein,VEGFB,NCBI
6654,27345,gene/protein,KCNMB4,NCBI
6655,3718,gene/protein,JAK3,NCBI
6657,26575,gene/protein,RGS17,NCBI
6658,10979,gene/protein,FERMT2,NCBI
6661,55054,gene/protein,ATG16L1,NCBI
6662,10312,gene/protein,TCIRG1,NCBI
6664,3239,gene/protein,HOXD13,NCBI
6666,9466,gene/protein,IL27RA,NCBI
6667,8089,gene/protein,YEATS4,NCBI
6669,23522,gene/protein,KAT6B,NCBI
6670,8570,gene/protein,KHSRP,NCBI
6671,1441,gene/protein,CSF3R,NCBI
6677,9961,gene/protein,MVP,NCBI
6679,2893,gene/protein,GRIA4,NCBI
6680,10693,gene/protein,CCT6B,NCBI
6681,917,gene/protein,CD3G,NCBI
6682,55554,gene/protein,KLK15,NCBI
6684,23274,gene/protein,CLEC16A,NCBI
6690,22906,gene/protein,TRAK1,NCBI
6691,10243,gene/protein,GPHN,NCBI
6695,6783,gene/protein,SULT1E1,NCBI
6697,58505,gene/protein,OSTC,NCBI
6699,8396,gene/protein,PIP4K2B,NCBI
6700,5036,gene/protein,PA2G4,NCBI
6703,1464,gene/protein,CSPG4,NCBI
6705,2280,gene/protein,FKBP1A,NCBI
6707,6615,gene/protein,SNAI1,NCBI
6713,5338,gene/protein,PLD2,NCBI
6714,54680,gene/protein,ZNHIT6,NCBI
6715,7466,gene/protein,WFS1,NCBI
6716,23495,gene/protein,TNFRSF13B,NCBI
6717,7433,gene/protein,VIPR1,NCBI
6718,5481,gene/protein,PPID,NCBI
6719,7170,gene/protein,TPM3,NCBI
6721,435,gene/protein,ASL,NCBI
6722,1823,gene/protein,DSC1,NCBI
6723,950,gene/protein,SCARB2,NCBI
6725,64506,gene/protein,CPEB1,NCBI
6727,23493,gene/protein,HEY2,NCBI
6728,26511,gene/protein,CHIC2,NCBI
6729,10891,gene/protein,PPARGC1A,NCBI
6733,80230,gene/protein,RUFY1,NCBI
6736,6428,gene/protein,SRSF3,NCBI
6737,2775,gene/protein,GNAO1,NCBI
6739,7054,gene/protein,TH,NCBI
6740,735,gene/protein,C9,NCBI
6742,5223,gene/protein,PGAM1,NCBI
6743,1340,gene/protein,COX6B1,NCBI
6745,4507,gene/protein,MTAP,NCBI
6751,7019,gene/protein,TFAM,NCBI
6752,203062,gene/protein,TSNARE1,NCBI
6753,7274,gene/protein,TTPA,NCBI
6757,8516,gene/protein,ITGA8,NCBI
6763,25953,gene/protein,PNKD,NCBI
6765,136991,gene/protein,ASZ1,NCBI
6771,2315,gene/protein,MLANA,NCBI
6772,7110,gene/protein,TMF1,NCBI
6777,3936,gene/protein,LCP1,NCBI
6779,1647,gene/protein,GADD45A,NCBI
6781,4008,gene/protein,LMO7,NCBI
6782,2892,gene/protein,GRIA3,NCBI
6784,5313,gene/protein,PKLR,NCBI
6788,676,gene/protein,BRDT,NCBI
6792,2917,gene/protein,GRM7,NCBI
6793,8359,gene/protein,H4C1,NCBI
6794,4589,gene/protein,MUC7,NCBI
6801,79587,gene/protein,CARS2,NCBI
6802,6778,gene/protein,STAT6,NCBI
6804,5420,gene/protein,PODXL,NCBI
6806,50813,gene/protein,COPS7A,NCBI
6808,2554,gene/protein,GABRA1,NCBI
6809,83990,gene/protein,BRIP1,NCBI
6810,2637,gene/protein,GBX2,NCBI
6814,29945,gene/protein,ANAPC4,NCBI
6815,4653,gene/protein,MYOC,NCBI
6817,10062,gene/protein,NR1H3,NCBI
6821,7447,gene/protein,VSNL1,NCBI
6826,9499,gene/protein,MYOT,NCBI
6827,56952,gene/protein,PRTFDC1,NCBI
6829,4891,gene/protein,SLC11A2,NCBI
6831,9517,gene/protein,SPTLC2,NCBI
6832,41,gene/protein,ASIC1,NCBI
6833,9136,gene/protein,RRP9,NCBI
6835,5537,gene/protein,PPP6C,NCBI
6836,2920,gene/protein,CXCL2,NCBI
6840,3257,gene/protein,HPS1,NCBI
6841,5471,gene/protein,PPAT,NCBI
6844,25830,gene/protein,SULT4A1,NCBI
6845,3957,gene/protein,LGALS2,NCBI
6847,8443,gene/protein,GNPAT,NCBI
6848,2876,gene/protein,GPX1,NCBI
6855,2820,gene/protein,GPD2,NCBI
6856,10,gene/protein,NAT2,NCBI
6857,5589,gene/protein,PRKCSH,NCBI
6867,6007,gene/protein,RHD,NCBI
6873,633,gene/protein,BGN,NCBI
6874,4319,gene/protein,MMP10,NCBI
6878,3996,gene/protein,LLGL1,NCBI
6880,64377,gene/protein,CHST8,NCBI
6881,23244,gene/protein,PDS5A,NCBI
6883,8837,gene/protein,CFLAR,NCBI
6885,3624,gene/protein,INHBA,NCBI
6886,9401,gene/protein,RECQL4,NCBI
6889,3782,gene/protein,KCNN3,NCBI
6890,7518,gene/protein,XRCC4,NCBI
6892,2662,gene/protein,GDF10,NCBI
6894,9274,gene/protein,BCL7C,NCBI
6898,9709,gene/protein,HERPUD1,NCBI
6900,4293,gene/protein,MAP3K9,NCBI
6901,3953,gene/protein,LEPR,NCBI
6903,390,gene/protein,RND3,NCBI
6906,411,gene/protein,ARSB,NCBI
6907,1889,gene/protein,ECE1,NCBI
6908,22797,gene/protein,TFEC,NCBI
6912,23683,gene/protein,PRKD3,NCBI
6914,6559,gene/protein,SLC12A3,NCBI
6916,3679,gene/protein,ITGA7,NCBI
6921,10409,gene/protein,BASP1,NCBI
6922,8302,gene/protein,KLRC4,NCBI
6926,3440,gene/protein,IFNA2,NCBI
6931,12,gene/protein,SERPINA3,NCBI
6933,2203,gene/protein,FBP1,NCBI
6936,241,gene/protein,ALOX5AP,NCBI
6937,10297,gene/protein,APC2,NCBI
6938,5802,gene/protein,PTPRS,NCBI
6940,5621,gene/protein,PRNP,NCBI
6944,644,gene/protein,BLVRA,NCBI
6945,8880,gene/protein,FUBP1,NCBI
6947,10382,gene/protein,TUBB4A,NCBI
6950,130540,gene/protein,FLACC1,NCBI
6956,9728,gene/protein,SECISBP2L,NCBI
6959,1528,gene/protein,CYB5A,NCBI
6962,8086,gene/protein,AAAS,NCBI
6963,2563,gene/protein,GABRD,NCBI
6964,2030,gene/protein,SLC29A1,NCBI
6966,11200,gene/protein,CHEK2,NCBI
6973,2672,gene/protein,GFI1,NCBI
6974,139105,gene/protein,BEND2,NCBI
6975,26054,gene/protein,SENP6,NCBI
6976,7153,gene/protein,TOP2A,NCBI
6977,2811,gene/protein,GP1BA,NCBI
6983,1363,gene/protein,CPE,NCBI
6985,26291,gene/protein,FGF21,NCBI
6986,3977,gene/protein,LIFR,NCBI
6990,4599,gene/protein,MX1,NCBI
6992,11034,gene/protein,DSTN,NCBI
6993,64748,gene/protein,PLPPR2,NCBI
6996,8743,gene/protein,TNFSF10,NCBI
6998,5211,gene/protein,PFKL,NCBI
7002,1040,gene/protein,CDS1,NCBI
7006,6555,gene/protein,SLC10A2,NCBI
7009,2118,gene/protein,ETV4,NCBI
7015,55227,gene/protein,LRRC1,NCBI
7018,7486,gene/protein,WRN,NCBI
7019,6662,gene/protein,SOX9,NCBI
7020,29959,gene/protein,NRBP1,NCBI
7021,8527,gene/protein,DGKD,NCBI
7022,1798,gene/protein,DPAGT1,NCBI
7024,779,gene/protein,CACNA1S,NCBI
7027,23503,gene/protein,ZFYVE26,NCBI
7028,25836,gene/protein,NIPBL,NCBI
7029,4783,gene/protein,NFIL3,NCBI
7031,8195,gene/protein,MKKS,NCBI
7032,715,gene/protein,C1R,NCBI
7033,23352,gene/protein,UBR4,NCBI
7034,7498,gene/protein,XDH,NCBI
7036,50604,gene/protein,IL20,NCBI
7037,725,gene/protein,C4BPB,NCBI
7040,2641,gene/protein,GCG,NCBI
7045,4162,gene/protein,MCAM,NCBI
7046,27131,gene/protein,SNX5,NCBI
7047,3600,gene/protein,IL15,NCBI
7055,35,gene/protein,ACADS,NCBI
7056,1462,gene/protein,VCAN,NCBI
7057,1959,gene/protein,EGR2,NCBI
7059,3559,gene/protein,IL2RA,NCBI
7062,84515,gene/protein,MCM8,NCBI
7066,9118,gene/protein,INA,NCBI
7067,9019,gene/protein,MPZL1,NCBI
7068,79039,gene/protein,DDX54,NCBI
7072,1160,gene/protein,CKMT2,NCBI
7073,2710,gene/protein,GK,NCBI
7074,5256,gene/protein,PHKA2,NCBI
7076,7980,gene/protein,TFPI2,NCBI
7077,9353,gene/protein,SLIT2,NCBI
7083,3123,gene/protein,HLA-DRB1,NCBI
7084,4358,gene/protein,MPV17,NCBI
7086,220929,gene/protein,ZNF438,NCBI
7088,10577,gene/protein,NPC2,NCBI
7089,7296,gene/protein,TXNRD1,NCBI
7090,2618,gene/protein,GART,NCBI
7095,4014,gene/protein,LORICRIN,NCBI
7096,15,gene/protein,AANAT,NCBI
7097,1,gene/protein,A1BG,NCBI
7099,5033,gene/protein,P4HA1,NCBI
7100,9175,gene/protein,MAP3K13,NCBI
7105,5241,gene/protein,PGR,NCBI
7107,10555,gene/protein,AGPAT2,NCBI
7110,2626,gene/protein,GATA4,NCBI
7111,7043,gene/protein,TGFB3,NCBI
7112,966,gene/protein,CD59,NCBI
7117,118429,gene/protein,ANTXR2,NCBI
7123,488,gene/protein,ATP2A2,NCBI
7124,2645,gene/protein,GCK,NCBI
7129,80310,gene/protein,PDGFD,NCBI
7130,2909,gene/protein,ARHGAP35,NCBI
7134,1719,gene/protein,DHFR,NCBI
7136,2833,gene/protein,CXCR3,NCBI
7139,2953,gene/protein,GSTT2,NCBI
7140,22943,gene/protein,DKK1,NCBI
7141,64101,gene/protein,LRRC4,NCBI
7142,8497,gene/protein,PPFIA4,NCBI
7150,1758,gene/protein,DMP1,NCBI
7151,6518,gene/protein,SLC2A5,NCBI
7154,51086,gene/protein,TNNI3K,NCBI
7155,4647,gene/protein,MYO7A,NCBI
7159,7571,gene/protein,ZNF23,NCBI
7161,1906,gene/protein,EDN1,NCBI
7162,3235,gene/protein,HOXD9,NCBI
7163,5333,gene/protein,PLCD1,NCBI
7164,2520,gene/protein,GAST,NCBI
7165,933,gene/protein,CD22,NCBI
7166,5000,gene/protein,ORC4,NCBI
7168,26259,gene/protein,FBXW8,NCBI
7172,6197,gene/protein,RPS6KA3,NCBI
7175,9183,gene/protein,ZW10,NCBI
7177,775,gene/protein,CACNA1C,NCBI
7179,7126,gene/protein,TNFAIP1,NCBI
7180,5801,gene/protein,PTPRR,NCBI
7183,2157,gene/protein,F8,NCBI
7185,11016,gene/protein,ATF7,NCBI
7186,5293,gene/protein,PIK3CD,NCBI
7188,153,gene/protein,ADRB1,NCBI
7191,317781,gene/protein,DDX51,NCBI
7197,116179,gene/protein,TGM7,NCBI
7200,10672,gene/protein,GNA13,NCBI
7201,3074,gene/protein,HEXB,NCBI
7212,3417,gene/protein,IDH1,NCBI
7214,6285,gene/protein,S100B,NCBI
7216,9886,gene/protein,RHOBTB1,NCBI
7220,25989,gene/protein,ULK3,NCBI
7222,5304,gene/protein,PIP,NCBI
7226,10085,gene/protein,EDIL3,NCBI
7227,10368,gene/protein,CACNG3,NCBI
7232,7781,gene/protein,SLC30A3,NCBI
7239,7352,gene/protein,UCP3,NCBI
7240,4938,gene/protein,OAS1,NCBI
7245,4134,gene/protein,MAP4,NCBI
7248,54884,gene/protein,RETSAT,NCBI
7249,6655,gene/protein,SOS2,NCBI
7252,440021,gene/protein,KRTAP5-2,NCBI
7255,2532,gene/protein,ACKR1,NCBI
7266,130,gene/protein,ADH6,NCBI
7267,5581,gene/protein,PRKCE,NCBI
7268,9824,gene/protein,ARHGAP11A,NCBI
7269,83593,gene/protein,RASSF5,NCBI
7270,55723,gene/protein,ASF1B,NCBI
7274,3508,gene/protein,IGHMBP2,NCBI
7276,9103,gene/protein,FCGR2C,NCBI
7277,1280,gene/protein,COL2A1,NCBI
7278,1508,gene/protein,CTSB,NCBI
7280,4868,gene/protein,NPHS1,NCBI
7284,9314,gene/protein,KLF4,NCBI
7286,29110,gene/protein,TBK1,NCBI
7287,7351,gene/protein,UCP2,NCBI
7289,4209,gene/protein,MEF2D,NCBI
7294,6097,gene/protein,RORC,NCBI
7297,112609,gene/protein,MRAP2,NCBI
7298,9013,gene/protein,TAF1C,NCBI
7299,3908,gene/protein,LAMA2,NCBI
7300,51043,gene/protein,ZBTB7B,NCBI
7302,2584,gene/protein,GALK1,NCBI
7304,2862,gene/protein,MLNR,NCBI
7305,685,gene/protein,BTC,NCBI
7308,283,gene/protein,ANG,NCBI
7311,54801,gene/protein,HAUS6,NCBI
7317,65125,gene/protein,WNK1,NCBI
7319,3683,gene/protein,ITGAL,NCBI
7322,10203,gene/protein,CALCRL,NCBI
7324,3741,gene/protein,KCNA5,NCBI
7332,4215,gene/protein,MAP3K3,NCBI
7333,51594,gene/protein,NBAS,NCBI
7335,7385,gene/protein,UQCRC2,NCBI
7336,120,gene/protein,ADD3,NCBI
7338,28973,gene/protein,MRPS18B,NCBI
7340,915,gene/protein,CD3D,NCBI
7342,3500,gene/protein,IGHG1,NCBI
7344,5498,gene/protein,PPOX,NCBI
7346,6000,gene/protein,RGS7,NCBI
7347,51322,gene/protein,WAC,NCBI
7349,80169,gene/protein,CTC1,NCBI
7350,4907,gene/protein,NT5E,NCBI
7351,5813,gene/protein,PURA,NCBI
7352,6222,gene/protein,RPS18,NCBI
7353,6354,gene/protein,CCL7,NCBI
7356,55750,gene/protein,AGK,NCBI
7358,4514,gene/protein,MT-CO3,NCBI
7359,113,gene/protein,ADCY7,NCBI
7367,6199,gene/protein,RPS6KB2,NCBI
7371,64324,gene/protein,NSD1,NCBI
7372,706,gene/protein,TSPO,NCBI
7375,196403,gene/protein,DTX3,NCBI
7377,333,gene/protein,APLP1,NCBI
7379,5625,gene/protein,PRODH,NCBI
7380,51702,gene/protein,PADI3,NCBI
7382,7181,gene/protein,NR2C1,NCBI
7383,8884,gene/protein,SLC5A6,NCBI
7384,6364,gene/protein,CCL20,NCBI
7389,55806,gene/protein,HR,NCBI
7390,10584,gene/protein,COLEC10,NCBI
7401,55254,gene/protein,TMEM39A,NCBI
7403,63916,gene/protein,ELMO2,NCBI
7404,23317,gene/protein,DNAJC13,NCBI
7408,1318,gene/protein,SLC31A2,NCBI
7410,683,gene/protein,BST1,NCBI
7411,10063,gene/protein,COX17,NCBI
7413,2798,gene/protein,GNRHR,NCBI
7416,2145,gene/protein,EZH1,NCBI
7419,1124,gene/protein,CHN2,NCBI
7423,6231,gene/protein,RPS26,NCBI
7427,57697,gene/protein,FANCM,NCBI
7429,23071,gene/protein,ERP44,NCBI
7431,84146,gene/protein,ZNF644,NCBI
7433,1237,gene/protein,CCR8,NCBI
7434,4508,gene/protein,MT-ATP6,NCBI
7441,79718,gene/protein,TBL1XR1,NCBI
7443,26018,gene/protein,LRIG1,NCBI
7445,2395,gene/protein,FXN,NCBI
7446,1364,gene/protein,CLDN4,NCBI
7449,150084,gene/protein,IGSF5,NCBI
7450,1382,gene/protein,CRABP2,NCBI
7451,23286,gene/protein,WWC1,NCBI
7455,8409,gene/protein,UXT,NCBI
7456,5077,gene/protein,PAX3,NCBI
7457,2539,gene/protein,G6PD,NCBI
7462,6338,gene/protein,SCNN1B,NCBI
7465,10466,gene/protein,COG5,NCBI
7466,2559,gene/protein,GABRA6,NCBI
7469,55367,gene/protein,PIDD1,NCBI
7470,3781,gene/protein,KCNN2,NCBI
7472,10845,gene/protein,CLPX,NCBI
7473,53335,gene/protein,BCL11A,NCBI
7474,10857,gene/protein,PGRMC1,NCBI
7476,80332,gene/protein,ADAM33,NCBI
7481,25796,gene/protein,PGLS,NCBI
7482,51179,gene/protein,HAO2,NCBI
7484,1825,gene/protein,DSC3,NCBI
7486,8825,gene/protein,LIN7A,NCBI
7487,57192,gene/protein,MCOLN1,NCBI
7488,93627,gene/protein,TBCK,NCBI
7489,3240,gene/protein,HP,NCBI
7490,64682,gene/protein,ANAPC1,NCBI
7491,23556,gene/protein,PIGN,NCBI
7493,51550,gene/protein,CINP,NCBI
7497,3084,gene/protein,NRG1,NCBI
7499,22914,gene/protein,KLRK1,NCBI
7500,337,gene/protein,APOA4,NCBI
7501,6768,gene/protein,ST14,NCBI
7505,10814,gene/protein,CPLX2,NCBI
7506,9465,gene/protein,AKAP7,NCBI
7509,5264,gene/protein,PHYH,NCBI
7510,27250,gene/protein,PDCD4,NCBI
7511,1615,gene/protein,DARS1,NCBI
7512,307,gene/protein,ANXA4,NCBI
7513,3459,gene/protein,IFNGR1,NCBI
7514,3231,gene/protein,HOXD1,NCBI
7517,1439,gene/protein,CSF2RB,NCBI
7522,720,gene/protein,C4A,NCBI
7524,56893,gene/protein,UBQLN4,NCBI
7527,51750,gene/protein,RTEL1,NCBI
7528,27333,gene/protein,GOLIM4,NCBI
7534,7516,gene/protein,XRCC2,NCBI
7535,8635,gene/protein,RNASET2,NCBI
7537,3817,gene/protein,KLK2,NCBI
7542,5495,gene/protein,PPM1B,NCBI
7543,9588,gene/protein,PRDX6,NCBI
7546,10280,gene/protein,SIGMAR1,NCBI
7548,54407,gene/protein,SLC38A2,NCBI
7552,8871,gene/protein,SYNJ2,NCBI
7556,60678,gene/protein,EEFSEC,NCBI
7557,2947,gene/protein,GSTM3,NCBI
7558,2152,gene/protein,F3,NCBI
7563,6941,gene/protein,TCF19,NCBI
7568,3767,gene/protein,KCNJ11,NCBI
7569,5336,gene/protein,PLCG2,NCBI
7570,59341,gene/protein,TRPV4,NCBI
7572,4253,gene/protein,MIA2,NCBI
7573,51561,gene/protein,IL23A,NCBI
7575,26160,gene/protein,IFT172,NCBI
7577,84142,gene/protein,ABRAXAS1,NCBI
7580,1746,gene/protein,DLX2,NCBI
7587,51426,gene/protein,POLK,NCBI
7588,9563,gene/protein,H6PD,NCBI
7589,9969,gene/protein,MED13,NCBI
7590,57592,gene/protein,ZNF687,NCBI
7592,90353,gene/protein,CTU1,NCBI
7596,51692,gene/protein,CPSF3,NCBI
7602,5793,gene/protein,PTPRG,NCBI
7603,4314,gene/protein,MMP3,NCBI
7607,6340,gene/protein,SCNN1G,NCBI
7608,10137,gene/protein,RBM12,NCBI
7615,2558,gene/protein,GABRA5,NCBI
7618,477,gene/protein,ATP1A2,NCBI
7621,7167,gene/protein,TPI1,NCBI
7622,160728,gene/protein,SLC5A8,NCBI
7626,7389,gene/protein,UROD,NCBI
7628,9026,gene/protein,HIP1R,NCBI
7630,9811,gene/protein,CTIF,NCBI
7631,50488,gene/protein,MINK1,NCBI
7636,8140,gene/protein,SLC7A5,NCBI
7637,22900,gene/protein,CARD8,NCBI
7641,4548,gene/protein,MTR,NCBI
7643,10592,gene/protein,SMC2,NCBI
7644,5291,gene/protein,PIK3CB,NCBI
7647,22901,gene/protein,ARSG,NCBI
7649,27349,gene/protein,MCAT,NCBI
7650,2268,gene/protein,FGR,NCBI
7652,10673,gene/protein,TNFSF13B,NCBI
7655,3454,gene/protein,IFNAR1,NCBI
7656,54887,gene/protein,UHRF1BP1,NCBI
7661,210,gene/protein,ALAD,NCBI
7662,10558,gene/protein,SPTLC1,NCBI
7663,2832,gene/protein,NPBWR2,NCBI
7665,26090,gene/protein,ABHD12,NCBI
7666,51024,gene/protein,FIS1,NCBI
7669,5826,gene/protein,ABCD4,NCBI
7670,3507,gene/protein,IGHM,NCBI
7672,26504,gene/protein,CNNM4,NCBI
7678,239,gene/protein,ALOX12,NCBI
7682,2296,gene/protein,FOXC1,NCBI
7684,3242,gene/protein,HPD,NCBI
7688,6927,gene/protein,HNF1A,NCBI
7689,10395,gene/protein,DLC1,NCBI
7692,2977,gene/protein,GUCY1A2,NCBI
7694,242,gene/protein,ALOX12B,NCBI
7697,6822,gene/protein,SULT2A1,NCBI
7700,6059,gene/protein,ABCE1,NCBI
7702,7869,gene/protein,SEMA3B,NCBI
7705,9312,gene/protein,KCNB2,NCBI
7709,26056,gene/protein,RAB11FIP5,NCBI
7713,6528,gene/protein,SLC5A5,NCBI
7715,291,gene/protein,SLC25A4,NCBI
7716,5309,gene/protein,PITX3,NCBI
7717,102,gene/protein,ADAM10,NCBI
7721,51479,gene/protein,ANKFY1,NCBI
7724,8820,gene/protein,HESX1,NCBI
7726,5534,gene/protein,PPP3R1,NCBI
7741,1266,gene/protein,CNN3,NCBI
7744,3758,gene/protein,KCNJ1,NCBI
7746,7799,gene/protein,PRDM2,NCBI
7747,23307,gene/protein,FKBP15,NCBI
7752,2035,gene/protein,EPB41,NCBI
7753,84547,gene/protein,PGBD1,NCBI
7754,9611,gene/protein,NCOR1,NCBI
7755,7096,gene/protein,TLR1,NCBI
7764,29126,gene/protein,CD274,NCBI
7765,64756,gene/protein,ATPAF1,NCBI
7768,1119,gene/protein,CHKA,NCBI
7769,55379,gene/protein,LRRC59,NCBI
7772,55217,gene/protein,TMLHE,NCBI
7773,5730,gene/protein,PTGDS,NCBI
7775,1737,gene/protein,DLAT,NCBI
7776,10343,gene/protein,PKDREJ,NCBI
7777,23593,gene/protein,HEBP2,NCBI
7778,85363,gene/protein,TRIM5,NCBI
7784,56916,gene/protein,SMARCAD1,NCBI
7785,9221,gene/protein,NOLC1,NCBI
7787,27241,gene/protein,BBS9,NCBI
7792,1535,gene/protein,CYBA,NCBI
7795,51327,gene/protein,AHSP,NCBI
7798,6576,gene/protein,SLC25A1,NCBI
7799,23042,gene/protein,PDXDC1,NCBI
7801,4842,gene/protein,NOS1,NCBI
7802,2894,gene/protein,GRID1,NCBI
7803,90423,gene/protein,ATP6V1E2,NCBI
7807,55971,gene/protein,BAIAP2L1,NCBI
7809,290,gene/protein,ANPEP,NCBI
7810,11118,gene/protein,BTN3A2,NCBI
7811,245973,gene/protein,ATP6V1C2,NCBI
7815,6320,gene/protein,CLEC11A,NCBI
7817,8314,gene/protein,BAP1,NCBI
7818,6616,gene/protein,SNAP25,NCBI
7820,4143,gene/protein,MAT1A,NCBI
7822,5228,gene/protein,PGF,NCBI
7830,6854,gene/protein,SYN2,NCBI
7833,29893,gene/protein,PSMC3IP,NCBI
7839,83550,gene/protein,GPR101,NCBI
7846,79887,gene/protein,PLBD1,NCBI
7847,84231,gene/protein,TRAF7,NCBI
7848,55746,gene/protein,NUP133,NCBI
7849,4157,gene/protein,MC1R,NCBI
7851,2132,gene/protein,EXT2,NCBI
7852,79608,gene/protein,RIC3,NCBI
7855,9344,gene/protein,TAOK2,NCBI
7856,6374,gene/protein,CXCL5,NCBI
7857,6813,gene/protein,STXBP2,NCBI
7858,64859,gene/protein,NABP1,NCBI
7859,4312,gene/protein,MMP1,NCBI
7862,4976,gene/protein,OPA1,NCBI
7865,4082,gene/protein,MARCKS,NCBI
7866,2535,gene/protein,FZD2,NCBI
7870,9123,gene/protein,SLC16A3,NCBI
7871,58478,gene/protein,ENOPH1,NCBI
7872,3827,gene/protein,KNG1,NCBI
7876,2660,gene/protein,MSTN,NCBI
7877,79694,gene/protein,MANEA,NCBI
7880,1559,gene/protein,CYP2C9,NCBI
7885,3475,gene/protein,IFRD1,NCBI
7887,9077,gene/protein,DIRAS3,NCBI
7888,54676,gene/protein,GTPBP2,NCBI
7890,2739,gene/protein,GLO1,NCBI
7895,5603,gene/protein,MAPK13,NCBI
7896,1861,gene/protein,TOR1A,NCBI
7897,5546,gene/protein,PRCC,NCBI
7898,3434,gene/protein,IFIT1,NCBI
7899,4689,gene/protein,NCF4,NCBI
7900,5010,gene/protein,CLDN11,NCBI
7902,6611,gene/protein,SMS,NCBI
7904,5606,gene/protein,MAP2K3,NCBI
7905,23649,gene/protein,POLA2,NCBI
7906,5047,gene/protein,PAEP,NCBI
7907,2352,gene/protein,FOLR3,NCBI
7908,5455,gene/protein,POU3F3,NCBI
7910,2642,gene/protein,GCGR,NCBI
7911,3490,gene/protein,IGFBP7,NCBI
7912,11011,gene/protein,TLK2,NCBI
7915,79659,gene/protein,DYNC2H1,NCBI
7917,22983,gene/protein,MAST1,NCBI
7922,716,gene/protein,C1S,NCBI
7934,4855,gene/protein,NOTCH4,NCBI
7937,554,gene/protein,AVPR2,NCBI
7940,80178,gene/protein,TEDC2,NCBI
7943,50485,gene/protein,SMARCAL1,NCBI
7945,11194,gene/protein,ABCB8,NCBI
7946,54413,gene/protein,NLGN3,NCBI
7947,4908,gene/protein,NTF3,NCBI
7950,51042,gene/protein,ZNF593,NCBI
7951,7201,gene/protein,TRHR,NCBI
7952,6723,gene/protein,SRM,NCBI
7955,4160,gene/protein,MC4R,NCBI
7957,831,gene/protein,CAST,NCBI
7958,60468,gene/protein,BACH2,NCBI
7962,5091,gene/protein,PC,NCBI
7966,6173,gene/protein,RPL36A,NCBI
7967,25818,gene/protein,KLK5,NCBI
7968,5890,gene/protein,RAD51B,NCBI
7974,9581,gene/protein,PREPL,NCBI
7979,51728,gene/protein,POLR3K,NCBI
7980,23464,gene/protein,GCAT,NCBI
7981,4340,gene/protein,MOG,NCBI
7982,29995,gene/protein,LMCD1,NCBI
7983,1291,gene/protein,COL6A1,NCBI
7984,7472,gene/protein,WNT2,NCBI
7986,347735,gene/protein,SERINC2,NCBI
7987,2805,gene/protein,GOT1,NCBI
7988,123,gene/protein,PLIN2,NCBI
7990,65975,gene/protein,STK33,NCBI
7993,4745,gene/protein,NELL1,NCBI
7999,8861,gene/protein,LDB1,NCBI
8002,6273,gene/protein,S100A2,NCBI
8005,3692,gene/protein,EIF6,NCBI
8007,7763,gene/protein,ZFAND5,NCBI
8008,3439,gene/protein,IFNA1,NCBI
8010,1409,gene/protein,CRYAA,NCBI
8012,8365,gene/protein,H4C8,NCBI
8013,56938,gene/protein,ARNTL2,NCBI
8014,84662,gene/protein,GLIS2,NCBI
8017,28957,gene/protein,MRPS28,NCBI
8021,3127,gene/protein,HLA-DRB5,NCBI
8022,1514,gene/protein,CTSL,NCBI
8027,140901,gene/protein,STK35,NCBI
8029,949,gene/protein,SCARB1,NCBI
8030,1001,gene/protein,CDH3,NCBI
8033,79870,gene/protein,BAALC,NCBI
8035,8204,gene/protein,NRIP1,NCBI
8036,79738,gene/protein,BBS10,NCBI
8038,43,gene/protein,ACHE,NCBI
8040,1438,gene/protein,CSF2RA,NCBI
8042,10678,gene/protein,B3GNT2,NCBI
8044,79577,gene/protein,CDC73,NCBI
8052,8029,gene/protein,CUBN,NCBI
8053,79465,gene/protein,ULBP3,NCBI
8055,84823,gene/protein,LMNB2,NCBI
8065,31,gene/protein,ACACA,NCBI
8067,6757,gene/protein,SSX2,NCBI
8068,6324,gene/protein,SCN1B,NCBI
8069,4321,gene/protein,MMP12,NCBI
8070,23040,gene/protein,MYT1L,NCBI
8076,2326,gene/protein,FMO1,NCBI
8077,5321,gene/protein,PLA2G4A,NCBI
8078,23287,gene/protein,AGTPBP1,NCBI
8079,10723,gene/protein,SLC12A7,NCBI
8080,4045,gene/protein,LSAMP,NCBI
8081,8402,gene/protein,SLC25A11,NCBI
8082,6525,gene/protein,SMTN,NCBI
8085,23528,gene/protein,ZNF281,NCBI
8086,5788,gene/protein,PTPRC,NCBI
8090,80381,gene/protein,CD276,NCBI
8092,6574,gene/protein,SLC20A1,NCBI
8093,22978,gene/protein,NT5C2,NCBI
8094,5950,gene/protein,RBP4,NCBI
8095,56164,gene/protein,STK31,NCBI
8097,55072,gene/protein,RNF31,NCBI
8103,65010,gene/protein,SLC26A6,NCBI
8106,6376,gene/protein,CX3CL1,NCBI
8109,51194,gene/protein,IPO11,NCBI
8114,3293,gene/protein,HSD17B3,NCBI
8120,5926,gene/protein,ARID4A,NCBI
8122,5719,gene/protein,PSMD13,NCBI
8130,5142,gene/protein,PDE4B,NCBI
8131,54756,gene/protein,IL17RD,NCBI
8132,3206,gene/protein,HOXA10,NCBI
8133,79633,gene/protein,FAT4,NCBI
8136,1137,gene/protein,CHRNA4,NCBI
8138,60385,gene/protein,TSKS,NCBI
8140,955,gene/protein,ENTPD6,NCBI
8145,6649,gene/protein,SOD3,NCBI
8146,93611,gene/protein,FBXO44,NCBI
8150,22874,gene/protein,PLEKHA6,NCBI
8152,49860,gene/protein,CRNN,NCBI
8153,6382,gene/protein,SDC1,NCBI
8154,9451,gene/protein,EIF2AK3,NCBI
8156,16,gene/protein,AARS1,NCBI
8157,8623,gene/protein,ASMTL,NCBI
8160,9355,gene/protein,LHX2,NCBI
8162,3670,gene/protein,ISL1,NCBI
8163,1431,gene/protein,CS,NCBI
8167,6391,gene/protein,SDHC,NCBI
8171,6689,gene/protein,SPIB,NCBI
8177,3232,gene/protein,HOXD3,NCBI
8178,2632,gene/protein,GBE1,NCBI
8179,79137,gene/protein,RETREG2,NCBI
8182,4660,gene/protein,PPP1R12B,NCBI
8186,8925,gene/protein,HERC1,NCBI
8192,4129,gene/protein,MAOB,NCBI
8196,7006,gene/protein,TEC,NCBI
8198,2569,gene/protein,GABRR1,NCBI
8201,55342,gene/protein,STRBP,NCBI
8204,23530,gene/protein,NNT,NCBI
8205,3294,gene/protein,HSD17B2,NCBI
8210,6492,gene/protein,SIM1,NCBI
8211,4634,gene/protein,MYL3,NCBI
8212,1571,gene/protein,CYP2E1,NCBI
8214,318,gene/protein,NUDT2,NCBI
8215,56521,gene/protein,DNAJC12,NCBI
8216,1143,gene/protein,CHRNB4,NCBI
8222,133,gene/protein,ADM,NCBI
8223,475,gene/protein,ATOX1,NCBI
8224,9380,gene/protein,GRHPR,NCBI
8226,55364,gene/protein,IMPACT,NCBI
8229,3171,gene/protein,FOXA3,NCBI
8230,4900,gene/protein,NRGN,NCBI
8237,7075,gene/protein,TIE1,NCBI
8241,9755,gene/protein,TBKBP1,NCBI
8242,553,gene/protein,AVPR1B,NCBI
8243,9960,gene/protein,USP3,NCBI
8246,7456,gene/protein,WIPF1,NCBI
8250,9744,gene/protein,ACAP1,NCBI
8254,10945,gene/protein,KDELR1,NCBI
8256,2153,gene/protein,F5,NCBI
8261,3592,gene/protein,IL12A,NCBI
8265,167691,gene/protein,LCA5,NCBI
8267,6096,gene/protein,RORB,NCBI
8269,51330,gene/protein,TNFRSF12A,NCBI
8272,1606,gene/protein,DGKA,NCBI
8277,3119,gene/protein,HLA-DQB1,NCBI
8279,57118,gene/protein,CAMK1D,NCBI
8283,3931,gene/protein,LCAT,NCBI
8284,51715,gene/protein,RAB23,NCBI
8286,55504,gene/protein,TNFRSF19,NCBI
8288,57016,gene/protein,AKR1B10,NCBI
8289,89885,gene/protein,FATE1,NCBI
8292,3851,gene/protein,KRT4,NCBI
8293,694,gene/protein,BTG1,NCBI
8294,6405,gene/protein,SEMA3F,NCBI
8296,51606,gene/protein,ATP6V1H,NCBI
8302,5143,gene/protein,PDE4C,NCBI
8304,487,gene/protein,ATP2A1,NCBI
8309,340156,gene/protein,MYLK4,NCBI
8310,8893,gene/protein,EIF2B5,NCBI
8312,3709,gene/protein,ITPR2,NCBI
8313,762,gene/protein,CA4,NCBI
8317,1141,gene/protein,CHRNB2,NCBI
8318,6770,gene/protein,STAR,NCBI
8321,4320,gene/protein,MMP11,NCBI
8324,1657,gene/protein,DMXL1,NCBI
8327,6860,gene/protein,SYT4,NCBI
8333,9540,gene/protein,TP53I3,NCBI
8336,190,gene/protein,NR0B1,NCBI
8340,6016,gene/protein,RIT1,NCBI
8345,2110,gene/protein,ETFDH,NCBI
8347,2702,gene/protein,GJA5,NCBI
8351,23178,gene/protein,PASK,NCBI
8353,23348,gene/protein,DOCK9,NCBI
8354,3269,gene/protein,HRH1,NCBI
8355,1582,gene/protein,CYP8B1,NCBI
8357,824,gene/protein,CAPN2,NCBI
8362,4256,gene/protein,MGP,NCBI
8363,11040,gene/protein,PIM2,NCBI
8365,11099,gene/protein,PTPN21,NCBI
8372,7249,gene/protein,TSC2,NCBI
8374,5834,gene/protein,PYGB,NCBI
8376,7080,gene/protein,NKX2-1,NCBI
8378,1303,gene/protein,COL12A1,NCBI
8380,23216,gene/protein,TBC1D1,NCBI
8381,7494,gene/protein,XBP1,NCBI
8384,10675,gene/protein,CSPG5,NCBI
8385,6513,gene/protein,SLC2A1,NCBI
8389,1573,gene/protein,CYP2J2,NCBI
8391,3562,gene/protein,IL3,NCBI
8392,11193,gene/protein,WBP4,NCBI
8393,7071,gene/protein,KLF10,NCBI
8395,5213,gene/protein,PFKM,NCBI
8396,2813,gene/protein,GP2,NCBI
8397,4953,gene/protein,ODC1,NCBI
8401,79770,gene/protein,TXNDC15,NCBI
8405,25978,gene/protein,CHMP2B,NCBI
8411,25861,gene/protein,WHRN,NCBI
8414,1622,gene/protein,DBI,NCBI
8415,6356,gene/protein,CCL11,NCBI
8416,4864,gene/protein,NPC1,NCBI
8417,9518,gene/protein,GDF15,NCBI
8423,51765,gene/protein,STK26,NCBI
8425,3680,gene/protein,ITGA9,NCBI
8426,10497,gene/protein,UNC13B,NCBI
8428,10019,gene/protein,SH2B3,NCBI
8432,3115,gene/protein,HLA-DPB1,NCBI
8434,6491,gene/protein,STIL,NCBI
8436,89797,gene/protein,NAV2,NCBI
8437,1009,gene/protein,CDH11,NCBI
8439,84668,gene/protein,FAM126A,NCBI
8441,5054,gene/protein,SERPINE1,NCBI
8445,63904,gene/protein,DUSP21,NCBI
8448,2987,gene/protein,GUK1,NCBI
8449,64326,gene/protein,COP1,NCBI
8453,127933,gene/protein,UHMK1,NCBI
8454,7450,gene/protein,VWF,NCBI
8455,23271,gene/protein,CAMSAP2,NCBI
8457,25797,gene/protein,QPCT,NCBI
8458,8647,gene/protein,ABCB11,NCBI
8464,2902,gene/protein,GRIN1,NCBI
8465,3384,gene/protein,ICAM2,NCBI
8467,51807,gene/protein,TUBA8,NCBI
8470,24145,gene/protein,PANX1,NCBI
8473,2224,gene/protein,FDPS,NCBI
8476,9455,gene/protein,HOMER2,NCBI
8477,5618,gene/protein,PRLR,NCBI
8478,26519,gene/protein,TIMM10,NCBI
8480,79813,gene/protein,EHMT1,NCBI
8481,4780,gene/protein,NFE2L2,NCBI
8483,79641,gene/protein,ROGDI,NCBI
8484,5426,gene/protein,POLE,NCBI
8486,783,gene/protein,CACNB2,NCBI
8488,79983,gene/protein,POF1B,NCBI
8489,2627,gene/protein,GATA6,NCBI
8491,4784,gene/protein,NFIX,NCBI
8494,5538,gene/protein,PPT1,NCBI
8496,1983,gene/protein,EIF5,NCBI
8497,26086,gene/protein,GPSM1,NCBI
8498,5803,gene/protein,PTPRZ1,NCBI
8501,28982,gene/protein,FLVCR1,NCBI
8503,6906,gene/protein,SERPINA7,NCBI
8504,30835,gene/protein,CD209,NCBI
8507,80028,gene/protein,FBXL18,NCBI
8512,55561,gene/protein,CDC42BPG,NCBI
8514,3849,gene/protein,KRT2,NCBI
8519,490,gene/protein,ATP2B1,NCBI
8521,8859,gene/protein,STK19,NCBI
8523,27232,gene/protein,GNMT,NCBI
8525,9832,gene/protein,JAKMIP2,NCBI
8526,23229,gene/protein,ARHGEF9,NCBI
8527,79053,gene/protein,ALG8,NCBI
8530,731,gene/protein,C8A,NCBI
8531,1512,gene/protein,CTSH,NCBI
8532,9448,gene/protein,MAP4K4,NCBI
8533,56929,gene/protein,FEM1C,NCBI
8537,4277,gene/protein,MICB,NCBI
8540,6367,gene/protein,CCL22,NCBI
8541,3625,gene/protein,INHBB,NCBI
8542,8774,gene/protein,NAPG,NCBI
8548,54431,gene/protein,DNAJC10,NCBI
8552,7016,gene/protein,TESK1,NCBI
8555,362,gene/protein,AQP5,NCBI
8556,2056,gene/protein,EPO,NCBI
8558,7047,gene/protein,TGM4,NCBI
8559,23074,gene/protein,UHRF1BP1L,NCBI
8560,27327,gene/protein,TNRC6A,NCBI
8564,23046,gene/protein,KIF21B,NCBI
8566,2733,gene/protein,GLE1,NCBI
8572,64288,gene/protein,ZSCAN31,NCBI
8573,5406,gene/protein,PNLIP,NCBI
8575,85440,gene/protein,DOCK7,NCBI
8577,5608,gene/protein,MAP2K6,NCBI
8578,10486,gene/protein,CAP2,NCBI
8579,2638,gene/protein,GC,NCBI
8580,55159,gene/protein,RFWD3,NCBI
8581,6387,gene/protein,CXCL12,NCBI
8582,2251,gene/protein,FGF6,NCBI
8583,873,gene/protein,CBR1,NCBI
8586,5721,gene/protein,PSME2,NCBI
8588,84260,gene/protein,TCHP,NCBI
8592,2255,gene/protein,FGF10,NCBI
8593,154865,gene/protein,IQUB,NCBI
8595,23250,gene/protein,ATP11A,NCBI
8597,5341,gene/protein,PLEK,NCBI
8599,64499,gene/protein,TPSB2,NCBI
8602,55349,gene/protein,CHDH,NCBI
8603,5154,gene/protein,PDGFA,NCBI
8605,50937,gene/protein,CDON,NCBI
8611,5157,gene/protein,PDGFRL,NCBI
8612,10580,gene/protein,SORBS1,NCBI
8613,7786,gene/protein,MAP3K12,NCBI
8615,27163,gene/protein,NAAA,NCBI
8617,23382,gene/protein,AHCYL2,NCBI
8618,54822,gene/protein,TRPM7,NCBI
8619,51094,gene/protein,ADIPOR1,NCBI
8620,6853,gene/protein,SYN1,NCBI
8625,10011,gene/protein,SRA1,NCBI
8632,51501,gene/protein,HIKESHI,NCBI
8633,23321,gene/protein,TRIM2,NCBI
8635,7035,gene/protein,TFPI,NCBI
8636,9787,gene/protein,DLGAP5,NCBI
8637,6820,gene/protein,SULT2B1,NCBI
8638,537,gene/protein,ATP6AP1,NCBI
8641,104,gene/protein,ADARB1,NCBI
8643,4881,gene/protein,NPR1,NCBI
8644,3158,gene/protein,HMGCS2,NCBI
8646,6261,gene/protein,RYR1,NCBI
8647,8720,gene/protein,MBTPS1,NCBI
8657,11252,gene/protein,PACSIN2,NCBI
8658,26227,gene/protein,PHGDH,NCBI
8662,9134,gene/protein,CCNE2,NCBI
8665,1317,gene/protein,SLC31A1,NCBI
8666,6363,gene/protein,CCL19,NCBI
8667,5236,gene/protein,PGM1,NCBI
8668,55509,gene/protein,BATF3,NCBI
8671,7372,gene/protein,UMPS,NCBI
8673,63943,gene/protein,FKBPL,NCBI
8676,3491,gene/protein,CCN1,NCBI
8679,51163,gene/protein,DBR1,NCBI
8682,3263,gene/protein,HPX,NCBI
8684,9444,gene/protein,QKI,NCBI
8686,8989,gene/protein,TRPA1,NCBI
8688,51350,gene/protein,KRT76,NCBI
8691,9689,gene/protein,BZW1,NCBI
8694,23462,gene/protein,HEY1,NCBI
8699,143686,gene/protein,SESN3,NCBI
8702,8777,gene/protein,MPDZ,NCBI
8705,9672,gene/protein,SDC3,NCBI
8707,8764,gene/protein,TNFRSF14,NCBI
8708,53904,gene/protein,MYO3A,NCBI
8711,2241,gene/protein,FER,NCBI
8712,1718,gene/protein,DHCR24,NCBI
8713,6623,gene/protein,SNCG,NCBI
8714,23187,gene/protein,PHLDB1,NCBI
8717,6385,gene/protein,SDC4,NCBI
8719,9394,gene/protein,HS6ST1,NCBI
8720,22843,gene/protein,PPM1E,NCBI
8722,94005,gene/protein,PIGS,NCBI
8725,1890,gene/protein,TYMP,NCBI
8726,9252,gene/protein,RPS6KA5,NCBI
8729,6236,gene/protein,RRAD,NCBI
8732,60626,gene/protein,RIC8A,NCBI
8733,1440,gene/protein,CSF3,NCBI
8736,8761,gene/protein,PABPC4,NCBI
8737,7204,gene/protein,TRIO,NCBI
8742,5965,gene/protein,RECQL,NCBI
8743,126133,gene/protein,ALDH16A1,NCBI
8744,9681,gene/protein,DEPDC5,NCBI
8745,5267,gene/protein,SERPINA4,NCBI
8746,8913,gene/protein,CACNA1G,NCBI
8747,8910,gene/protein,SGCE,NCBI
8748,6775,gene/protein,STAT4,NCBI
8749,4600,gene/protein,MX2,NCBI
8757,116,gene/protein,ADCYAP1,NCBI
8758,23586,gene/protein,DDX58,NCBI
8763,5990,gene/protein,RFX2,NCBI
8764,1071,gene/protein,CETP,NCBI
8765,5891,gene/protein,MOK,NCBI
8766,4862,gene/protein,NPAS2,NCBI
8767,27013,gene/protein,CNPPD1,NCBI
8769,2053,gene/protein,EPHX2,NCBI
8771,5224,gene/protein,PGAM2,NCBI
8774,7357,gene/protein,UGCG,NCBI
8776,79991,gene/protein,STN1,NCBI
8779,7294,gene/protein,TXK,NCBI
8781,4889,gene/protein,NPY5R,NCBI
8783,108,gene/protein,ADCY2,NCBI
8787,57555,gene/protein,NLGN2,NCBI
8790,3619,gene/protein,INCENP,NCBI
8791,5571,gene/protein,PRKAG1,NCBI
8798,3099,gene/protein,HK2,NCBI
8801,4998,gene/protein,ORC1,NCBI
8805,183,gene/protein,AGT,NCBI
8807,5016,gene/protein,OVGP1,NCBI
8809,84951,gene/protein,TNS4,NCBI
8813,1777,gene/protein,DNASE2,NCBI
8817,5897,gene/protein,RAG2,NCBI
8818,3430,gene/protein,IFI35,NCBI
8819,54968,gene/protein,TMEM70,NCBI
8821,7137,gene/protein,TNNI3,NCBI
8822,23011,gene/protein,RAB21,NCBI
8823,3858,gene/protein,KRT10,NCBI
8825,7078,gene/protein,TIMP3,NCBI
8827,7903,gene/protein,ST8SIA4,NCBI
8829,9,gene/protein,NAT1,NCBI
8832,1814,gene/protein,DRD3,NCBI
8834,6401,gene/protein,SELE,NCBI
8845,55558,gene/protein,PLXNA3,NCBI
8847,222553,gene/protein,SLC35F1,NCBI
8851,8790,gene/protein,FPGT,NCBI
8855,3077,gene/protein,HFE,NCBI
8857,3375,gene/protein,IAPP,NCBI
8859,9619,gene/protein,ABCG1,NCBI
8861,114757,gene/protein,CYGB,NCBI
8864,5149,gene/protein,PDE6H,NCBI
8868,393,gene/protein,ARHGAP4,NCBI
8873,5893,gene/protein,RAD52,NCBI
8877,23569,gene/protein,PADI4,NCBI
8879,4603,gene/protein,MYBL1,NCBI
8885,10771,gene/protein,ZMYND11,NCBI
8889,56992,gene/protein,KIF15,NCBI
8894,28984,gene/protein,RGCC,NCBI
8895,124401,gene/protein,ANKS3,NCBI
8901,84107,gene/protein,ZIC4,NCBI
8905,64359,gene/protein,NXN,NCBI
8907,7029,gene/protein,TFDP2,NCBI
8908,7148,gene/protein,TNXB,NCBI
8909,80317,gene/protein,ZKSCAN3,NCBI
8914,116150,gene/protein,NUS1,NCBI
8916,50807,gene/protein,ASAP1,NCBI
8917,2919,gene/protein,CXCL1,NCBI
8919,3759,gene/protein,KCNJ2,NCBI
8923,64849,gene/protein,SLC13A3,NCBI
8924,10809,gene/protein,STARD10,NCBI
8931,1844,gene/protein,DUSP2,NCBI
8933,9746,gene/protein,CLSTN3,NCBI
8936,2898,gene/protein,GRIK2,NCBI
8938,25977,gene/protein,NECAP1,NCBI
8941,9520,gene/protein,NPEPPS,NCBI
8946,540,gene/protein,ATP7B,NCBI
8950,5457,gene/protein,POU4F1,NCBI
8951,8560,gene/protein,DEGS1,NCBI
8952,50619,gene/protein,DEF6,NCBI
8954,9743,gene/protein,ARHGAP32,NCBI
8955,7011,gene/protein,TEP1,NCBI
8960,460,gene/protein,ASTN1,NCBI
8961,10278,gene/protein,EFS,NCBI
8962,137196,gene/protein,CCDC26,NCBI
8967,22820,gene/protein,COPG1,NCBI
8970,93183,gene/protein,PIGM,NCBI
8974,1576,gene/protein,CYP3A4,NCBI
8979,23174,gene/protein,ZCCHC14,NCBI
8980,5271,gene/protein,SERPINB8,NCBI
8981,4135,gene/protein,MAP6,NCBI
8982,4152,gene/protein,MBD1,NCBI
8983,199221,gene/protein,DZIP1L,NCBI
8987,55215,gene/protein,FANCI,NCBI
8988,5737,gene/protein,PTGFR,NCBI
8994,5105,gene/protein,PCK1,NCBI
8998,771,gene/protein,CA12,NCBI
8999,1815,gene/protein,DRD4,NCBI
9001,2184,gene/protein,FAH,NCBI
9003,23428,gene/protein,SLC7A8,NCBI
9004,2249,gene/protein,FGF4,NCBI
9005,6469,gene/protein,SHH,NCBI
9008,23476,gene/protein,BRD4,NCBI
9011,79932,gene/protein,KIAA0319L,NCBI
9012,54899,gene/protein,PXK,NCBI
9014,23093,gene/protein,TTLL5,NCBI
9015,9290,gene/protein,GPR55,NCBI
9017,3273,gene/protein,HRG,NCBI
9019,4808,gene/protein,NHLH2,NCBI
9020,84126,gene/protein,ATRIP,NCBI
9021,1392,gene/protein,CRH,NCBI
9023,8754,gene/protein,ADAM9,NCBI
9024,171023,gene/protein,ASXL1,NCBI
9025,64175,gene/protein,P3H1,NCBI
9029,6863,gene/protein,TAC1,NCBI
9031,5742,gene/protein,PTGS1,NCBI
9033,27246,gene/protein,RNF115,NCBI
9034,55102,gene/protein,ATG2B,NCBI
9047,865,gene/protein,CBFB,NCBI
9049,51530,gene/protein,ZC3HC1,NCBI
9052,23081,gene/protein,KDM4C,NCBI
9054,64854,gene/protein,USP46,NCBI
9060,4897,gene/protein,NRCAM,NCBI
9062,4150,gene/protein,MAZ,NCBI
9066,54808,gene/protein,DYM,NCBI
9067,5287,gene/protein,PIK3C2B,NCBI
9068,1524,gene/protein,CX3CR1,NCBI
9069,9091,gene/protein,PIGQ,NCBI
9072,251,gene/protein,ALPG,NCBI
9073,50945,gene/protein,TBX22,NCBI
9074,4837,gene/protein,NNMT,NCBI
9075,4048,gene/protein,LTA4H,NCBI
9076,1645,gene/protein,AKR1C1,NCBI
9078,51227,gene/protein,PIGP,NCBI
9079,112802,gene/protein,KRT71,NCBI
9081,63976,gene/protein,PRDM16,NCBI
9088,5409,gene/protein,PNMT,NCBI
9093,7837,gene/protein,PXDN,NCBI
9094,1675,gene/protein,CFD,NCBI
9101,27340,gene/protein,UTP20,NCBI
9103,92014,gene/protein,SLC25A51,NCBI
9104,55765,gene/protein,INAVA,NCBI
9108,5100,gene/protein,PCDH8,NCBI
9109,57178,gene/protein,ZMIZ1,NCBI
9114,57082,gene/protein,KNL1,NCBI
9117,344018,gene/protein,FIGLA,NCBI
9120,54578,gene/protein,UGT1A6,NCBI
9126,1181,gene/protein,CLCN2,NCBI
9128,3597,gene/protein,IL13RA1,NCBI
9133,3371,gene/protein,TNC,NCBI
9134,54600,gene/protein,UGT1A9,NCBI
9135,84197,gene/protein,POMK,NCBI
9137,2653,gene/protein,GCSH,NCBI
9138,1592,gene/protein,CYP26A1,NCBI
9140,56925,gene/protein,LXN,NCBI
9141,51586,gene/protein,MED15,NCBI
9143,11168,gene/protein,PSIP1,NCBI
9144,11184,gene/protein,MAP4K1,NCBI
9147,11122,gene/protein,PTPRT,NCBI
9148,4336,gene/protein,MOBP,NCBI
9154,54982,gene/protein,CLN6,NCBI
9164,8985,gene/protein,PLOD3,NCBI
9165,4322,gene/protein,MMP13,NCBI
9166,220134,gene/protein,SKA1,NCBI
9167,57333,gene/protein,RCN3,NCBI
9170,57823,gene/protein,SLAMF7,NCBI
9171,221895,gene/protein,JAZF1,NCBI
9173,27102,gene/protein,EIF2AK1,NCBI
9174,80704,gene/protein,SLC19A3,NCBI
9179,1609,gene/protein,DGKQ,NCBI
9180,4985,gene/protein,OPRD1,NCBI
9181,3290,gene/protein,HSD11B1,NCBI
9184,3918,gene/protein,LAMC2,NCBI
9185,1635,gene/protein,DCTD,NCBI
9186,10955,gene/protein,SERINC3,NCBI
9187,7123,gene/protein,CLEC3B,NCBI
9190,7764,gene/protein,ZNF217,NCBI
9194,283455,gene/protein,KSR2,NCBI
9195,23078,gene/protein,VWA8,NCBI
9196,1268,gene/protein,CNR1,NCBI
9199,2014,gene/protein,EMP3,NCBI
9200,9446,gene/protein,GSTO1,NCBI
9206,2313,gene/protein,FLI1,NCBI
9207,1909,gene/protein,EDNRA,NCBI
9208,11167,gene/protein,FSTL1,NCBI
9209,9267,gene/protein,CYTH1,NCBI
9210,51119,gene/protein,SBDS,NCBI
9211,114990,gene/protein,VASN,NCBI
9212,11214,gene/protein,AKAP13,NCBI
9217,9468,gene/protein,PCYT1B,NCBI
9219,2937,gene/protein,GSS,NCBI
9221,25865,gene/protein,PRKD2,NCBI
9226,7178,gene/protein,TPT1,NCBI
9228,112476,gene/protein,PRRT2,NCBI
9232,79047,gene/protein,KCTD15,NCBI
9234,3570,gene/protein,IL6R,NCBI
9235,214,gene/protein,ALCAM,NCBI
9237,54832,gene/protein,VPS13C,NCBI
9238,23435,gene/protein,TARDBP,NCBI
9239,8614,gene/protein,STC2,NCBI
9244,6442,gene/protein,SGCA,NCBI
9246,2022,gene/protein,ENG,NCBI
9248,5025,gene/protein,P2RX4,NCBI
9249,5858,gene/protein,PZP,NCBI
9252,54584,gene/protein,GNB1L,NCBI
9254,26053,gene/protein,AUTS2,NCBI
9256,6792,gene/protein,CDKL5,NCBI
9257,51035,gene/protein,UBXN1,NCBI
9258,10752,gene/protein,CHL1,NCBI
9259,55789,gene/protein,DEPDC1B,NCBI
9263,115209,gene/protein,OMA1,NCBI
9264,7403,gene/protein,KDM6A,NCBI
9267,79901,gene/protein,CYBRD1,NCBI
9269,9229,gene/protein,DLGAP1,NCBI
9277,23554,gene/protein,TSPAN12,NCBI
9280,10785,gene/protein,WDR4,NCBI
9281,3768,gene/protein,KCNJ12,NCBI
9284,1159,gene/protein,CKMT1B,NCBI
9296,10572,gene/protein,SIVA1,NCBI
9303,534,gene/protein,ATP6V1G2,NCBI
9304,23387,gene/protein,SIK3,NCBI
9305,64710,gene/protein,NUCKS1,NCBI
9309,8518,gene/protein,ELP1,NCBI
9310,6756,gene/protein,SSX1,NCBI
9312,84818,gene/protein,IL17RC,NCBI
9315,2018,gene/protein,EMX2,NCBI
9316,2743,gene/protein,GLRB,NCBI
9319,170575,gene/protein,GIMAP1,NCBI
9320,799,gene/protein,CALCR,NCBI
9322,8549,gene/protein,LGR5,NCBI
9323,22866,gene/protein,CNKSR2,NCBI
9324,40,gene/protein,ASIC2,NCBI
9328,80323,gene/protein,CCDC68,NCBI
9330,10695,gene/protein,CNPY3,NCBI
9331,5270,gene/protein,SERPINE2,NCBI
9333,10495,gene/protein,ENOX2,NCBI
9339,3201,gene/protein,HOXA4,NCBI
9340,3620,gene/protein,IDO1,NCBI
9345,10806,gene/protein,SDCCAG8,NCBI
9346,3111,gene/protein,HLA-DOA,NCBI
9354,122953,gene/protein,JDP2,NCBI
9356,84444,gene/protein,DOT1L,NCBI
9357,4680,gene/protein,CEACAM6,NCBI
9363,79722,gene/protein,ANKRD55,NCBI
9365,147463,gene/protein,ANKRD29,NCBI
9366,59338,gene/protein,PLEKHA1,NCBI
9367,10641,gene/protein,NPRL2,NCBI
9369,5134,gene/protein,PDCD2,NCBI
9370,529,gene/protein,ATP6V1E1,NCBI
9373,1393,gene/protein,CRHBP,NCBI
9375,7130,gene/protein,TNFAIP6,NCBI
9376,9052,gene/protein,GPRC5A,NCBI
9377,79890,gene/protein,RIN3,NCBI
9379,2905,gene/protein,GRIN2C,NCBI
9382,4148,gene/protein,MATN3,NCBI
9384,5454,gene/protein,POU3F2,NCBI
9388,55812,gene/protein,SPATA7,NCBI
9391,6476,gene/protein,SI,NCBI
9392,23562,gene/protein,CLDN14,NCBI
9397,1294,gene/protein,COL7A1,NCBI
9399,143098,gene/protein,MPP7,NCBI
9401,55734,gene/protein,ZFP64,NCBI
9402,23788,gene/protein,MTCH2,NCBI
9403,55777,gene/protein,MBD5,NCBI
9404,80830,gene/protein,APOL6,NCBI
9408,246329,gene/protein,STAC3,NCBI
9410,4254,gene/protein,KITLG,NCBI
9412,55239,gene/protein,OGFOD1,NCBI
9415,55014,gene/protein,STX17,NCBI
9418,6620,gene/protein,SNCB,NCBI
9420,10449,gene/protein,ACAA2,NCBI
9423,140465,gene/protein,MYL6B,NCBI
9424,9197,gene/protein,SLC33A1,NCBI
9428,10922,gene/protein,FASTK,NCBI
9435,4810,gene/protein,NHS,NCBI
9436,8915,gene/protein,BCL10,NCBI
9437,11009,gene/protein,IL24,NCBI
9438,2982,gene/protein,GUCY1A1,NCBI
9441,6326,gene/protein,SCN2A,NCBI
9448,287,gene/protein,ANK2,NCBI
9449,23092,gene/protein,ARHGAP26,NCBI
9454,23308,gene/protein,ICOSLG,NCBI
9455,65078,gene/protein,RTN4R,NCBI
9457,347730,gene/protein,LRRTM1,NCBI
9459,3990,gene/protein,LIPC,NCBI
9460,6695,gene/protein,SPOCK1,NCBI
9462,8638,gene/protein,OASL,NCBI
9464,26037,gene/protein,SIPA1L1,NCBI
9466,3762,gene/protein,KCNJ5,NCBI
9468,5166,gene/protein,PDK4,NCBI
9469,429,gene/protein,ASCL1,NCBI
9471,7012,gene/protein,TERC,NCBI
9473,23446,gene/protein,SLC44A1,NCBI
9475,8803,gene/protein,SUCLA2,NCBI
9476,51176,gene/protein,LEF1,NCBI
9478,10462,gene/protein,CLEC10A,NCBI
9480,60685,gene/protein,ZFAND3,NCBI
9483,2821,gene/protein,GPI,NCBI
9485,4018,gene/protein,LPA,NCBI
9487,6571,gene/protein,SLC18A2,NCBI
9488,9156,gene/protein,EXO1,NCBI
9489,9496,gene/protein,TBX4,NCBI
9493,7318,gene/protein,UBA7,NCBI
9494,687,gene/protein,KLF9,NCBI
9495,32,gene/protein,ACACB,NCBI
9497,5257,gene/protein,PHKB,NCBI
9498,161436,gene/protein,EML5,NCBI
9500,2560,gene/protein,GABRB1,NCBI
9502,81567,gene/protein,TXNDC5,NCBI
9503,79711,gene/protein,IPO4,NCBI
9505,161291,gene/protein,TMEM30B,NCBI
9506,136,gene/protein,ADORA2B,NCBI
9513,79149,gene/protein,ZSCAN5A,NCBI
9515,27122,gene/protein,DKK3,NCBI
9521,3590,gene/protein,IL11RA,NCBI
9524,6373,gene/protein,CXCL11,NCBI
9525,5005,gene/protein,ORM2,NCBI
9526,57661,gene/protein,PHRF1,NCBI
9527,23054,gene/protein,NCOA6,NCBI
9529,8943,gene/protein,AP3D1,NCBI
9533,51778,gene/protein,MYOZ2,NCBI
9536,23671,gene/protein,TMEFF2,NCBI
9538,3429,gene/protein,IFI27,NCBI
9539,57551,gene/protein,TAOK1,NCBI
9540,55500,gene/protein,ETNK1,NCBI
9543,5320,gene/protein,PLA2G2A,NCBI
9556,54107,gene/protein,POLE3,NCBI
9557,3687,gene/protein,ITGAX,NCBI
9558,51082,gene/protein,POLR1D,NCBI
9561,2971,gene/protein,GTF3A,NCBI
9562,51763,gene/protein,INPP5K,NCBI
9563,1583,gene/protein,CYP11A1,NCBI
9570,9734,gene/protein,HDAC9,NCBI
9572,342945,gene/protein,ZSCAN22,NCBI
9573,7984,gene/protein,ARHGEF5,NCBI
9574,5924,gene/protein,RASGRF2,NCBI
9577,4440,gene/protein,MSI1,NCBI
9580,4350,gene/protein,MPG,NCBI
9584,25800,gene/protein,SLC39A6,NCBI
9594,11329,gene/protein,STK38,NCBI
9598,79837,gene/protein,PIP4K2C,NCBI
9602,83548,gene/protein,COG3,NCBI
9604,8320,gene/protein,EOMES,NCBI
9608,5128,gene/protein,CDK17,NCBI
9611,84516,gene/protein,DCTN5,NCBI
9612,2178,gene/protein,FANCE,NCBI
9619,6295,gene/protein,SAG,NCBI
9620,9235,gene/protein,IL32,NCBI
9624,54577,gene/protein,UGT1A7,NCBI
9627,10625,gene/protein,IVNS1ABP,NCBI
9631,1491,gene/protein,CTH,NCBI
9636,9411,gene/protein,ARHGAP29,NCBI
9640,55297,gene/protein,CCDC91,NCBI
9643,56287,gene/protein,GKN1,NCBI
9652,1180,gene/protein,CLCN1,NCBI
9655,9210,gene/protein,BMP15,NCBI
9657,112399,gene/protein,EGLN3,NCBI
9659,11274,gene/protein,USP18,NCBI
9667,64220,gene/protein,STRA6,NCBI
9670,3739,gene/protein,KCNA4,NCBI
9671,3818,gene/protein,KLKB1,NCBI
9673,57122,gene/protein,NUP107,NCBI
9676,212,gene/protein,ALAS2,NCBI
9678,27148,gene/protein,STK36,NCBI
9679,3350,gene/protein,HTR1A,NCBI
9680,3714,gene/protein,JAG2,NCBI
9683,3251,gene/protein,HPRT1,NCBI
9685,1618,gene/protein,DAZL,NCBI
9689,9510,gene/protein,ADAMTS1,NCBI
9690,107,gene/protein,ADCY1,NCBI
9693,55270,gene/protein,NUDT15,NCBI
9695,1380,gene/protein,CR2,NCBI
9700,81502,gene/protein,HM13,NCBI
9702,55023,gene/protein,PHIP,NCBI
9703,6524,gene/protein,SLC5A2,NCBI
9710,51132,gene/protein,RLIM,NCBI
9711,144811,gene/protein,LACC1,NCBI
9712,167127,gene/protein,UGT3A2,NCBI
9714,6678,gene/protein,SPARC,NCBI
9718,1013,gene/protein,CDH15,NCBI
9720,2741,gene/protein,GLRA1,NCBI
9721,79796,gene/protein,ALG9,NCBI
9722,8660,gene/protein,IRS2,NCBI
9723,29949,gene/protein,IL19,NCBI
9724,4191,gene/protein,MDH2,NCBI
9732,6406,gene/protein,SEMG1,NCBI
9733,2286,gene/protein,FKBP2,NCBI
9735,6665,gene/protein,SOX15,NCBI
9739,91289,gene/protein,LMF2,NCBI
9741,343,gene/protein,AQP8,NCBI
9742,55760,gene/protein,DHX32,NCBI
9747,2013,gene/protein,EMP2,NCBI
9754,54551,gene/protein,MAGEL2,NCBI
9759,1964,gene/protein,EIF1AX,NCBI
9761,27125,gene/protein,AFF4,NCBI
9763,94103,gene/protein,ORMDL3,NCBI
9767,344,gene/protein,APOC2,NCBI
9770,357,gene/protein,SHROOM2,NCBI
9772,81930,gene/protein,KIF18A,NCBI
9784,9726,gene/protein,ZNF646,NCBI
9788,9826,gene/protein,ARHGEF11,NCBI
9794,3385,gene/protein,ICAM3,NCBI
9795,3811,gene/protein,KIR3DL1,NCBI
9796,8683,gene/protein,SRSF9,NCBI
9800,5194,gene/protein,PEX13,NCBI
9807,11152,gene/protein,WDR45,NCBI
9813,8912,gene/protein,CACNA1H,NCBI
9815,4886,gene/protein,NPY1R,NCBI
9818,1345,gene/protein,COX6C,NCBI
9822,10265,gene/protein,IRX5,NCBI
9823,83932,gene/protein,SPRTN,NCBI
9826,1593,gene/protein,CYP27A1,NCBI
9829,84706,gene/protein,GPT2,NCBI
9831,3070,gene/protein,HELLS,NCBI
9832,6503,gene/protein,SLA,NCBI
9833,3199,gene/protein,HOXA2,NCBI
9835,7390,gene/protein,UROS,NCBI
9838,51727,gene/protein,CMPK1,NCBI
9840,151636,gene/protein,DTX3L,NCBI
9842,154796,gene/protein,AMOT,NCBI
9846,563,gene/protein,AZGP1,NCBI
9847,4154,gene/protein,MBNL1,NCBI
9849,57692,gene/protein,MAGEE1,NCBI
9852,51338,gene/protein,MS4A4A,NCBI
9855,760,gene/protein,CA2,NCBI
9861,24138,gene/protein,IFIT5,NCBI
9864,80142,gene/protein,PTGES2,NCBI
9866,10800,gene/protein,CYSLTR1,NCBI
9868,79968,gene/protein,WDR76,NCBI
9870,8997,gene/protein,KALRN,NCBI
9871,26508,gene/protein,HEYL,NCBI
9874,10270,gene/protein,AKAP8,NCBI
9875,7546,gene/protein,ZIC2,NCBI
9877,60370,gene/protein,AVPI1,NCBI
9878,3882,gene/protein,KRT32,NCBI
9880,196385,gene/protein,DNAH10,NCBI
9881,51491,gene/protein,NOP16,NCBI
9883,2117,gene/protein,ETV3,NCBI
9885,400258,gene/protein,C14orf180,NCBI
9889,1644,gene/protein,DDC,NCBI
9891,26275,gene/protein,HIBCH,NCBI
9893,2939,gene/protein,GSTA2,NCBI
9897,794,gene/protein,CALB2,NCBI
9898,27063,gene/protein,ANKRD1,NCBI
9901,154881,gene/protein,KCTD7,NCBI
9903,2841,gene/protein,GPR18,NCBI
9904,186,gene/protein,AGTR2,NCBI
9905,5053,gene/protein,PAH,NCBI
9915,79809,gene/protein,TTC21B,NCBI
9916,51573,gene/protein,GDE1,NCBI
9918,83741,gene/protein,TFAP2D,NCBI
9920,55635,gene/protein,DEPDC1,NCBI
9923,26122,gene/protein,EPC2,NCBI
9924,63892,gene/protein,THADA,NCBI
9929,7166,gene/protein,TPH1,NCBI
9933,9152,gene/protein,SLC6A5,NCBI
9938,3033,gene/protein,HADH,NCBI
9940,5833,gene/protein,PCYT2,NCBI
9941,10365,gene/protein,KLF2,NCBI
9954,56922,gene/protein,MCCC1,NCBI
9956,9896,gene/protein,FIG4,NCBI
9963,5464,gene/protein,PPA1,NCBI
9964,27306,gene/protein,HPGDS,NCBI
9965,3418,gene/protein,IDH2,NCBI
9967,1311,gene/protein,COMP,NCBI
9968,23705,gene/protein,CADM1,NCBI
9972,8170,gene/protein,SLC14A2,NCBI
9974,22937,gene/protein,SCAP,NCBI
9975,64374,gene/protein,SIL1,NCBI
9981,25788,gene/protein,RAD54B,NCBI
9983,3101,gene/protein,HK3,NCBI
9984,27087,gene/protein,B3GAT1,NCBI
9986,284654,gene/protein,RSPO1,NCBI
9990,26115,gene/protein,TANC2,NCBI
9991,9770,gene/protein,RASSF2,NCBI
9992,153129,gene/protein,SLC38A9,NCBI
9993,79072,gene/protein,FASTKD3,NCBI
9994,23255,gene/protein,MTCL1,NCBI
10004,55605,gene/protein,KIF21A,NCBI
10005,79365,gene/protein,BHLHE41,NCBI
10006,10549,gene/protein,PRDX4,NCBI
10011,29102,gene/protein,DROSHA,NCBI
10012,54901,gene/protein,CDKAL1,NCBI
10018,4547,gene/protein,MTTP,NCBI
10021,55062,gene/protein,WIPI1,NCBI
10022,5959,gene/protein,RDH5,NCBI
10025,2277,gene/protein,VEGFD,NCBI
10027,1723,gene/protein,DHODH,NCBI
10031,5378,gene/protein,PMS1,NCBI
10032,55636,gene/protein,CHD7,NCBI
10034,3248,gene/protein,HPGD,NCBI
10035,65059,gene/protein,RAPH1,NCBI
10037,79876,gene/protein,UBA5,NCBI
10039,7711,gene/protein,ZNF155,NCBI
10040,10087,gene/protein,CERT1,NCBI
10047,4986,gene/protein,OPRK1,NCBI
10050,7145,gene/protein,TNS1,NCBI
10051,51447,gene/protein,IP6K2,NCBI
10052,23246,gene/protein,BOP1,NCBI
10055,9768,gene/protein,PCLAF,NCBI
10057,4069,gene/protein,LYZ,NCBI
10058,26286,gene/protein,ARFGAP3,NCBI
10062,1394,gene/protein,CRHR1,NCBI
10064,79080,gene/protein,CCDC86,NCBI
10066,5768,gene/protein,QSOX1,NCBI
10072,54575,gene/protein,UGT1A10,NCBI
10074,8462,gene/protein,KLF11,NCBI
10075,6910,gene/protein,TBX5,NCBI
10082,2941,gene/protein,GSTA4,NCBI
10084,113235,gene/protein,SLC46A1,NCBI
10086,84870,gene/protein,RSPO3,NCBI
10093,2903,gene/protein,GRIN2A,NCBI
10094,23394,gene/protein,ADNP,NCBI
10102,1016,gene/protein,CDH18,NCBI
10103,1903,gene/protein,S1PR3,NCBI
10104,4909,gene/protein,NTF4,NCBI
10106,1128,gene/protein,CHRM1,NCBI
10107,25790,gene/protein,CFAP45,NCBI
10108,144100,gene/protein,PLEKHA7,NCBI
10110,3780,gene/protein,KCNN1,NCBI
10113,54106,gene/protein,TLR9,NCBI
10115,361,gene/protein,AQP4,NCBI
10120,8604,gene/protein,SLC25A12,NCBI
10121,654,gene/protein,BMP6,NCBI
10123,10021,gene/protein,HCN4,NCBI
10124,10797,gene/protein,MTHFD2,NCBI
10129,2348,gene/protein,FOLR1,NCBI
10132,54888,gene/protein,NSUN2,NCBI
10133,6579,gene/protein,SLCO1A2,NCBI
10135,54465,gene/protein,ETAA1,NCBI
10137,6344,gene/protein,SCTR,NCBI
10138,9922,gene/protein,IQSEC1,NCBI
10146,6358,gene/protein,CCL14,NCBI
10147,9480,gene/protein,ONECUT2,NCBI
10151,170680,gene/protein,PSORS1C2,NCBI
10154,2678,gene/protein,GGT1,NCBI
10158,91039,gene/protein,DPP9,NCBI
10161,116442,gene/protein,RAB39B,NCBI
10162,64969,gene/protein,MRPS5,NCBI
10164,9575,gene/protein,CLOCK,NCBI
10167,3748,gene/protein,KCNC3,NCBI
10169,5896,gene/protein,RAG1,NCBI
10172,1015,gene/protein,CDH17,NCBI
10174,125893,gene/protein,ZNF816,NCBI
10178,5210,gene/protein,PFKFB4,NCBI
10179,10536,gene/protein,P3H3,NCBI
10180,6507,gene/protein,SLC1A3,NCBI
10181,5860,gene/protein,QDPR,NCBI
10188,23753,gene/protein,SDF2L1,NCBI
10191,2524,gene/protein,FUT2,NCBI
10192,51752,gene/protein,ERAP1,NCBI
10195,3760,gene/protein,KCNJ3,NCBI
10197,3145,gene/protein,HMBS,NCBI
10198,55703,gene/protein,POLR3B,NCBI
10205,4241,gene/protein,MELTF,NCBI
10206,10487,gene/protein,CAP1,NCBI
10215,5179,gene/protein,PENK,NCBI
10216,2098,gene/protein,ESD,NCBI
10218,1826,gene/protein,DSCAM,NCBI
10221,10457,gene/protein,GPNMB,NCBI
10222,23604,gene/protein,DAPK2,NCBI
10223,3857,gene/protein,KRT9,NCBI
10225,23230,gene/protein,VPS13A,NCBI
10234,9973,gene/protein,CCS,NCBI
10235,8495,gene/protein,PPFIBP2,NCBI
10238,9208,gene/protein,LRRFIP1,NCBI
10242,27348,gene/protein,TOR1B,NCBI
10248,10296,gene/protein,MAEA,NCBI
10250,64581,gene/protein,CLEC7A,NCBI
10255,55172,gene/protein,DNAAF2,NCBI
10257,2847,gene/protein,MCHR1,NCBI
10258,6037,gene/protein,RNASE3,NCBI
10260,4352,gene/protein,MPL,NCBI
10268,10643,gene/protein,IGF2BP3,NCBI
10269,84617,gene/protein,TUBB6,NCBI
10271,79682,gene/protein,CENPU,NCBI
10275,5126,gene/protein,PCSK2,NCBI
10276,63939,gene/protein,FAM217B,NCBI
10277,5346,gene/protein,PLIN1,NCBI
10278,84868,gene/protein,HAVCR2,NCBI
10280,23193,gene/protein,GANAB,NCBI
10282,10290,gene/protein,SPEG,NCBI
10284,6866,gene/protein,TAC3,NCBI
10285,374,gene/protein,AREG,NCBI
10289,57545,gene/protein,CC2D2A,NCBI
10290,3574,gene/protein,IL7,NCBI
10292,11179,gene/protein,ZNF277,NCBI
10293,3972,gene/protein,LHB,NCBI
10298,6098,gene/protein,ROS1,NCBI
10299,6536,gene/protein,SLC6A9,NCBI
10303,6697,gene/protein,SPR,NCBI
10304,23456,gene/protein,ABCB10,NCBI
10308,55036,gene/protein,CCDC40,NCBI
10312,3283,gene/protein,HSD3B1,NCBI
10316,29991,gene/protein,OBP2A,NCBI
10317,1404,gene/protein,HAPLN1,NCBI
10319,1816,gene/protein,DRD5,NCBI
10320,4481,gene/protein,MSR1,NCBI
10322,25840,gene/protein,METTL7A,NCBI
10326,23080,gene/protein,AVL9,NCBI
10329,29089,gene/protein,UBE2T,NCBI
10333,5645,gene/protein,PRSS2,NCBI
10335,23036,gene/protein,ZNF292,NCBI
10338,84527,gene/protein,ZNF559,NCBI
10340,22844,gene/protein,FRMPD1,NCBI
10341,1351,gene/protein,COX8A,NCBI
10343,1608,gene/protein,DGKG,NCBI
10346,7200,gene/protein,TRH,NCBI
10358,26137,gene/protein,ZBTB20,NCBI
10360,54502,gene/protein,RBM47,NCBI
10361,169841,gene/protein,ZNF169,NCBI
10363,5151,gene/protein,PDE8A,NCBI
10367,50814,gene/protein,NSDHL,NCBI
10371,5189,gene/protein,PEX1,NCBI
10372,7471,gene/protein,WNT1,NCBI
10374,55729,gene/protein,ATF7IP,NCBI
10376,26471,gene/protein,NUPR1,NCBI
10381,6120,gene/protein,RPE,NCBI
10384,26472,gene/protein,PPP1R14B,NCBI
10385,55869,gene/protein,HDAC8,NCBI
10386,11113,gene/protein,CIT,NCBI
10392,23175,gene/protein,LPIN1,NCBI
10393,23154,gene/protein,NCDN,NCBI
10398,51363,gene/protein,CHST15,NCBI
10399,59345,gene/protein,GNB4,NCBI
10409,57787,gene/protein,MARK4,NCBI
10412,1548,gene/protein,CYP2A6,NCBI
10413,2592,gene/protein,GALT,NCBI
10416,9829,gene/protein,DNAJC6,NCBI
10417,6331,gene/protein,SCN5A,NCBI
10423,7453,gene/protein,WARS1,NCBI
10426,116328,gene/protein,C8orf34,NCBI
10429,776,gene/protein,CACNA1D,NCBI
10430,822,gene/protein,CAPG,NCBI
10433,64215,gene/protein,DNAJC1,NCBI
10434,54897,gene/protein,CASZ1,NCBI
10441,9924,gene/protein,PAN2,NCBI
10442,51477,gene/protein,ISYNA1,NCBI
10443,7378,gene/protein,UPP1,NCBI
10450,26507,gene/protein,CNNM1,NCBI
10452,364,gene/protein,AQP7,NCBI
10456,55146,gene/protein,ZDHHC4,NCBI
10457,55904,gene/protein,KMT2E,NCBI
10459,2906,gene/protein,GRIN2D,NCBI
10460,5806,gene/protein,PTX3,NCBI
10463,83939,gene/protein,EIF2A,NCBI
10464,6718,gene/protein,AKR1D1,NCBI
10465,4838,gene/protein,NODAL,NCBI
10467,149420,gene/protein,PDIK1L,NCBI
10468,57396,gene/protein,CLK4,NCBI
10470,887,gene/protein,CCKBR,NCBI
10476,27092,gene/protein,CACNG4,NCBI
10478,5646,gene/protein,PRSS3,NCBI
10482,170572,gene/protein,HTR3C,NCBI
10484,941,gene/protein,CD80,NCBI
10485,10587,gene/protein,TXNRD2,NCBI
10490,10714,gene/protein,POLD3,NCBI
10491,10160,gene/protein,FARP1,NCBI
10492,9076,gene/protein,CLDN1,NCBI
10495,7021,gene/protein,TFAP2B,NCBI
10499,8999,gene/protein,CDKL2,NCBI
10502,7030,gene/protein,TFE3,NCBI
10503,4323,gene/protein,MMP14,NCBI
10506,10481,gene/protein,HOXB13,NCBI
10508,55193,gene/protein,PBRM1,NCBI
10510,7478,gene/protein,WNT8A,NCBI
10512,92483,gene/protein,LDHAL6B,NCBI
10513,6533,gene/protein,SLC6A6,NCBI
10515,78996,gene/protein,CYREN,NCBI
10518,85439,gene/protein,STON2,NCBI
10521,3897,gene/protein,L1CAM,NCBI
10522,2595,gene/protein,GANC,NCBI
10523,5229,gene/protein,PGGT1B,NCBI
10535,10397,gene/protein,NDRG1,NCBI
10541,6700,gene/protein,SPRR2A,NCBI
10550,3694,gene/protein,ITGB6,NCBI
10553,137209,gene/protein,ZNF572,NCBI
10555,91662,gene/protein,NLRP12,NCBI
10556,23189,gene/protein,KANK1,NCBI
10557,80345,gene/protein,ZSCAN16,NCBI
10558,8513,gene/protein,LIPF,NCBI
10559,3176,gene/protein,HNMT,NCBI
10560,10579,gene/protein,TACC2,NCBI
10563,54862,gene/protein,CC2D1A,NCBI
10564,9249,gene/protein,DHRS3,NCBI
10565,6355,gene/protein,CCL8,NCBI
10566,3730,gene/protein,ANOS1,NCBI
10571,729230,gene/protein,CCR2,NCBI
10574,10215,gene/protein,OLIG2,NCBI
10578,2791,gene/protein,GNG11,NCBI
10579,2788,gene/protein,GNG7,NCBI
10582,4595,gene/protein,MUTYH,NCBI
10587,55076,gene/protein,TMEM45A,NCBI
10588,611,gene/protein,OPN1SW,NCBI
10590,6328,gene/protein,SCN3A,NCBI
10592,3292,gene/protein,HSD17B1,NCBI
10593,3766,gene/protein,KCNJ10,NCBI
10597,11231,gene/protein,SEC63,NCBI
10598,1775,gene/protein,DNASE1L2,NCBI
10602,54757,gene/protein,FAM20A,NCBI
10608,6330,gene/protein,SCN4B,NCBI
10611,51029,gene/protein,DESI2,NCBI
10613,4099,gene/protein,MAG,NCBI
10617,25842,gene/protein,ASF1A,NCBI
10619,30845,gene/protein,EHD3,NCBI
10620,6955,gene/protein,TRA,NCBI
10621,11236,gene/protein,RNF139,NCBI
10626,6549,gene/protein,SLC9A2,NCBI
10629,23224,gene/protein,SYNE2,NCBI
10631,9379,gene/protein,NRXN2,NCBI
10632,552,gene/protein,AVPR1A,NCBI
10634,55625,gene/protein,ZDHHC7,NCBI
10636,55140,gene/protein,ELP3,NCBI
10639,23061,gene/protein,TBC1D9B,NCBI
10645,10420,gene/protein,TESK2,NCBI
10647,10599,gene/protein,SLCO1B1,NCBI
10649,4054,gene/protein,LTBP3,NCBI
10654,111,gene/protein,ADCY5,NCBI
10657,154064,gene/protein,RAET1L,NCBI
10658,319,gene/protein,APOF,NCBI
10660,3700,gene/protein,ITIH4,NCBI
10661,116987,gene/protein,AGAP1,NCBI
10666,3487,gene/protein,IGFBP4,NCBI
10667,55717,gene/protein,WDR11,NCBI
10674,10522,gene/protein,DEAF1,NCBI
10675,30009,gene/protein,TBX21,NCBI
10677,50944,gene/protein,SHANK1,NCBI
10679,4619,gene/protein,MYH1,NCBI
10680,23331,gene/protein,TTC28,NCBI
10682,112724,gene/protein,RDH13,NCBI
10683,56946,gene/protein,EMSY,NCBI
10686,5260,gene/protein,PHKG1,NCBI
10688,57573,gene/protein,ZNF471,NCBI
10691,8076,gene/protein,MFAP5,NCBI
10694,85366,gene/protein,MYLK2,NCBI
10695,6323,gene/protein,SCN1A,NCBI
10699,79158,gene/protein,GNPTAB,NCBI
10701,51181,gene/protein,DCXR,NCBI
10702,6423,gene/protein,SFRP2,NCBI
10704,3218,gene/protein,HOXB8,NCBI
10705,8741,gene/protein,TNFSF13,NCBI
10706,79054,gene/protein,TRPM8,NCBI
10709,2674,gene/protein,GFRA1,NCBI
10722,140902,gene/protein,R3HDML,NCBI
10725,50484,gene/protein,RRM2B,NCBI
10731,7008,gene/protein,TEF,NCBI
10732,60528,gene/protein,ELAC2,NCBI
10740,10661,gene/protein,KLF1,NCBI
10743,9948,gene/protein,WDR1,NCBI
10744,2587,gene/protein,GALR1,NCBI
10745,4199,gene/protein,ME1,NCBI
10746,10644,gene/protein,IGF2BP2,NCBI
10749,64399,gene/protein,HHIP,NCBI
10750,159989,gene/protein,DEUP1,NCBI
10752,4058,gene/protein,LTK,NCBI
10763,84061,gene/protein,MAGT1,NCBI
10764,374879,gene/protein,ZNF699,NCBI
10765,55681,gene/protein,SCYL2,NCBI
10769,368,gene/protein,ABCC6,NCBI
10771,3060,gene/protein,HCRT,NCBI
10774,7227,gene/protein,TRPS1,NCBI
10777,10589,gene/protein,DRAP1,NCBI
10780,83795,gene/protein,KCNK16,NCBI
10783,7058,gene/protein,THBS2,NCBI
10788,347733,gene/protein,TUBB2B,NCBI
10790,8491,gene/protein,MAP4K3,NCBI
10792,196740,gene/protein,VSTM4,NCBI
10795,732,gene/protein,C8B,NCBI
10797,85413,gene/protein,SLC22A16,NCBI
10798,3764,gene/protein,KCNJ8,NCBI
10800,9472,gene/protein,AKAP6,NCBI
10802,81494,gene/protein,CFHR5,NCBI
10804,55830,gene/protein,GLT8D1,NCBI
10805,3061,gene/protein,HCRTR1,NCBI
10807,8828,gene/protein,NRP2,NCBI
10808,10602,gene/protein,CDC42EP3,NCBI
10809,1620,gene/protein,BRINP1,NCBI
10810,9985,gene/protein,REC8,NCBI
10812,3420,gene/protein,IDH3B,NCBI
10818,2992,gene/protein,GYG1,NCBI
10820,128239,gene/protein,IQGAP3,NCBI
10821,10369,gene/protein,CACNG2,NCBI
10826,9732,gene/protein,DOCK4,NCBI
10827,6017,gene/protein,RLBP1,NCBI
10829,9947,gene/protein,MAGEC1,NCBI
10830,55237,gene/protein,VRTN,NCBI
10831,51533,gene/protein,PHF7,NCBI
10833,125,gene/protein,ADH1B,NCBI
10835,4852,gene/protein,NPY,NCBI
10836,90121,gene/protein,TSR2,NCBI
10838,83732,gene/protein,RIOK1,NCBI
10843,4357,gene/protein,MPST,NCBI
10847,10082,gene/protein,GPC6,NCBI
10852,2877,gene/protein,GPX2,NCBI
10854,22849,gene/protein,CPEB3,NCBI
10861,81037,gene/protein,CLPTM1L,NCBI
10862,5017,gene/protein,OVOL1,NCBI
10870,125997,gene/protein,MBD3L2,NCBI
10872,9783,gene/protein,RIMS3,NCBI
10874,8722,gene/protein,CTSF,NCBI
10875,286530,gene/protein,P2RY8,NCBI
10877,1365,gene/protein,CLDN3,NCBI
10880,80723,gene/protein,SLC35G2,NCBI
10883,26272,gene/protein,FBXO4,NCBI
10885,7844,gene/protein,RNF103,NCBI
10893,51734,gene/protein,MSRB1,NCBI
10897,1668,gene/protein,DEFA3,NCBI
10900,5176,gene/protein,SERPINF1,NCBI
10901,1577,gene/protein,CYP3A5,NCBI
10902,81603,gene/protein,TRIM8,NCBI
10905,144717,gene/protein,PHETA1,NCBI
10908,57522,gene/protein,SRGAP1,NCBI
10909,55252,gene/protein,ASXL2,NCBI
10915,3485,gene/protein,IGFBP2,NCBI
10918,4009,gene/protein,LMX1A,NCBI
10919,8624,gene/protein,PSMG1,NCBI
10922,8780,gene/protein,RIOK3,NCBI
10923,92344,gene/protein,GORAB,NCBI
10928,115207,gene/protein,KCTD12,NCBI
10929,4493,gene/protein,MT1E,NCBI
10934,84816,gene/protein,RTN4IP1,NCBI
10938,23301,gene/protein,EHBP1,NCBI
10944,93986,gene/protein,FOXP2,NCBI
10946,6023,gene/protein,RMRP,NCBI
10949,51592,gene/protein,TRIM33,NCBI
10955,90139,gene/protein,TSPAN18,NCBI
10959,6038,gene/protein,RNASE4,NCBI
10961,81605,gene/protein,URM1,NCBI
10966,4439,gene/protein,MSH5,NCBI
10968,27091,gene/protein,CACNG5,NCBI
10975,29108,gene/protein,PYCARD,NCBI
10976,9248,gene/protein,GPR50,NCBI
10978,91543,gene/protein,RSAD2,NCBI
10979,10391,gene/protein,CORO2B,NCBI
10983,6753,gene/protein,SSTR3,NCBI
10984,2984,gene/protein,GUCY2C,NCBI
10986,5593,gene/protein,PRKG2,NCBI
10989,4130,gene/protein,MAP1A,NCBI
10993,51621,gene/protein,KLF13,NCBI
10994,55818,gene/protein,KDM3A,NCBI
10996,9754,gene/protein,STARD8,NCBI
10997,2166,gene/protein,FAAH,NCBI
10998,2936,gene/protein,GSR,NCBI
11006,157922,gene/protein,CAMSAP1,NCBI
11008,51135,gene/protein,IRAK4,NCBI
11011,127,gene/protein,ADH4,NCBI
11013,4973,gene/protein,OLR1,NCBI
11014,51744,gene/protein,CD244,NCBI
11016,8224,gene/protein,SYN3,NCBI
11017,55244,gene/protein,SLC47A1,NCBI
11020,1960,gene/protein,EGR3,NCBI
11028,7625,gene/protein,ZNF74,NCBI
11030,3026,gene/protein,HABP2,NCBI
11032,57057,gene/protein,TBX20,NCBI
11036,5596,gene/protein,MAPK4,NCBI
11038,6329,gene/protein,SCN4A,NCBI
11043,1007,gene/protein,CDH9,NCBI
11044,23008,gene/protein,KLHDC10,NCBI
11049,4133,gene/protein,MAP2,NCBI
11050,51422,gene/protein,PRKAG2,NCBI
11054,26750,gene/protein,RPS6KC1,NCBI
11056,55726,gene/protein,INTS13,NCBI
11057,79719,gene/protein,AAGAB,NCBI
11062,79664,gene/protein,ICE2,NCBI
11065,51284,gene/protein,TLR7,NCBI
11066,2897,gene/protein,GRIK1,NCBI
11068,25903,gene/protein,OLFML2B,NCBI
11071,146279,gene/protein,TEKT5,NCBI
11075,1043,gene/protein,CD52,NCBI
11076,7306,gene/protein,TYRP1,NCBI
11077,9232,gene/protein,PTTG1,NCBI
11080,5740,gene/protein,PTGIS,NCBI
11084,10563,gene/protein,CXCL13,NCBI
11085,51174,gene/protein,TUBD1,NCBI
11086,837,gene/protein,CASP4,NCBI
11090,51466,gene/protein,EVL,NCBI
11095,54663,gene/protein,WDR74,NCBI
11096,3746,gene/protein,KCNC1,NCBI
11097,163702,gene/protein,IFNLR1,NCBI
11100,4161,gene/protein,MC5R,NCBI
11101,54704,gene/protein,PDP1,NCBI
11102,84680,gene/protein,ACCS,NCBI
11103,8877,gene/protein,SPHK1,NCBI
11107,5130,gene/protein,PCYT1A,NCBI
11108,29,gene/protein,ABR,NCBI
11110,5029,gene/protein,P2RY2,NCBI
11111,56990,gene/protein,CDC42SE2,NCBI
11112,286887,gene/protein,KRT6C,NCBI
11114,4158,gene/protein,MC2R,NCBI
11120,284119,gene/protein,CAVIN1,NCBI
11121,1804,gene/protein,DPP6,NCBI
11123,2570,gene/protein,GABRR2,NCBI
11124,686,gene/protein,BTD,NCBI
11128,2949,gene/protein,GSTM5,NCBI
11130,249,gene/protein,ALPL,NCBI
11133,7263,gene/protein,TST,NCBI
11134,9971,gene/protein,NR1H4,NCBI
11136,5972,gene/protein,REN,NCBI
11138,7036,gene/protein,TFR2,NCBI
11142,4330,gene/protein,MN1,NCBI
11143,134,gene/protein,ADORA1,NCBI
11146,2161,gene/protein,F12,NCBI
11147,833,gene/protein,CARS1,NCBI
11148,5657,gene/protein,PRTN3,NCBI
11149,9940,gene/protein,DLEC1,NCBI
11155,10058,gene/protein,ABCB6,NCBI
11156,2531,gene/protein,KDSR,NCBI
11165,947,gene/protein,CD34,NCBI
11168,51441,gene/protein,YTHDF2,NCBI
11170,23026,gene/protein,MYO16,NCBI
11174,55759,gene/protein,WDR12,NCBI
11179,6506,gene/protein,SLC1A2,NCBI
11185,5137,gene/protein,PDE1C,NCBI
11186,6349,gene/protein,CCL3L1,NCBI
11189,2747,gene/protein,GLUD2,NCBI
11192,28514,gene/protein,DLL1,NCBI
11193,6392,gene/protein,SDHD,NCBI
11194,3704,gene/protein,ITPA,NCBI
11199,1611,gene/protein,DAP,NCBI
11200,27436,gene/protein,EML4,NCBI
11206,6362,gene/protein,CCL18,NCBI
11209,9289,gene/protein,ADGRG1,NCBI
11211,9690,gene/protein,UBE3C,NCBI
11214,478,gene/protein,ATP1A3,NCBI
11215,1142,gene/protein,CHRNB3,NCBI
11216,27121,gene/protein,DKK4,NCBI
11218,9615,gene/protein,GDA,NCBI
11219,1767,gene/protein,DNAH5,NCBI
11220,54809,gene/protein,SAMD9,NCBI
11221,6035,gene/protein,RNASE1,NCBI
11222,27242,gene/protein,TNFRSF21,NCBI
11223,6547,gene/protein,SLC8A3,NCBI
11225,5138,gene/protein,PDE2A,NCBI
11232,51804,gene/protein,SIX4,NCBI
11235,9674,gene/protein,KIAA0040,NCBI
11238,9215,gene/protein,LARGE1,NCBI
11239,885,gene/protein,CCK,NCBI
11246,8833,gene/protein,GMPS,NCBI
11247,23414,gene/protein,ZFPM2,NCBI
11248,91653,gene/protein,BOC,NCBI
11253,2555,gene/protein,GABRA2,NCBI
11256,8671,gene/protein,SLC4A4,NCBI
11259,9788,gene/protein,MTSS1,NCBI
11262,23152,gene/protein,CIC,NCBI
11265,116449,gene/protein,CLNK,NCBI
11267,9547,gene/protein,CXCL14,NCBI
11270,2731,gene/protein,GLDC,NCBI
11274,1580,gene/protein,CYP4B1,NCBI
11281,23248,gene/protein,RPRD2,NCBI
11282,114,gene/protein,ADCY8,NCBI
11283,7139,gene/protein,TNNT2,NCBI
11285,23521,gene/protein,RPL13A,NCBI
11287,196527,gene/protein,ANO6,NCBI
11290,343930,gene/protein,MSGN1,NCBI
11293,10716,gene/protein,TBR1,NCBI
11295,10632,gene/protein,ATP5MG,NCBI
11296,151647,gene/protein,TAFA4,NCBI
11297,279,gene/protein,AMY2A,NCBI
11301,79875,gene/protein,THSD4,NCBI
11308,387266,gene/protein,KRTAP5-3,NCBI
11310,2206,gene/protein,MS4A2,NCBI
11311,253012,gene/protein,HEPACAM2,NCBI
11315,10319,gene/protein,LAMC3,NCBI
11320,10276,gene/protein,NET1,NCBI
11321,51602,gene/protein,NOP58,NCBI
11322,57628,gene/protein,DPP10,NCBI
11324,443,gene/protein,ASPA,NCBI
11328,54221,gene/protein,SNTG2,NCBI
11329,9147,gene/protein,NEMF,NCBI
11330,11005,gene/protein,SPINK5,NCBI
11332,79834,gene/protein,PEAK1,NCBI
11334,54959,gene/protein,ODAM,NCBI
11337,259266,gene/protein,ASPM,NCBI
11338,55229,gene/protein,PANK4,NCBI
11341,440275,gene/protein,EIF2AK4,NCBI
11346,29947,gene/protein,DNMT3L,NCBI
11350,23235,gene/protein,SIK2,NCBI
11353,6891,gene/protein,TAP2,NCBI
11356,3674,gene/protein,ITGA2B,NCBI
11361,8809,gene/protein,IL18R1,NCBI
11362,9635,gene/protein,CLCA2,NCBI
11364,79763,gene/protein,ISOC2,NCBI
11366,3612,gene/protein,IMPA1,NCBI
11367,5101,gene/protein,PCDH9,NCBI
11369,5447,gene/protein,POR,NCBI
11375,159,gene/protein,ADSS2,NCBI
11380,7179,gene/protein,TPTE,NCBI
11381,55819,gene/protein,RNF130,NCBI
11384,5141,gene/protein,PDE4A,NCBI
11386,29103,gene/protein,DNAJC15,NCBI
11387,64968,gene/protein,MRPS6,NCBI
11393,79184,gene/protein,BRCC3,NCBI
11394,6445,gene/protein,SGCG,NCBI
11399,29985,gene/protein,SLC39A3,NCBI
11404,27044,gene/protein,SND1,NCBI
11412,9748,gene/protein,SLK,NCBI
11413,79723,gene/protein,SUV39H2,NCBI
11415,92105,gene/protein,INTS4,NCBI
11416,7923,gene/protein,HSD17B8,NCBI
11417,60558,gene/protein,GUF1,NCBI
11419,7076,gene/protein,TIMP1,NCBI
11421,10417,gene/protein,SPON2,NCBI
11423,9420,gene/protein,CYP7B1,NCBI
11426,29801,gene/protein,ZDHHC8,NCBI
11427,1463,gene/protein,NCAN,NCBI
11429,8339,gene/protein,H2BC8,NCBI
11431,22808,gene/protein,MRAS,NCBI
11437,170589,gene/protein,GPHA2,NCBI
11438,58499,gene/protein,ZNF462,NCBI
11440,8540,gene/protein,AGPS,NCBI
11441,54946,gene/protein,SLC41A3,NCBI
11445,5255,gene/protein,PHKA1,NCBI
11448,8530,gene/protein,CST7,NCBI
11450,64801,gene/protein,ARV1,NCBI
11452,55149,gene/protein,MTPAP,NCBI
11456,63967,gene/protein,CLSPN,NCBI
11457,51651,gene/protein,PTRH2,NCBI
11458,51185,gene/protein,CRBN,NCBI
11461,50,gene/protein,ACO2,NCBI
11464,2852,gene/protein,GPER1,NCBI
11465,10332,gene/protein,CLEC4M,NCBI
11472,51755,gene/protein,CDK12,NCBI
11477,64841,gene/protein,GNPNAT1,NCBI
11479,2169,gene/protein,FABP2,NCBI
11481,275,gene/protein,AMT,NCBI
11482,5697,gene/protein,PYY,NCBI
11484,2591,gene/protein,GALNT3,NCBI
11485,2165,gene/protein,F13B,NCBI
11488,10505,gene/protein,SEMA4F,NCBI
11492,6343,gene/protein,SCT,NCBI
11497,6262,gene/protein,RYR2,NCBI
11509,22941,gene/protein,SHANK2,NCBI
11520,55829,gene/protein,SELENOS,NCBI
11521,3207,gene/protein,HOXA11,NCBI
11523,3952,gene/protein,LEP,NCBI
11524,10114,gene/protein,HIPK3,NCBI
11526,7627,gene/protein,ZNF75A,NCBI
11528,5319,gene/protein,PLA2G1B,NCBI
11533,23165,gene/protein,NUP205,NCBI
11534,23544,gene/protein,SEZ6L,NCBI
11536,5992,gene/protein,RFX4,NCBI
11537,1465,gene/protein,CSRP1,NCBI
11539,2561,gene/protein,GABRB2,NCBI
11542,3816,gene/protein,KLK1,NCBI
11548,25807,gene/protein,RHBDD3,NCBI
11550,28755,gene/protein,TRAC,NCBI
11553,131890,gene/protein,GRK7,NCBI
11555,7355,gene/protein,SLC35A2,NCBI
11556,55197,gene/protein,RPRD1A,NCBI
11562,10110,gene/protein,SGK2,NCBI
11563,9699,gene/protein,RIMS2,NCBI
11567,56180,gene/protein,MOSPD1,NCBI
11571,2676,gene/protein,GFRA3,NCBI
11579,1118,gene/protein,CHIT1,NCBI
11580,8742,gene/protein,TNFSF12,NCBI
11585,54949,gene/protein,SDHAF2,NCBI
11588,8807,gene/protein,IL18RAP,NCBI
11591,3381,gene/protein,IBSP,NCBI
11593,51247,gene/protein,PAIP2,NCBI
11599,6943,gene/protein,TCF21,NCBI
11600,5096,gene/protein,PCCB,NCBI
11609,2628,gene/protein,GATM,NCBI
11610,8091,gene/protein,HMGA2,NCBI
11612,7125,gene/protein,TNNC2,NCBI
11613,93145,gene/protein,OLFM2,NCBI
11614,125958,gene/protein,OR7D4,NCBI
11617,10666,gene/protein,CD226,NCBI
11619,84464,gene/protein,SLX4,NCBI
11620,8528,gene/protein,DDO,NCBI
11623,64780,gene/protein,MICAL1,NCBI
11624,117247,gene/protein,SLC16A10,NCBI
11625,3973,gene/protein,LHCGR,NCBI
11627,79751,gene/protein,SLC25A22,NCBI
11630,6752,gene/protein,SSTR2,NCBI
11633,81848,gene/protein,SPRY4,NCBI
11634,6957,gene/protein,TRB,NCBI
11636,10630,gene/protein,PDPN,NCBI
11639,9194,gene/protein,SLC16A7,NCBI
11643,81620,gene/protein,CDT1,NCBI
11648,56924,gene/protein,PAK6,NCBI
11649,79831,gene/protein,KDM8,NCBI
11655,4495,gene/protein,MT1G,NCBI
11659,9048,gene/protein,ARTN,NCBI
11661,9693,gene/protein,RAPGEF2,NCBI
11663,28988,gene/protein,DBNL,NCBI
11665,6569,gene/protein,SLC34A1,NCBI
11668,81610,gene/protein,FAM83D,NCBI
11669,27107,gene/protein,ZBTB11,NCBI
11670,9630,gene/protein,GNA14,NCBI
11672,55740,gene/protein,ENAH,NCBI
11675,7223,gene/protein,TRPC4,NCBI
11677,9644,gene/protein,SH3PXD2A,NCBI
11678,54093,gene/protein,SETD4,NCBI
11681,2990,gene/protein,GUSB,NCBI
11682,10718,gene/protein,NRG3,NCBI
11684,7044,gene/protein,LEFTY2,NCBI
11690,91833,gene/protein,WDR20,NCBI
11691,81572,gene/protein,PDRG1,NCBI
11692,1375,gene/protein,CPT1B,NCBI
11697,90417,gene/protein,KNSTRN,NCBI
11703,231,gene/protein,AKR1B1,NCBI
11706,2168,gene/protein,FABP1,NCBI
11712,2696,gene/protein,GIPR,NCBI
11717,155,gene/protein,ADRB3,NCBI
11722,4552,gene/protein,MTRR,NCBI
11725,5136,gene/protein,PDE1A,NCBI
11727,50506,gene/protein,DUOX2,NCBI
11732,10766,gene/protein,TOB2,NCBI
11733,6123,gene/protein,RPL3L,NCBI
11737,80148,gene/protein,SLC66A2,NCBI
11738,80206,gene/protein,FHOD3,NCBI
11741,2815,gene/protein,GP9,NCBI
11742,1339,gene/protein,COX6A2,NCBI
11744,23143,gene/protein,LRCH1,NCBI
11747,3492,gene/protein,IGH,NCBI
11754,797,gene/protein,CALCB,NCBI
11758,51388,gene/protein,NIP7,NCBI
11760,27094,gene/protein,KCNMB3,NCBI
11761,4240,gene/protein,MFGE8,NCBI
11763,91661,gene/protein,ZNF765,NCBI
11767,3274,gene/protein,HRH2,NCBI
11768,22998,gene/protein,LIMCH1,NCBI
11769,6746,gene/protein,SSR2,NCBI
11770,57091,gene/protein,CASS4,NCBI
11771,28232,gene/protein,SLCO3A1,NCBI
11774,2220,gene/protein,FCN2,NCBI
11777,9945,gene/protein,GFPT2,NCBI
11778,143425,gene/protein,SYT9,NCBI
11779,51228,gene/protein,GLTP,NCBI
11787,8406,gene/protein,SRPX,NCBI
11791,8120,gene/protein,AP3B2,NCBI
11794,2922,gene/protein,GRP,NCBI
11797,7915,gene/protein,ALDH5A1,NCBI
11800,23236,gene/protein,PLCB1,NCBI
11806,10057,gene/protein,ABCC5,NCBI
11808,10327,gene/protein,AKR1A1,NCBI
11813,84100,gene/protein,ARL6,NCBI
11814,56005,gene/protein,MYDGF,NCBI
11817,3699,gene/protein,ITIH3,NCBI
11821,144568,gene/protein,A2ML1,NCBI
11825,23166,gene/protein,STAB1,NCBI
11830,3697,gene/protein,ITIH1,NCBI
11836,22850,gene/protein,ADNP2,NCBI
11846,4982,gene/protein,TNFRSF11B,NCBI
11848,8288,gene/protein,EPX,NCBI
11849,2173,gene/protein,FABP7,NCBI
11855,84904,gene/protein,ARHGEF39,NCBI
11857,5173,gene/protein,PDYN,NCBI
11860,2717,gene/protein,GLA,NCBI
11861,496,gene/protein,ATP4B,NCBI
11866,5032,gene/protein,P2RY11,NCBI
11867,58189,gene/protein,WFDC1,NCBI
11870,65980,gene/protein,BRD9,NCBI
11878,23406,gene/protein,COTL1,NCBI
11881,6581,gene/protein,SLC22A3,NCBI
11886,326625,gene/protein,MMAB,NCBI
11887,84196,gene/protein,USP48,NCBI
11888,116285,gene/protein,ACSM1,NCBI
11898,10993,gene/protein,SDS,NCBI
11910,6892,gene/protein,TAPBP,NCBI
11911,7350,gene/protein,UCP1,NCBI
11920,6755,gene/protein,SSTR5,NCBI
11923,53343,gene/protein,NUDT9,NCBI
11932,1120,gene/protein,CHKB,NCBI
11938,83416,gene/protein,FCRL5,NCBI
11951,5205,gene/protein,ATP8B1,NCBI
11953,8613,gene/protein,PLPP3,NCBI
11960,116362,gene/protein,RBP7,NCBI
11962,402381,gene/protein,SOHLH1,NCBI
11963,26061,gene/protein,HACL1,NCBI
11966,127795,gene/protein,C1orf87,NCBI
11967,6422,gene/protein,SFRP1,NCBI
11978,51294,gene/protein,PCDH12,NCBI
11979,90427,gene/protein,BMF,NCBI
11988,56942,gene/protein,CMC2,NCBI
11992,84152,gene/protein,PPP1R1B,NCBI
11994,51129,gene/protein,ANGPTL4,NCBI
11997,26528,gene/protein,DAZAP1,NCBI
12000,83638,gene/protein,C11orf68,NCBI
12005,8654,gene/protein,PDE5A,NCBI
12008,50649,gene/protein,ARHGEF4,NCBI
12011,8792,gene/protein,TNFRSF11A,NCBI
12013,3938,gene/protein,LCT,NCBI
12020,1968,gene/protein,EIF2S3,NCBI
12026,11216,gene/protein,AKAP10,NCBI
12027,57447,gene/protein,NDRG2,NCBI
12028,7292,gene/protein,TNFSF4,NCBI
12031,4108,gene/protein,MAGEA9,NCBI
12036,91624,gene/protein,NEXN,NCBI
12037,1761,gene/protein,DMRT1,NCBI
12040,57468,gene/protein,SLC12A5,NCBI
12043,83540,gene/protein,NUF2,NCBI
12045,55748,gene/protein,CNDP2,NCBI
12047,51303,gene/protein,FKBP11,NCBI
12055,3988,gene/protein,LIPA,NCBI
12056,5551,gene/protein,PRF1,NCBI
12057,64816,gene/protein,CYP3A43,NCBI
12059,9839,gene/protein,ZEB2,NCBI
12062,29087,gene/protein,THYN1,NCBI
12064,2346,gene/protein,FOLH1,NCBI
12065,11141,gene/protein,IL1RAPL1,NCBI
12066,29968,gene/protein,PSAT1,NCBI
12072,203328,gene/protein,SUSD3,NCBI
12076,64135,gene/protein,IFIH1,NCBI
12077,11067,gene/protein,DEPP1,NCBI
12079,5744,gene/protein,PTHLH,NCBI
12086,8857,gene/protein,FCGBP,NCBI
12087,8911,gene/protein,CACNA1I,NCBI
12088,114781,gene/protein,BTBD9,NCBI
12099,23030,gene/protein,KDM4B,NCBI
12100,23241,gene/protein,PACS2,NCBI
12101,55355,gene/protein,HJURP,NCBI
12105,259282,gene/protein,BOD1L1,NCBI
12108,316,gene/protein,AOX1,NCBI
12109,26015,gene/protein,RPAP1,NCBI
12110,8566,gene/protein,PDXK,NCBI
12112,8787,gene/protein,RGS9,NCBI
12116,79944,gene/protein,L2HGDH,NCBI
12119,55286,gene/protein,C4orf19,NCBI
12120,5444,gene/protein,PON1,NCBI
12122,1378,gene/protein,CR1,NCBI
12123,8854,gene/protein,ALDH1A2,NCBI
12124,8509,gene/protein,NDST2,NCBI
12126,55214,gene/protein,P3H2,NCBI
12127,64283,gene/protein,ARHGEF28,NCBI
12128,133522,gene/protein,PPARGC1B,NCBI
12131,51005,gene/protein,AMDHD2,NCBI
12140,79728,gene/protein,PALB2,NCBI
12145,113179,gene/protein,ADAT3,NCBI
12148,221074,gene/protein,SLC39A12,NCBI
12150,6898,gene/protein,TAT,NCBI
12154,6496,gene/protein,SIX3,NCBI
12155,56776,gene/protein,FMN2,NCBI
12158,90506,gene/protein,LRRC46,NCBI
12162,84254,gene/protein,CAMKK1,NCBI
12165,6750,gene/protein,SST,NCBI
12166,114134,gene/protein,SLC2A13,NCBI
12171,3820,gene/protein,KLRB1,NCBI
12173,1769,gene/protein,DNAH8,NCBI
12178,252969,gene/protein,NEIL2,NCBI
12182,11018,gene/protein,TMED1,NCBI
12188,55676,gene/protein,SLC30A6,NCBI
12189,203286,gene/protein,ANKS6,NCBI
12193,9668,gene/protein,ZNF432,NCBI
12195,26224,gene/protein,FBXL3,NCBI
12197,55437,gene/protein,STRADB,NCBI
12198,9227,gene/protein,LRAT,NCBI
12200,200734,gene/protein,SPRED2,NCBI
12202,149111,gene/protein,CNIH3,NCBI
12205,64151,gene/protein,NCAPG,NCBI
12207,57105,gene/protein,CYSLTR2,NCBI
12210,5273,gene/protein,SERPINB10,NCBI
12213,2946,gene/protein,GSTM2,NCBI
12223,112755,gene/protein,STX1B,NCBI
12231,245972,gene/protein,ATP6V0D2,NCBI
12232,6296,gene/protein,ACSM3,NCBI
12234,57519,gene/protein,STARD9,NCBI
12235,91433,gene/protein,RCCD1,NCBI
12236,3363,gene/protein,HTR7,NCBI
12237,27034,gene/protein,ACAD8,NCBI
12238,6529,gene/protein,SLC6A1,NCBI
12239,51268,gene/protein,PIPOX,NCBI
12240,56246,gene/protein,MRAP,NCBI
12244,6690,gene/protein,SPINK1,NCBI
12245,57379,gene/protein,AICDA,NCBI
12248,57619,gene/protein,SHROOM3,NCBI
12251,93099,gene/protein,DMKN,NCBI
12255,5069,gene/protein,PAPPA,NCBI
12256,8526,gene/protein,DGKE,NCBI
12257,5652,gene/protein,PRSS8,NCBI
12269,10841,gene/protein,FTCD,NCBI
12273,225,gene/protein,ABCD2,NCBI
12276,54795,gene/protein,TRPM4,NCBI
12281,7293,gene/protein,TNFRSF4,NCBI
12282,55743,gene/protein,CHFR,NCBI
12283,1381,gene/protein,CRABP1,NCBI
12285,653509,gene/protein,SFTPA1,NCBI
12287,22891,gene/protein,ZNF365,NCBI
12289,6519,gene/protein,SLC3A1,NCBI
12291,84720,gene/protein,PIGO,NCBI
12295,57453,gene/protein,DSCAML1,NCBI
12299,4151,gene/protein,MB,NCBI
12301,4200,gene/protein,ME2,NCBI
12302,926,gene/protein,CD8B,NCBI
12304,51151,gene/protein,SLC45A2,NCBI
12305,114548,gene/protein,NLRP3,NCBI
12308,54861,gene/protein,SNRK,NCBI
12315,11278,gene/protein,KLF12,NCBI
12319,27324,gene/protein,TOX3,NCBI
12320,5506,gene/protein,PPP1R3A,NCBI
12321,10858,gene/protein,CYP46A1,NCBI
12323,64108,gene/protein,RTP4,NCBI
12325,9381,gene/protein,OTOF,NCBI
12330,9649,gene/protein,RALGPS1,NCBI
12332,5251,gene/protein,PHEX,NCBI
12333,79071,gene/protein,ELOVL6,NCBI
12334,5644,gene/protein,PRSS1,NCBI
12336,79733,gene/protein,E2F8,NCBI
12339,29058,gene/protein,TMEM230,NCBI
12342,79885,gene/protein,HDAC11,NCBI
12343,65055,gene/protein,REEP1,NCBI
12347,59352,gene/protein,LGR6,NCBI
12354,59344,gene/protein,ALOXE3,NCBI
12355,64411,gene/protein,ARAP3,NCBI
12359,114294,gene/protein,LACTB,NCBI
12364,3361,gene/protein,HTR5A,NCBI
12367,387357,gene/protein,THEMIS,NCBI
12371,1594,gene/protein,CYP27B1,NCBI
12372,10840,gene/protein,ALDH1L1,NCBI
12376,2766,gene/protein,GMPR,NCBI
12380,2250,gene/protein,FGF5,NCBI
12383,80331,gene/protein,DNAJC5,NCBI
12387,192683,gene/protein,SCAMP5,NCBI
12389,64240,gene/protein,ABCG5,NCBI
12390,653067,gene/protein,XAGE1B,NCBI
12395,55521,gene/protein,TRIM36,NCBI
12398,81562,gene/protein,LMAN2L,NCBI
12399,6512,gene/protein,SLC1A7,NCBI
12406,26050,gene/protein,SLITRK5,NCBI
12414,55613,gene/protein,MTMR8,NCBI
12420,55959,gene/protein,SULF2,NCBI
12422,57038,gene/protein,RARS2,NCBI
12427,9993,gene/protein,DGCR2,NCBI
12428,51156,gene/protein,SERPINA10,NCBI
12431,1557,gene/protein,CYP2C19,NCBI
12434,1551,gene/protein,CYP3A7,NCBI
12440,201475,gene/protein,RAB12,NCBI
12450,203228,gene/protein,C9orf72,NCBI
12454,169792,gene/protein,GLIS3,NCBI
12455,222256,gene/protein,CDHR3,NCBI
12460,2020,gene/protein,EN2,NCBI
12462,128869,gene/protein,PIGU,NCBI
12465,11010,gene/protein,GLIPR1,NCBI
12467,157680,gene/protein,VPS13B,NCBI
12469,486,gene/protein,FXYD2,NCBI
12474,2294,gene/protein,FOXF1,NCBI
12479,635,gene/protein,BHMT,NCBI
12482,54970,gene/protein,TTC12,NCBI
12484,84068,gene/protein,SLC10A7,NCBI
12485,5239,gene/protein,PGM5,NCBI
12489,6530,gene/protein,SLC6A2,NCBI
12490,85377,gene/protein,MICALL1,NCBI
12491,10645,gene/protein,CAMKK2,NCBI
12493,57492,gene/protein,ARID1B,NCBI
12500,23576,gene/protein,DDAH1,NCBI
12509,10333,gene/protein,TLR6,NCBI
12510,51083,gene/protein,GAL,NCBI
12517,121642,gene/protein,ALKBH2,NCBI
12518,1497,gene/protein,CTNS,NCBI
12519,116039,gene/protein,OSR2,NCBI
12523,4825,gene/protein,NKX6-1,NCBI
12525,55210,gene/protein,ATAD3A,NCBI
12528,8642,gene/protein,DCHS1,NCBI
12537,6716,gene/protein,SRD5A2,NCBI
12538,2693,gene/protein,GHSR,NCBI
12539,93664,gene/protein,CADPS2,NCBI
12544,286410,gene/protein,ATP11C,NCBI
12548,2658,gene/protein,GDF2,NCBI
12550,482,gene/protein,ATP1B2,NCBI
12554,4594,gene/protein,MMUT,NCBI
12555,4317,gene/protein,MMP8,NCBI
12556,54503,gene/protein,ZDHHC13,NCBI
12560,10746,gene/protein,MAP3K2,NCBI
12571,57554,gene/protein,LRRC7,NCBI
12572,24,gene/protein,ABCA4,NCBI
12573,1299,gene/protein,COL9A3,NCBI
12580,4504,gene/protein,MT3,NCBI
12583,128439,gene/protein,SNHG11,NCBI
12585,57538,gene/protein,ALPK3,NCBI
12586,126,gene/protein,ADH1C,NCBI
12592,81532,gene/protein,MOB2,NCBI
12594,25974,gene/protein,MMACHC,NCBI
12596,3645,gene/protein,INSRR,NCBI
12597,53637,gene/protein,S1PR5,NCBI
12606,150962,gene/protein,PUS10,NCBI
12607,203068,gene/protein,TUBB,NCBI
12608,254122,gene/protein,SNX32,NCBI
12610,55359,gene/protein,STYK1,NCBI
12611,27123,gene/protein,DKK2,NCBI
12612,5168,gene/protein,ENPP2,NCBI
12613,3346,gene/protein,HTN1,NCBI
12614,9138,gene/protein,ARHGEF1,NCBI
12617,51703,gene/protein,ACSL5,NCBI
12618,10266,gene/protein,RAMP2,NCBI
12619,51547,gene/protein,SIRT7,NCBI
12620,6447,gene/protein,SCG5,NCBI
12621,80818,gene/protein,ZNF436,NCBI
12625,23139,gene/protein,MAST2,NCBI
12626,282974,gene/protein,STK32C,NCBI
12629,57817,gene/protein,HAMP,NCBI
12630,113130,gene/protein,CDCA5,NCBI
12636,4826,gene/protein,NNAT,NCBI
12637,22996,gene/protein,TTC39A,NCBI
12641,26034,gene/protein,IPCEF1,NCBI
12647,54848,gene/protein,ARHGEF38,NCBI
12650,22854,gene/protein,NTNG1,NCBI
12652,57595,gene/protein,PDZD4,NCBI
12653,8644,gene/protein,AKR1C3,NCBI
12656,55733,gene/protein,HHAT,NCBI
12657,50507,gene/protein,NOX4,NCBI
12663,6556,gene/protein,SLC11A1,NCBI
12664,5961,gene/protein,PRPH2,NCBI
12667,26140,gene/protein,TTLL3,NCBI
12669,27113,gene/protein,BBC3,NCBI
12671,27146,gene/protein,FAM184B,NCBI
12675,3250,gene/protein,HPR,NCBI
12678,59284,gene/protein,CACNG7,NCBI
12680,23213,gene/protein,SULF1,NCBI
12682,9120,gene/protein,SLC16A6,NCBI
12687,57393,gene/protein,CLTRN,NCBI
12691,2918,gene/protein,GRM8,NCBI
12692,4494,gene/protein,MT1F,NCBI
12693,6487,gene/protein,ST3GAL3,NCBI
12695,23096,gene/protein,IQSEC2,NCBI
12698,63826,gene/protein,SRR,NCBI
12701,142685,gene/protein,ASB15,NCBI
12702,54995,gene/protein,OXSM,NCBI
12705,53632,gene/protein,PRKAG3,NCBI
12707,23284,gene/protein,ADGRL3,NCBI
12712,26499,gene/protein,PLEK2,NCBI
12713,6580,gene/protein,SLC22A1,NCBI
12715,8817,gene/protein,FGF18,NCBI
12721,80025,gene/protein,PANK2,NCBI
12724,2913,gene/protein,GRM3,NCBI
12729,1581,gene/protein,CYP7A1,NCBI
12733,4072,gene/protein,EPCAM,NCBI
12740,1235,gene/protein,CCR6,NCBI
12749,161424,gene/protein,NOP9,NCBI
12759,57128,gene/protein,LYRM4,NCBI
12763,64167,gene/protein,ERAP2,NCBI
12764,954,gene/protein,ENTPD2,NCBI
12766,5222,gene/protein,PGA5,NCBI
12767,84735,gene/protein,CNDP1,NCBI
12769,1545,gene/protein,CYP1B1,NCBI
12774,3483,gene/protein,IGFALS,NCBI
12775,55213,gene/protein,RCBTB1,NCBI
12777,3426,gene/protein,CFI,NCBI
12780,112398,gene/protein,EGLN2,NCBI
12781,80832,gene/protein,APOL4,NCBI
12783,57526,gene/protein,PCDH19,NCBI
12790,84215,gene/protein,ZNF541,NCBI
12791,53345,gene/protein,TM6SF2,NCBI
12793,64761,gene/protein,PARP12,NCBI
12795,389840,gene/protein,MAP3K15,NCBI
12799,727897,gene/protein,MUC5B,NCBI
12801,7103,gene/protein,TSPAN8,NCBI
12802,8804,gene/protein,CREG1,NCBI
12805,3976,gene/protein,LIF,NCBI
12808,430,gene/protein,ASCL2,NCBI
12809,51339,gene/protein,DACT1,NCBI
12812,81876,gene/protein,RAB1B,NCBI
12816,4583,gene/protein,MUC2,NCBI
12818,7504,gene/protein,XK,NCBI
12823,84665,gene/protein,MYPN,NCBI
12825,10347,gene/protein,ABCA7,NCBI
12837,54538,gene/protein,ROBO4,NCBI
12842,7442,gene/protein,TRPV1,NCBI
12843,146862,gene/protein,UNC45B,NCBI
12844,2914,gene/protein,GRM4,NCBI
12847,83992,gene/protein,CTTNBP2,NCBI
12850,57338,gene/protein,JPH3,NCBI
12856,8811,gene/protein,GALR2,NCBI
12857,117579,gene/protein,RLN3,NCBI
12858,55163,gene/protein,PNPO,NCBI
12868,5146,gene/protein,PDE6C,NCBI
12870,5178,gene/protein,PEG3,NCBI
12875,222894,gene/protein,FERD3L,NCBI
12876,5122,gene/protein,PCSK1,NCBI
12879,84171,gene/protein,LOXL4,NCBI
12881,26191,gene/protein,PTPN22,NCBI
12884,283349,gene/protein,RASSF3,NCBI
12885,11251,gene/protein,PTGDR2,NCBI
12888,7399,gene/protein,USH2A,NCBI
12891,90411,gene/protein,MCFD2,NCBI
12892,55870,gene/protein,ASH1L,NCBI
12893,1215,gene/protein,CMA1,NCBI
12907,121260,gene/protein,SLC15A4,NCBI
12911,4585,gene/protein,MUC4,NCBI
12915,51088,gene/protein,KLHL5,NCBI
12922,154141,gene/protein,MBOAT1,NCBI
12925,51360,gene/protein,MBTPS2,NCBI
12927,26278,gene/protein,SACS,NCBI
12931,84251,gene/protein,SGIP1,NCBI
12936,54894,gene/protein,RNF43,NCBI
12937,6870,gene/protein,TACR3,NCBI
12944,124872,gene/protein,B4GALNT2,NCBI
12946,3236,gene/protein,HOXD10,NCBI
12947,60487,gene/protein,TRMT11,NCBI
12952,9437,gene/protein,NCR1,NCBI
12954,84879,gene/protein,MFSD2A,NCBI
12967,11185,gene/protein,INMT,NCBI
12971,8685,gene/protein,MARCO,NCBI
12978,246,gene/protein,ALOX15,NCBI
12980,64421,gene/protein,DCLRE1C,NCBI
12983,51292,gene/protein,GMPR2,NCBI
12987,79632,gene/protein,FAM184A,NCBI
12989,7976,gene/protein,FZD3,NCBI
12990,90273,gene/protein,CEACAM21,NCBI
12992,10239,gene/protein,AP3S2,NCBI
12997,54567,gene/protein,DLL4,NCBI
13004,79840,gene/protein,NHEJ1,NCBI
13006,168002,gene/protein,DACT2,NCBI
13009,221981,gene/protein,THSD7A,NCBI
13014,8929,gene/protein,PHOX2B,NCBI
13015,6902,gene/protein,TBCA,NCBI
13018,23025,gene/protein,UNC13A,NCBI
13019,220136,gene/protein,CFAP53,NCBI
13020,29901,gene/protein,SAC3D1,NCBI
13021,283849,gene/protein,EXOC3L1,NCBI
13023,55781,gene/protein,RIOK2,NCBI
13024,4987,gene/protein,OPRL1,NCBI
13026,201305,gene/protein,SPNS3,NCBI
13029,84899,gene/protein,TMTC4,NCBI
13034,56655,gene/protein,POLE4,NCBI
13036,9423,gene/protein,NTN1,NCBI
13039,6006,gene/protein,RHCE,NCBI
13040,23767,gene/protein,FLRT3,NCBI
13046,256471,gene/protein,MFSD8,NCBI
13048,9057,gene/protein,SLC7A6,NCBI
13051,5569,gene/protein,PKIA,NCBI
13052,81858,gene/protein,SHARPIN,NCBI
13053,3126,gene/protein,HLA-DRB4,NCBI
13056,124626,gene/protein,ZPBP2,NCBI
13070,8074,gene/protein,FGF23,NCBI
13073,1082,gene/protein,CGB3,NCBI
13074,317772,gene/protein,H2AC21,NCBI
13075,28,gene/protein,ABO,NCBI
13077,10326,gene/protein,SIRPB1,NCBI
13078,2657,gene/protein,GDF1,NCBI
13081,147372,gene/protein,CCBE1,NCBI
13084,7057,gene/protein,THBS1,NCBI
13086,8572,gene/protein,PDLIM4,NCBI
13088,8284,gene/protein,KDM5D,NCBI
13097,1636,gene/protein,ACE,NCBI
13098,10864,gene/protein,SLC22A7,NCBI
13103,59350,gene/protein,RXFP1,NCBI
13105,5723,gene/protein,PSPH,NCBI
13107,9909,gene/protein,DENND4B,NCBI
13115,1010,gene/protein,CDH12,NCBI
13121,286053,gene/protein,NSMCE2,NCBI
13122,3291,gene/protein,HSD11B2,NCBI
13129,57030,gene/protein,SLC17A7,NCBI
13135,4668,gene/protein,NAGA,NCBI
13138,57646,gene/protein,USP28,NCBI
13145,9201,gene/protein,DCLK1,NCBI
13147,55742,gene/protein,PARVA,NCBI
13153,79934,gene/protein,COQ8B,NCBI
13160,384,gene/protein,ARG2,NCBI
13161,7077,gene/protein,TIMP2,NCBI
13165,116135,gene/protein,LRRC3B,NCBI
13166,342510,gene/protein,CD300E,NCBI
13169,3118,gene/protein,HLA-DQA2,NCBI
13171,9473,gene/protein,THEMIS2,NCBI
13174,3067,gene/protein,HDC,NCBI
13181,55654,gene/protein,TMEM127,NCBI
13184,1805,gene/protein,DPT,NCBI
13185,2646,gene/protein,GCKR,NCBI
13187,1033,gene/protein,CDKN3,NCBI
13188,57465,gene/protein,TBC1D24,NCBI
13191,83483,gene/protein,PLVAP,NCBI
13194,55357,gene/protein,TBC1D2,NCBI
13202,58484,gene/protein,NLRC4,NCBI
13205,199,gene/protein,AIF1,NCBI
13210,79153,gene/protein,GDPD3,NCBI
13213,65267,gene/protein,WNK3,NCBI
13214,54658,gene/protein,UGT1A1,NCBI
13221,55277,gene/protein,FGGY,NCBI
13222,50508,gene/protein,NOX3,NCBI
13223,57670,gene/protein,KIAA1549,NCBI
13227,221749,gene/protein,PXDC1,NCBI
13228,154791,gene/protein,FMC1,NCBI
13230,5244,gene/protein,ABCB4,NCBI
13234,79930,gene/protein,DOK3,NCBI
13242,79661,gene/protein,NEIL1,NCBI
13245,6372,gene/protein,CXCL6,NCBI
13246,152002,gene/protein,XXYLT1,NCBI
13248,140683,gene/protein,BPIFA2,NCBI
13257,6833,gene/protein,ABCC8,NCBI
13258,84258,gene/protein,SYT3,NCBI
13259,8714,gene/protein,ABCC3,NCBI
13264,9508,gene/protein,ADAMTS3,NCBI
13269,6609,gene/protein,SMPD1,NCBI
13271,8822,gene/protein,FGF17,NCBI
13273,80212,gene/protein,CCDC92,NCBI
13274,91807,gene/protein,MYLK3,NCBI
13275,206358,gene/protein,SLC36A1,NCBI
13276,64077,gene/protein,LHPP,NCBI
13277,128674,gene/protein,PROKR2,NCBI
13280,146909,gene/protein,KIF18B,NCBI
13281,7429,gene/protein,VIL1,NCBI
13284,387032,gene/protein,ZKSCAN4,NCBI
13285,10045,gene/protein,SH2D3A,NCBI
13289,27445,gene/protein,PCLO,NCBI
13291,23101,gene/protein,MCF2L2,NCBI
13292,85443,gene/protein,DCLK3,NCBI
13297,3814,gene/protein,KISS1,NCBI
13298,10400,gene/protein,PEMT,NCBI
13299,4520,gene/protein,MTF1,NCBI
13300,89796,gene/protein,NAV1,NCBI
13301,139285,gene/protein,AMER1,NCBI
13302,400916,gene/protein,CHCHD10,NCBI
13309,57575,gene/protein,PCDH10,NCBI
13313,6715,gene/protein,SRD5A1,NCBI
13316,51725,gene/protein,FBXO40,NCBI
13317,55669,gene/protein,MFN1,NCBI
13319,7032,gene/protein,TFF2,NCBI
13320,8821,gene/protein,INPP4B,NCBI
13321,10659,gene/protein,CELF2,NCBI
13323,80168,gene/protein,MOGAT2,NCBI
13326,246744,gene/protein,STH,NCBI
13330,131,gene/protein,ADH7,NCBI
13331,5150,gene/protein,PDE7A,NCBI
13334,83942,gene/protein,TSSK1B,NCBI
13338,8542,gene/protein,APOL1,NCBI
13339,8537,gene/protein,BCAS1,NCBI
13341,64651,gene/protein,CSRNP1,NCBI
13345,7079,gene/protein,TIMP4,NCBI
13346,7424,gene/protein,VEGFC,NCBI
13354,83986,gene/protein,FAM234A,NCBI
13355,105,gene/protein,ADARB2,NCBI
13357,57449,gene/protein,PLEKHG5,NCBI
13360,119391,gene/protein,GSTO2,NCBI
13364,80018,gene/protein,NAA25,NCBI
13365,219771,gene/protein,CCNY,NCBI
13366,10991,gene/protein,SLC38A3,NCBI
13370,9211,gene/protein,LGI1,NCBI
13373,131566,gene/protein,DCBLD2,NCBI
13375,6557,gene/protein,SLC12A1,NCBI
13376,6751,gene/protein,SSTR1,NCBI
13377,3747,gene/protein,KCNC2,NCBI
13382,7127,gene/protein,TNFAIP2,NCBI
13388,85481,gene/protein,PSKH2,NCBI
13396,84159,gene/protein,ARID5B,NCBI
13398,55600,gene/protein,ITLN1,NCBI
13400,114609,gene/protein,TIRAP,NCBI
13406,6947,gene/protein,TCN1,NCBI
13409,148738,gene/protein,HJV,NCBI
13416,6793,gene/protein,STK10,NCBI
13423,26230,gene/protein,TIAM2,NCBI
13425,26269,gene/protein,FBXO8,NCBI
13427,201163,gene/protein,FLCN,NCBI
13430,25890,gene/protein,ABI3BP,NCBI
13434,55785,gene/protein,FGD6,NCBI
13439,6698,gene/protein,SPRR1A,NCBI
13453,8694,gene/protein,DGAT1,NCBI
13455,6514,gene/protein,SLC2A2,NCBI
13457,10846,gene/protein,PDE10A,NCBI
13459,83933,gene/protein,HDAC10,NCBI
13461,153020,gene/protein,RASGEF1B,NCBI
13463,148022,gene/protein,TICAM1,NCBI
13478,55862,gene/protein,ECHDC1,NCBI
13479,55690,gene/protein,PACS1,NCBI
13481,27134,gene/protein,TJP3,NCBI
13484,54363,gene/protein,HAO1,NCBI
13492,9723,gene/protein,SEMA3E,NCBI
13494,3779,gene/protein,KCNMB1,NCBI
13498,60675,gene/protein,PROK2,NCBI
13499,7045,gene/protein,TGFBI,NCBI
13503,23208,gene/protein,SYT11,NCBI
13504,2900,gene/protein,GRIK4,NCBI
13509,53919,gene/protein,SLCO1C1,NCBI
13515,9056,gene/protein,SLC7A7,NCBI
13516,54796,gene/protein,BNC2,NCBI
13517,56155,gene/protein,TEX14,NCBI
13528,51166,gene/protein,AADAT,NCBI
13530,56849,gene/protein,TCEAL7,NCBI
13531,150094,gene/protein,SIK1,NCBI
13534,85458,gene/protein,DIXDC1,NCBI
13535,7482,gene/protein,WNT2B,NCBI
13537,84466,gene/protein,MEGF10,NCBI
13538,166614,gene/protein,DCLK2,NCBI
13541,57509,gene/protein,MTUS1,NCBI
13547,6002,gene/protein,RGS12,NCBI
13550,1293,gene/protein,COL6A3,NCBI
13552,2028,gene/protein,ENPEP,NCBI
13555,84273,gene/protein,NOA1,NCBI
13557,8862,gene/protein,APLN,NCBI
13560,80095,gene/protein,ZNF606,NCBI
13564,152789,gene/protein,JAKMIP1,NCBI
13566,1139,gene/protein,CHRNA7,NCBI
13567,8701,gene/protein,DNAH11,NCBI
13570,1673,gene/protein,DEFB4A,NCBI
13571,6511,gene/protein,SLC1A6,NCBI
13573,84725,gene/protein,PLEKHA8,NCBI
13575,10861,gene/protein,SLC26A1,NCBI
13576,7366,gene/protein,UGT2B15,NCBI
13580,10631,gene/protein,POSTN,NCBI
13581,9600,gene/protein,PITPNM1,NCBI
13586,2304,gene/protein,FOXE1,NCBI
13589,5367,gene/protein,PMCH,NCBI
13591,57470,gene/protein,LRRC47,NCBI
13604,84873,gene/protein,ADGRG7,NCBI
13614,2837,gene/protein,UTS2R,NCBI
13615,7473,gene/protein,WNT3,NCBI
13616,9965,gene/protein,FGF19,NCBI
13617,134864,gene/protein,TAAR1,NCBI
13619,83729,gene/protein,INHBE,NCBI
13620,1260,gene/protein,CNGA2,NCBI
13627,84187,gene/protein,TMEM164,NCBI
13628,8404,gene/protein,SPARCL1,NCBI
13640,84876,gene/protein,ORAI1,NCBI
13642,129787,gene/protein,TMEM18,NCBI
13643,6448,gene/protein,SGSH,NCBI
13647,114879,gene/protein,OSBPL5,NCBI
13651,81887,gene/protein,LAS1L,NCBI
13652,84628,gene/protein,NTNG2,NCBI
13653,922,gene/protein,CD5L,NCBI
13657,64375,gene/protein,IKZF4,NCBI
13661,51320,gene/protein,MEX3C,NCBI
13672,144455,gene/protein,E2F7,NCBI
13673,3547,gene/protein,IGSF1,NCBI
13686,8728,gene/protein,ADAM19,NCBI
13688,222,gene/protein,ALDH3B2,NCBI
13689,50801,gene/protein,KCNK4,NCBI
13690,23630,gene/protein,KCNE5,NCBI
13692,9881,gene/protein,TRANK1,NCBI
13697,8800,gene/protein,PEX11A,NCBI
13698,112817,gene/protein,HOGA1,NCBI
13699,9024,gene/protein,BRSK2,NCBI
13700,56955,gene/protein,MEPE,NCBI
13702,55534,gene/protein,MAML3,NCBI
13706,2582,gene/protein,GALE,NCBI
13707,113189,gene/protein,CHST14,NCBI
13709,11132,gene/protein,CAPN10,NCBI
13710,5638,gene/protein,PRRG1,NCBI
13717,23362,gene/protein,PSD3,NCBI
13718,26047,gene/protein,CNTNAP2,NCBI
13719,10370,gene/protein,CITED2,NCBI
13723,282617,gene/protein,IFNL3,NCBI
13736,23245,gene/protein,ASTN2,NCBI
13740,10125,gene/protein,RASGRP1,NCBI
13745,79092,gene/protein,CARD14,NCBI
13748,57217,gene/protein,TTC7A,NCBI
13751,6586,gene/protein,SLIT3,NCBI
13753,3116,gene/protein,HLA-DPB2,NCBI
13755,613212,gene/protein,CTXN3,NCBI
13756,10859,gene/protein,LILRB1,NCBI
13757,9304,gene/protein,SNORD22,NCBI
13758,170302,gene/protein,ARX,NCBI
13761,9148,gene/protein,NEURL1,NCBI
13769,51302,gene/protein,CYP39A1,NCBI
13771,1005,gene/protein,CDH7,NCBI
13774,6346,gene/protein,CCL1,NCBI
13775,26298,gene/protein,EHF,NCBI
13779,10178,gene/protein,TENM1,NCBI
13780,123016,gene/protein,TTC8,NCBI
13785,55008,gene/protein,HERC6,NCBI
13790,8564,gene/protein,KMO,NCBI
13791,5266,gene/protein,PI3,NCBI
13800,886,gene/protein,CCKAR,NCBI
13803,27035,gene/protein,NOX1,NCBI
13805,6508,gene/protein,SLC4A3,NCBI
13807,1565,gene/protein,CYP2D6,NCBI
13808,23258,gene/protein,DENND5A,NCBI
13809,84830,gene/protein,ADTRP,NCBI
13818,25780,gene/protein,RASGRP3,NCBI
13830,80790,gene/protein,CMIP,NCBI
13836,395,gene/protein,ARHGAP6,NCBI
13840,345930,gene/protein,ECT2L,NCBI
13841,2565,gene/protein,GABRG1,NCBI
13842,4948,gene/protein,OCA2,NCBI
13845,56479,gene/protein,KCNQ5,NCBI
13851,56899,gene/protein,ANKS1B,NCBI
13854,27127,gene/protein,SMC1B,NCBI
13856,81792,gene/protein,ADAMTS12,NCBI
13863,27164,gene/protein,SALL3,NCBI
13865,10788,gene/protein,IQGAP2,NCBI
13867,79366,gene/protein,HMGN5,NCBI
13868,53836,gene/protein,GPR87,NCBI
13870,57480,gene/protein,PLEKHG1,NCBI
13872,3786,gene/protein,KCNQ3,NCBI
13877,57001,gene/protein,SDHAF3,NCBI
13878,124,gene/protein,ADH1A,NCBI
13883,55601,gene/protein,DDX60,NCBI
13884,140628,gene/protein,GATA5,NCBI
13885,5314,gene/protein,PKHD1,NCBI
13903,280,gene/protein,AMY2B,NCBI
13905,90355,gene/protein,MACIR,NCBI
13915,11024,gene/protein,LILRA1,NCBI
13919,2835,gene/protein,GPR12,NCBI
13922,4829,gene/protein,NMBR,NCBI
13923,5238,gene/protein,PGM3,NCBI
13926,54986,gene/protein,ULK4,NCBI
13936,7177,gene/protein,TPSAB1,NCBI
13937,10371,gene/protein,SEMA3A,NCBI
13938,56670,gene/protein,SUCNR1,NCBI
13939,50838,gene/protein,TAS2R13,NCBI
13940,11156,gene/protein,PTP4A3,NCBI
13948,5375,gene/protein,PMP2,NCBI
13951,9843,gene/protein,HEPH,NCBI
13959,8643,gene/protein,PTCH2,NCBI
13963,23305,gene/protein,ACSL6,NCBI
13967,55728,gene/protein,N4BP2,NCBI
13975,259197,gene/protein,NCR3,NCBI
13976,64241,gene/protein,ABCG8,NCBI
13977,5288,gene/protein,PIK3C2G,NCBI
13981,125972,gene/protein,CALR3,NCBI
13982,27165,gene/protein,GLS2,NCBI
13983,151056,gene/protein,PLB1,NCBI
13986,132789,gene/protein,GNPDA2,NCBI
13987,259217,gene/protein,HSPA12A,NCBI
13988,91179,gene/protein,SCARF2,NCBI
13991,266629,gene/protein,SEC14L3,NCBI
13992,24147,gene/protein,FJX1,NCBI
13993,115352,gene/protein,FCRL3,NCBI
13999,6546,gene/protein,SLC8A1,NCBI
14002,7425,gene/protein,VGF,NCBI
14003,64109,gene/protein,CRLF2,NCBI
14007,57140,gene/protein,RNPEPL1,NCBI
14009,4477,gene/protein,MSMB,NCBI
14014,DB00180,drug,Flunisolide,DrugBank
14016,DB00253,drug,Medrysone,DrugBank
14017,DB00324,drug,Fluorometholone,DrugBank
14018,DB00394,drug,Beclomethasone dipropionate,DrugBank
14019,DB00443,drug,Betamethasone,DrugBank
14020,DB00588,drug,Fluticasone propionate,DrugBank
14021,DB00591,drug,Fluocinolone acetonide,DrugBank
14023,DB00620,drug,Triamcinolone,DrugBank
14024,DB00635,drug,Prednisone,DrugBank
14026,DB00663,drug,Flumethasone,DrugBank
14028,DB00741,drug,Hydrocortisone,DrugBank
14029,DB00846,drug,Flurandrenolide,DrugBank
14030,DB00860,drug,Prednisolone,DrugBank
14031,DB00896,drug,Rimexolone,DrugBank
14032,DB01013,drug,Clobetasol propionate,DrugBank
14033,DB01047,drug,Fluocinonide,DrugBank
14034,DB01222,drug,Budesonide,DrugBank
14036,DB01410,drug,Ciclesonide,DrugBank
14038,DB08906,drug,Fluticasone furoate,DrugBank
14042,DB14539,drug,Hydrocortisone acetate,DrugBank
14050,DB15566,drug,Prednisolone acetate,DrugBank
14052,DB00162,drug,Vitamin A,DrugBank
14054,DB00163,drug,Vitamin E,DrugBank
14059,DB00279,drug,Liothyronine,DrugBank
14060,DB00451,drug,Levothyroxine,DrugBank
14061,DB00586,drug,Diclofenac,DrugBank
14062,DB00861,drug,Diflunisal,DrugBank
14063,DB01093,drug,Dimethyl sulfoxide,DrugBank
14106,DB00200,drug,Hydroxocobalamin,DrugBank
14108,DB09270,drug,Ubidecarenone,DrugBank
14112,DB00926,drug,Etretinate,DrugBank
14113,DB04942,drug,Tamibarotene,DrugBank
14115,DB01294,drug,Bismuth subsalicylate,DrugBank
14127,DB00104,drug,Octreotide,DrugBank
14128,DB00126,drug,Ascorbic acid,DrugBank
14129,DB00137,drug,Lutein,DrugBank
14132,DB00165,drug,Pyridoxine,DrugBank
14133,DB00214,drug,Torasemide,DrugBank
14134,DB00220,drug,Nelfinavir,DrugBank
14135,DB00227,drug,Lovastatin,DrugBank
14137,DB00237,drug,Butabarbital,DrugBank
14138,DB00238,drug,Nevirapine,DrugBank
14139,DB00245,drug,Benzatropine,DrugBank
14140,DB00246,drug,Ziprasidone,DrugBank
14141,DB00252,drug,Phenytoin,DrugBank
14142,DB00264,drug,Metoprolol,DrugBank
14143,DB00266,drug,Dicoumarol,DrugBank
14144,DB00273,drug,Topiramate,DrugBank
14145,DB00274,drug,Cefmetazole,DrugBank
14147,DB00286,drug,Conjugated estrogens,DrugBank
14148,DB00289,drug,Atomoxetine,DrugBank
14150,DB00295,drug,Morphine,DrugBank
14152,DB00310,drug,Chlorthalidone,DrugBank
14153,DB00313,drug,Valproic acid,DrugBank
14154,DB00316,drug,Acetaminophen,DrugBank
14155,DB00317,drug,Gefitinib,DrugBank
14156,DB00321,drug,Amitriptyline,DrugBank
14157,DB00327,drug,Hydromorphone,DrugBank
14158,DB00328,drug,Indomethacin,DrugBank
14159,DB00332,drug,Ipratropium,DrugBank
14161,DB00334,drug,Olanzapine,DrugBank
14162,DB00335,drug,Atenolol,DrugBank
14163,DB00343,drug,Diltiazem,DrugBank
14164,DB00404,drug,Alprazolam,DrugBank
14166,DB00414,drug,Acetohexamide,DrugBank
14167,DB00415,drug,Ampicillin,DrugBank
14168,DB00421,drug,Spironolactone,DrugBank
14170,DB00432,drug,Trifluridine,DrugBank
14172,DB00456,drug,Cefalotin,DrugBank
14173,DB00458,drug,Imipramine,DrugBank
14175,DB00461,drug,Nabumetone,DrugBank
14176,DB00472,drug,Fluoxetine,DrugBank
14177,DB00476,drug,Duloxetine,DrugBank
14178,DB00477,drug,Chlorpromazine,DrugBank
14179,DB00481,drug,Raloxifene,DrugBank
14180,DB00490,drug,Buspirone,DrugBank
14181,DB00495,drug,Zidovudine,DrugBank
14183,DB00500,drug,Tolmetin,DrugBank
14184,DB00503,drug,Ritonavir,DrugBank
14185,DB00512,drug,Vancomycin,DrugBank
14186,DB00515,drug,Cisplatin,DrugBank
14187,DB00530,drug,Erlotinib,DrugBank
14188,DB00537,drug,Ciprofloxacin,DrugBank
14189,DB00540,drug,Nortriptyline,DrugBank
14190,DB00544,drug,Fluorouracil,DrugBank
14191,DB00554,drug,Piroxicam,DrugBank
14192,DB00555,drug,Lamotrigine,DrugBank
14193,DB00557,drug,Hydroxyzine,DrugBank
14194,DB00563,drug,Methotrexate,DrugBank
14195,DB00567,drug,Cephalexin,DrugBank
14196,DB00571,drug,Propranolol,DrugBank
14197,DB00573,drug,Fenoprofen,DrugBank
14198,DB00575,drug,Clonidine,DrugBank
14199,DB00576,drug,Sulfamethizole,DrugBank
14200,DB00584,drug,Enalapril,DrugBank
14201,DB00595,drug,Oxytetracycline,DrugBank
14202,DB00598,drug,Labetalol,DrugBank
14203,DB00603,drug,Medroxyprogesterone acetate,DrugBank
14204,DB00605,drug,Sulindac,DrugBank
14205,DB00607,drug,Nafcillin,DrugBank
14206,DB00608,drug,Chloroquine,DrugBank
14207,DB00619,drug,Imatinib,DrugBank
14208,DB00624,drug,Testosterone,DrugBank
14209,DB00625,drug,Efavirenz,DrugBank
14210,DB00649,drug,Stavudine,DrugBank
14211,DB00655,drug,Estrone,DrugBank
14212,DB00661,drug,Verapamil,DrugBank
14213,DB00675,drug,Tamoxifen,DrugBank
14215,DB00678,drug,Losartan,DrugBank
14216,DB00682,drug,Warfarin,DrugBank
14217,DB00695,drug,Furosemide,DrugBank
14218,DB00709,drug,Lamivudine,DrugBank
14219,DB00712,drug,Flurbiprofen,DrugBank
14220,DB00714,drug,Apomorphine,DrugBank
14221,DB00717,drug,Norethisterone,DrugBank
14222,DB00731,drug,Nateglinide,DrugBank
14223,DB00734,drug,Risperidone,DrugBank
14224,DB00737,drug,Meclizine,DrugBank
14226,DB00744,drug,Zileuton,DrugBank
14227,DB00749,drug,Etodolac,DrugBank
14229,DB00755,drug,Tretinoin,DrugBank
14230,DB00759,drug,Tetracycline,DrugBank
14231,DB00762,drug,Irinotecan,DrugBank
14232,DB00768,drug,Olopatadine,DrugBank
14233,DB00774,drug,Hydroflumethiazide,DrugBank
14234,DB00776,drug,Oxcarbazepine,DrugBank
14235,DB00783,drug,Estradiol,DrugBank
14237,DB00787,drug,Acyclovir,DrugBank
14238,DB00788,drug,Naproxen,DrugBank
14240,DB00808,drug,Indapamide,DrugBank
14242,DB00814,drug,Meloxicam,DrugBank
14245,DB00829,drug,Diazepam,DrugBank
14246,DB00842,drug,Oxazepam,DrugBank
14247,DB00845,drug,Clofazimine,DrugBank
14248,DB00847,drug,Cysteamine,DrugBank
14249,DB00852,drug,Pseudoephedrine,DrugBank
14250,DB00857,drug,Terbinafine,DrugBank
14251,DB00864,drug,Tacrolimus,DrugBank
14253,DB00878,drug,Chlorhexidine,DrugBank
14254,DB00879,drug,Emtricitabine,DrugBank
14255,DB00881,drug,Quinapril,DrugBank
14256,DB00900,drug,Didanosine,DrugBank
14257,DB00903,drug,Etacrynic acid,DrugBank
14258,DB00908,drug,Quinidine,DrugBank
14259,DB00912,drug,Repaglinide,DrugBank
14261,DB00931,drug,Metacycline,DrugBank
14262,DB00936,drug,Salicylic acid,DrugBank
14263,DB00938,drug,Salmeterol,DrugBank
14264,DB00943,drug,Zalcitabine,DrugBank
14265,DB00946,drug,Phenprocoumon,DrugBank
14266,DB00950,drug,Fexofenadine,DrugBank
14267,DB00951,drug,Isoniazid,DrugBank
14268,DB00957,drug,Norgestimate,DrugBank
14269,DB00959,drug,Methylprednisolone,DrugBank
14270,DB00977,drug,Ethinylestradiol,DrugBank
14271,DB00982,drug,Isotretinoin,DrugBank
14272,DB00983,drug,Formoterol,DrugBank
14273,DB00993,drug,Azathioprine,DrugBank
14274,DB00995,drug,Auranofin,DrugBank
14275,DB00997,drug,Doxorubicin,DrugBank
14276,DB00999,drug,Hydrochlorothiazide,DrugBank
14278,DB01009,drug,Ketoprofen,DrugBank
14279,DB01015,drug,Sulfamethoxazole,DrugBank
14280,DB01016,drug,Glyburide,DrugBank
14281,DB01026,drug,Ketoconazole,DrugBank
14282,DB01029,drug,Irbesartan,DrugBank
14283,DB01032,drug,Probenecid,DrugBank
14284,DB01039,drug,Fenofibrate,DrugBank
14285,DB01044,drug,Gatifloxacin,DrugBank
14286,DB01045,drug,Rifampicin,DrugBank
14287,DB01050,drug,Ibuprofen,DrugBank
14288,DB01053,drug,Benzylpenicillin,DrugBank
14290,DB01057,drug,Echothiophate,DrugBank
14291,DB01060,drug,Amoxicillin,DrugBank
14292,DB01062,drug,Oxybutynin,DrugBank
14293,DB01067,drug,Glipizide,DrugBank
14294,DB01068,drug,Clonazepam,DrugBank
14295,DB01069,drug,Promethazine,DrugBank
14296,DB01072,drug,Atazanavir,DrugBank
14297,DB01076,drug,Atorvastatin,DrugBank
14298,DB01098,drug,Rosuvastatin,DrugBank
14299,DB01104,drug,Sertraline,DrugBank
14300,DB01110,drug,Miconazole,DrugBank
14301,DB01115,drug,Nifedipine,DrugBank
14302,DB01118,drug,Amiodarone,DrugBank
14303,DB01120,drug,Gliclazide,DrugBank
14304,DB01124,drug,Tolbutamide,DrugBank
14305,DB01126,drug,Dutasteride,DrugBank
14306,DB01132,drug,Pioglitazone,DrugBank
14307,DB01133,drug,Tiludronic acid,DrugBank
14308,DB01136,drug,Carvedilol,DrugBank
14309,DB01137,drug,Levofloxacin,DrugBank
14310,DB01142,drug,Doxepin,DrugBank
14311,DB01147,drug,Cloxacillin,DrugBank
14313,DB01169,drug,Arsenic trioxide,DrugBank
14314,DB01183,drug,Naloxone,DrugBank
14316,DB01195,drug,Flecainide,DrugBank
14317,DB01197,drug,Captopril,DrugBank
14318,DB01212,drug,Ceftriaxone,DrugBank
14319,DB01232,drug,Saquinavir,DrugBank
14320,DB01234,drug,Dexamethasone,DrugBank
14321,DB01235,drug,Levodopa,DrugBank
14323,DB01238,drug,Aripiprazole,DrugBank
14324,DB01241,drug,Gemfibrozil,DrugBank
14325,DB01242,drug,Clomipramine,DrugBank
14326,DB01264,drug,Darunavir,DrugBank
14327,DB01275,drug,Hydralazine,DrugBank
14329,DB01307,drug,Insulin detemir,DrugBank
14330,DB01320,drug,Fosphenytoin,DrugBank
14331,DB01324,drug,Polythiazide,DrugBank
14332,DB01327,drug,Cefazolin,DrugBank
14333,DB01328,drug,Cefonicid,DrugBank
14335,DB01330,drug,Cefotetan,DrugBank
14336,DB01364,drug,Ephedrine,DrugBank
14338,DB01394,drug,Colchicine,DrugBank
14340,DB01397,drug,Magnesium salicylate,DrugBank
14341,DB01418,drug,Acenocoumarol,DrugBank
14342,DB01420,drug,Testosterone propionate,DrugBank
14346,DB01601,drug,Lopinavir,DrugBank
14347,DB01611,drug,Hydroxychloroquine,DrugBank
14351,DB01623,drug,Thiothixene,DrugBank
14352,DB01685,drug,Topiroxostat,DrugBank
14366,DB04816,drug,Dantron,DrugBank
14368,DB04855,drug,Dronedarone,DrugBank
14369,DB04861,drug,Nebivolol,DrugBank
14370,DB04911,drug,Oritavancin,DrugBank
14371,DB04951,drug,Pirfenidone,DrugBank
14373,DB05294,drug,Vandetanib,DrugBank
14375,DB05521,drug,Telaprevir,DrugBank
14377,DB06119,drug,Cenobamate,DrugBank
14378,DB06201,drug,Rufinamide,DrugBank
14379,DB06209,drug,Prasugrel,DrugBank
14380,DB06216,drug,Asenapine,DrugBank
14381,DB06282,drug,Levocetirizine,DrugBank
14382,DB06290,drug,Simeprevir,DrugBank
14383,DB06412,drug,Oxymetholone,DrugBank
14384,DB06480,drug,Prucalopride,DrugBank
14385,DB06655,drug,Liraglutide,DrugBank
14387,DB06710,drug,Methyltestosterone,DrugBank
14390,DB07402,drug,Azapropazone,DrugBank
14399,DB08816,drug,Ticagrelor,DrugBank
14400,DB08820,drug,Ivacaftor,DrugBank
14401,DB08828,drug,Vismodegib,DrugBank
14402,DB08860,drug,Pitavastatin,DrugBank
14403,DB08864,drug,Rilpivirine,DrugBank
14406,DB08893,drug,Mirabegron,DrugBank
14407,DB08895,drug,Tofacitinib,DrugBank
14408,DB08899,drug,Enzalutamide,DrugBank
14409,DB08931,drug,Riociguat,DrugBank
14410,DB08932,drug,Macitentan,DrugBank
14411,DB09053,drug,Ibrutinib,DrugBank
14413,DB09079,drug,Nintedanib,DrugBank
14415,DB09093,drug,Chlortetracycline,DrugBank
14419,DB09213,drug,Dexibuprofen,DrugBank
14420,DB09223,drug,Blonanserin,DrugBank
14421,DB09229,drug,Aranidipine,DrugBank
14424,DB09241,drug,Methylene blue,DrugBank
14425,DB09262,drug,Imidafenacin,DrugBank
14426,DB09274,drug,Artesunate,DrugBank
14427,DB09280,drug,Lumacaftor,DrugBank
14428,DB09299,drug,Tenofovir alafenamide,DrugBank
14435,DB09564,drug,Insulin degludec,DrugBank
14439,DB11148,drug,Butamben,DrugBank
14443,DB11575,drug,Grazoprevir,DrugBank
14445,DB11637,drug,Delamanid,DrugBank
14446,DB11641,drug,Vinflunine,DrugBank
14447,DB11642,drug,Pitolisant,DrugBank
14449,DB11689,drug,Selumetinib,DrugBank
14450,DB11703,drug,Acalabrutinib,DrugBank
14451,DB11753,drug,Rifamycin,DrugBank
14452,DB11757,drug,Istradefylline,DrugBank
14454,DB11820,drug,Nifurtimox,DrugBank
14455,DB11827,drug,Ertugliflozin,DrugBank
14456,DB11828,drug,Neratinib,DrugBank
14458,DB11855,drug,Revefenacin,DrugBank
14459,DB11943,drug,Delafloxacin,DrugBank
14461,DB11978,drug,Glasdegib,DrugBank
14463,DB12141,drug,Gilteritinib,DrugBank
14465,DB12455,drug,Omadacycline,DrugBank
14466,DB12466,drug,Favipiravir,DrugBank
14467,DB12483,drug,Copanlisib,DrugBank
14471,DB12978,drug,Pexidartinib,DrugBank
14475,DB13928,drug,Semaglutide,DrugBank
14476,DB13943,drug,Testosterone cypionate,DrugBank
14477,DB13944,drug,Testosterone enanthate,DrugBank
14478,DB13946,drug,Testosterone undecanoate,DrugBank
14479,DB13952,drug,Estradiol acetate,DrugBank
14481,DB13954,drug,Estradiol cypionate,DrugBank
14483,DB13956,drug,Estradiol valerate,DrugBank
14484,DB14126,drug,Tenofovir,DrugBank
14485,DB14185,drug,Aripiprazole lauroxil,DrugBank
14489,DB14518,drug,Aluminum acetate,DrugBank
14493,DB14649,drug,Dexamethasone acetate,DrugBank
14495,DB14879,drug,Cefiderocol,DrugBank
14499,DB15444,drug,Elexacaftor,DrugBank
14502,DB00023,drug,Asparaginase Escherichia coli,DrugBank
14503,DB00059,drug,Pegaspargase,DrugBank
14504,DB00322,drug,Floxuridine,DrugBank
14505,DB00532,drug,Mephenytoin,DrugBank
14506,DB00627,drug,Niacin,DrugBank
14507,DB00636,drug,Clofibrate,DrugBank
14508,DB00754,drug,Ethotoin,DrugBank
14509,DB00939,drug,Meclofenamic acid,DrugBank
14510,DB01109,drug,Heparin,DrugBank
14511,DB01219,drug,Dantrolene,DrugBank
14514,DB08886,drug,Asparaginase Erwinia chrysanthemi,DrugBank
14515,DB08984,drug,Etofenamate,DrugBank
14516,DB09256,drug,Tegafur,DrugBank
14520,DB11100,drug,Allantoin,DrugBank
14522,DB13396,drug,Neocitrullamon,DrugBank
14527,DB01185,drug,Fluoxymesterone,DrugBank
14528,DB01406,drug,Danazol,DrugBank
14539,DB00457,drug,Prazosin,DrugBank
14540,DB00543,drug,Amoxapine,DrugBank
14541,DB00706,drug,Tamsulosin,DrugBank
14542,DB00934,drug,Maprotiline,DrugBank
14543,DB01151,drug,Desipramine,DrugBank
14544,DB01156,drug,Bupropion,DrugBank
14545,DB01190,drug,Clindamycin,DrugBank
14546,DB01233,drug,Metoclopramide,DrugBank
14547,DB01359,drug,Penbutolol,DrugBank
14551,DB08907,drug,Canagliflozin,DrugBank
14554,DB01277,drug,Mecasermin,DrugBank
14557,DB14738,drug,Turoctocog alfa pegol,DrugBank
14559,DB00136,drug,Calcitriol,DrugBank
14560,DB00153,drug,Ergocalciferol,DrugBank
14561,DB00169,drug,Cholecalciferol,DrugBank
14562,DB01436,drug,Alfacalcidol,DrugBank
14574,DB01138,drug,Sulfinpyrazone,DrugBank
14578,DB02659,drug,Cholic Acid,DrugBank
14579,DB00507,drug,Nitazoxanide,DrugBank
14582,DB01203,drug,Nadolol,DrugBank
14583,DB01591,drug,Solifenacin,DrugBank
14584,DB00130,drug,L-Glutamine,DrugBank
14585,DB11118,drug,Ammonia,DrugBank
14589,DB11077,drug,Polyethylene glycol 400,DrugBank
14590,DB12612,drug,Ozanimod,DrugBank
14591,DB00145,drug,Glycine,DrugBank
14594,DB13884,drug,Albutrepenonacog alfa,DrugBank
14595,DB00035,drug,Desmopressin,DrugBank
14596,DB00216,drug,Eletriptan,DrugBank
14597,DB00250,drug,Dapsone,DrugBank
14599,DB00471,drug,Montelukast,DrugBank
14600,DB00533,drug,Rofecoxib,DrugBank
14601,DB00549,drug,Zafirlukast,DrugBank
14602,DB00582,drug,Voriconazole,DrugBank
14603,DB00672,drug,Chlorpropamide,DrugBank
14604,DB00773,drug,Etoposide,DrugBank
14605,DB00796,drug,Candesartan cilexetil,DrugBank
14606,DB01041,drug,Thalidomide,DrugBank
14607,DB01075,drug,Diphenhydramine,DrugBank
14609,DB01198,drug,Zopiclone,DrugBank
14612,DB05109,drug,Trabectedin,DrugBank
14619,DB00025,drug,"Antihemophilic factor, human recombinant",DrugBank
14621,DB13998,drug,Lonoctocog alfa,DrugBank
14622,DB13999,drug,Moroctocog alfa,DrugBank
14623,DB01708,drug,Prasterone,DrugBank
14624,DB09070,drug,Tibolone,DrugBank
14628,DB00352,drug,Tioguanine,DrugBank
14632,DB00131,drug,Adenosine phosphate,DrugBank
14633,DB06077,drug,Lumateperone,DrugBank
14634,DB00435,drug,Nitric Oxide,DrugBank
14636,DB01612,drug,Amyl Nitrite,DrugBank
14638,DB06770,drug,Benzyl alcohol,DrugBank
14640,DB00550,drug,Propylthiouracil,DrugBank
14641,DB00988,drug,Dopamine,DrugBank
14643,DB06774,drug,Capsaicin,DrugBank
14644,DB09072,drug,Sodium oxybate,DrugBank
14646,DB00139,drug,Succinic acid,DrugBank
14652,DB13620,drug,Potassium gluconate,DrugBank
14653,DB00122,drug,Choline,DrugBank
14655,DB00179,drug,Masoprocol,DrugBank
14656,DB09061,drug,Cannabidiol,DrugBank
14658,DB11133,drug,Omega-3 fatty acids,DrugBank
14662,DB00811,drug,Ribavirin,DrugBank
14663,DB00041,drug,Aldesleukin,DrugBank
14664,DB00360,drug,Sapropterin,DrugBank
14667,DB00884,drug,Risedronic acid,DrugBank
14668,DB00887,drug,Bumetanide,DrugBank
14670,DB01395,drug,Drospirenone,DrugBank
14677,DB08819,drug,Tafluprost,DrugBank
14678,DB00158,drug,Folic acid,DrugBank
14680,DB14487,drug,Zinc acetate,DrugBank
14682,DB01157,drug,Trimetrexate,DrugBank
14685,DB00396,drug,Progesterone,DrugBank
14686,DB00882,drug,Clomifene,DrugBank
14691,DB00594,drug,Amiloride,DrugBank
14695,DB00082,drug,Pegvisomant,DrugBank
14696,DB00738,drug,Pentamidine,DrugBank
14698,DB11156,drug,Pyrantel,DrugBank
14699,DB13125,drug,Lusutrombopag,DrugBank
14701,DB00358,drug,Mefloquine,DrugBank
14702,DB00863,drug,Ranitidine,DrugBank
14703,DB00940,drug,Methantheline,DrugBank
14704,DB00146,drug,Calcifediol,DrugBank
14706,DB00115,drug,Cyanocobalamin,DrugBank
14707,DB13257,drug,Ferrous sulfate anhydrous,DrugBank
14709,DB00996,drug,Gabapentin,DrugBank
14711,DB06777,drug,Chenodeoxycholic acid,DrugBank
14712,DB09462,drug,Glycerin,DrugBank
14713,DB01262,drug,Decitabine,DrugBank
14714,DB08934,drug,Sofosbuvir,DrugBank
14719,DB00445,drug,Epirubicin,DrugBank
14720,DB00578,drug,Carbenicillin,DrugBank
14721,DB01083,drug,Orlistat,DrugBank
14722,DB04786,drug,Suramin,DrugBank
14725,DB08909,drug,Glycerol phenylbutyrate,DrugBank
14726,DB01065,drug,Melatonin,DrugBank
14727,DB06813,drug,Pralatrexate,DrugBank
14729,DB00501,drug,Cimetidine,DrugBank
14731,DB01388,drug,Mibefradil,DrugBank
14733,DB11256,drug,Levomefolic acid,DrugBank
14734,DB09221,drug,Polaprezinc,DrugBank
14735,DB11859,drug,Brexanolone,DrugBank
14736,DB00526,drug,Oxaliplatin,DrugBank
14737,DB00958,drug,Carboplatin,DrugBank
14740,DB00291,drug,Chlorambucil,DrugBank
14745,DB09571,drug,Levmetamfetamine,DrugBank
14754,DB14596,drug,Loteprednol etabonate,DrugBank
14758,DB01101,drug,Capecitabine,DrugBank
14761,DB11793,drug,Niraparib,DrugBank
14762,DB00436,drug,Bendroflumethiazide,DrugBank
14763,DB01021,drug,Trichlormethiazide,DrugBank
14764,DB01033,drug,Mercaptopurine,DrugBank
14765,DB05239,drug,Cobimetinib,DrugBank
14768,DB06779,drug,Dalteparin,DrugBank
14769,DB05016,drug,Ataluren,DrugBank
14772,DB00233,drug,Aminosalicylic acid,DrugBank
14773,DB00833,drug,Cefaclor,DrugBank
14774,DB01225,drug,Enoxaparin,DrugBank
14779,DB06823,drug,Tiopronin,DrugBank
14780,DB00987,drug,Cytarabine,DrugBank
14782,DB00121,drug,Biotin,DrugBank
14783,DB00201,drug,Caffeine,DrugBank
14784,DB00277,drug,Theophylline,DrugBank
14785,DB00338,drug,Omeprazole,DrugBank
14786,DB00448,drug,Lansoprazole,DrugBank
14787,DB00499,drug,Flutamide,DrugBank
14789,DB00694,drug,Daunorubicin,DrugBank
14790,DB01087,drug,Primaquine,DrugBank
14791,DB01204,drug,Mitoxantrone,DrugBank
14792,DB01229,drug,Paclitaxel,DrugBank
14793,DB01248,drug,Docetaxel,DrugBank
14794,DB01254,drug,Dasatinib,DrugBank
14796,DB12245,drug,Triclabendazole,DrugBank
14797,DB01598,drug,Imipenem,DrugBank
14798,DB06211,drug,Doripenem,DrugBank
14799,DB00030,drug,Insulin human,DrugBank
14801,DB00013,drug,Urokinase,DrugBank
14802,DB00642,drug,Pemetrexed,DrugBank
14806,DB00494,drug,Entacapone,DrugBank
14807,DB00668,drug,Epinephrine,DrugBank
14809,DB00968,drug,Methyldopa,DrugBank
14810,DB01141,drug,Micafungin,DrugBank
14811,DB06152,drug,Nylidrin,DrugBank
14813,DB00197,drug,Troglitazone,DrugBank
14815,DB00389,drug,Carbimazole,DrugBank
14816,DB00974,drug,Edetic acid,DrugBank
14818,DB01007,drug,Tioconazole,DrugBank
14819,DB01127,drug,Econazole,DrugBank
14822,DB06147,drug,Sulfathiazole,DrugBank
14827,DB00107,drug,Oxytocin,DrugBank
14828,DB00260,drug,Cycloserine,DrugBank
14829,DB00875,drug,Flupentixol,DrugBank
14830,DB00915,drug,Amantadine,DrugBank
14831,DB06262,drug,Droxidopa,DrugBank
14833,DB00140,drug,Riboflavin,DrugBank
14835,DB00542,drug,Benazepril,DrugBank
14836,DB00178,drug,Ramipril,DrugBank
14839,DB00391,drug,Sulpiride,DrugBank
14841,DB00508,drug,Triflupromazine,DrugBank
14842,DB00527,drug,Cinchocaine,DrugBank
14843,DB00585,drug,Nizatidine,DrugBank
14844,DB00711,drug,Diethylcarbamazine,DrugBank
14846,DB00790,drug,Perindopril,DrugBank
14848,DB00871,drug,Terbutaline,DrugBank
14849,DB00888,drug,Mechlorethamine,DrugBank
14851,DB00979,drug,Cyclopentolate,DrugBank
14853,DB01116,drug,Trimethaphan,DrugBank
14854,DB01122,drug,Ambenonium,DrugBank
14861,DB01400,drug,Neostigmine,DrugBank
14868,DB04572,drug,Thiotepa,DrugBank
14869,DB04920,drug,Clevidipine,DrugBank
14874,DB09205,drug,Moxisylyte,DrugBank
14875,DB14031,drug,Tretamine,DrugBank
14876,DB09031,drug,Miltefosine,DrugBank
14880,DB00184,drug,Nicotine,DrugBank
14881,DB00388,drug,Phenylephrine,DrugBank
14882,DB00601,drug,Linezolid,DrugBank
14884,DB00780,drug,Phenelzine,DrugBank
14885,DB01171,drug,Moclobemide,DrugBank
14893,DB04818,drug,Iproniazid,DrugBank
14895,DB09042,drug,Tedizolid phosphate,DrugBank
14897,DB00315,drug,Zolmitriptan,DrugBank
14898,DB00397,drug,Phenylpropanolamine,DrugBank
14899,DB00669,drug,Sumatriptan,DrugBank
14900,DB00918,drug,Almotriptan,DrugBank
14901,DB00952,drug,Naratriptan,DrugBank
14902,DB00953,drug,Rizatriptan,DrugBank
14904,DB06654,drug,Safinamide,DrugBank
14905,DB09244,drug,Pirlindole,DrugBank
14906,DB09245,drug,Toloxatone,DrugBank
14908,DB15328,drug,Ubrogepant,DrugBank
14910,DB00339,drug,Pyrazinamide,DrugBank
14911,DB00437,drug,Allopurinol,DrugBank
14913,DB00831,drug,Trifluoperazine,DrugBank
14914,DB01168,drug,Procarbazine,DrugBank
14918,DB00640,drug,Adenosine,DrugBank
14919,DB01280,drug,Nelarabine,DrugBank
14921,DB00128,drug,Aspartic acid,DrugBank
14924,DB01119,drug,Diazoxide,DrugBank
14934,DB00091,drug,Cyclosporine,DrugBank
14935,DB00196,drug,Fluconazole,DrugBank
14936,DB00199,drug,Erythromycin,DrugBank
14937,DB00203,drug,Sildenafil,DrugBank
14938,DB00206,drug,Reserpine,DrugBank
14939,DB00224,drug,Indinavir,DrugBank
14940,DB00281,drug,Lidocaine,DrugBank
14941,DB00288,drug,Amcinonide,DrugBank
14942,DB00342,drug,Terfenadine,DrugBank
14943,DB00367,drug,Levonorgestrel,DrugBank
14944,DB00381,drug,Amlodipine,DrugBank
14945,DB00398,drug,Sorafenib,DrugBank
14946,DB00401,drug,Nisoldipine,DrugBank
14947,DB00439,drug,Cerivastatin,DrugBank
14948,DB00444,drug,Teniposide,DrugBank
14949,DB00446,drug,Chloramphenicol,DrugBank
14950,DB00455,drug,Loratadine,DrugBank
14951,DB00468,drug,Quinine,DrugBank
14952,DB00502,drug,Haloperidol,DrugBank
14953,DB00528,drug,Lercanidipine,DrugBank
14954,DB00531,drug,Cyclophosphamide,DrugBank
14955,DB00541,drug,Vincristine,DrugBank
14956,DB00564,drug,Carbamazepine,DrugBank
14957,DB00574,drug,Fenfluramine,DrugBank
14958,DB00604,drug,Cisapride,DrugBank
14959,DB00622,drug,Nicardipine,DrugBank
14960,DB00637,drug,Astemizole,DrugBank
14961,DB00641,drug,Simvastatin,DrugBank
14962,DB00656,drug,Trazodone,DrugBank
14963,DB00683,drug,Midazolam,DrugBank
14965,DB00700,drug,Eplerenone,DrugBank
14966,DB00701,drug,Amprenavir,DrugBank
14967,DB00705,drug,Delavirdine,DrugBank
14968,DB00745,drug,Modafinil,DrugBank
14969,DB00758,drug,Clopidogrel,DrugBank
14971,DB00820,drug,Tadalafil,DrugBank
14972,DB00822,drug,Disulfiram,DrugBank
14973,DB00834,drug,Mifepristone,DrugBank
14974,DB00862,drug,Vardenafil,DrugBank
14975,DB00877,drug,Sirolimus,DrugBank
14976,DB00897,drug,Triazolam,DrugBank
14978,DB00905,drug,Bimatoprost,DrugBank
14980,DB00916,drug,Metronidazole,DrugBank
14981,DB00921,drug,Buprenorphine,DrugBank
14982,DB00962,drug,Zaleplon,DrugBank
14983,DB00972,drug,Azelastine,DrugBank
14984,DB01023,drug,Felodipine,DrugBank
14986,DB01058,drug,Praziquantel,DrugBank
14987,DB01095,drug,Fluvastatin,DrugBank
14988,DB01100,drug,Pimozide,DrugBank
14989,DB01103,drug,Quinacrine,DrugBank
14990,DB01114,drug,Chlorpheniramine,DrugBank
14991,DB01166,drug,Cilostazol,DrugBank
14992,DB01167,drug,Itraconazole,DrugBank
14993,DB01174,drug,Phenobarbital,DrugBank
14995,DB01211,drug,Clarithromycin,DrugBank
14996,DB01216,drug,Finasteride,DrugBank
14998,DB01218,drug,Halofantrine,DrugBank
14999,DB01224,drug,Quetiapine,DrugBank
15000,DB01259,drug,Lapatinib,DrugBank
15001,DB01267,drug,Paliperidone,DrugBank
15002,DB01268,drug,Sunitinib,DrugBank
15003,DB01380,drug,Cortisone acetate,DrugBank
15006,DB04946,drug,Iloperidone,DrugBank
15008,DB05773,drug,Trastuzumab emtansine,DrugBank
15009,DB06176,drug,Romidepsin,DrugBank
15011,DB06267,drug,Udenafil,DrugBank
15012,DB06287,drug,Temsirolimus,DrugBank
15013,DB06335,drug,Saxagliptin,DrugBank
15014,DB06403,drug,Ambrisentan,DrugBank
15015,DB06413,drug,Armodafinil,DrugBank
15018,DB06595,drug,Midostaurin,DrugBank
15020,DB06626,drug,Axitinib,DrugBank
15027,DB08865,drug,Crizotinib,DrugBank
15028,DB08873,drug,Boceprevir,DrugBank
15029,DB08883,drug,Perampanel,DrugBank
15030,DB08901,drug,Ponatinib,DrugBank
15033,DB09054,drug,Idelalisib,DrugBank
15034,DB09065,drug,Cobicistat,DrugBank
15035,DB09068,drug,Vortioxetine,DrugBank
15036,DB09074,drug,Olaparib,DrugBank
15038,DB09102,drug,Daclatasvir,DrugBank
15040,DB09297,drug,Paritaprevir,DrugBank
15042,DB11574,drug,Elbasvir,DrugBank
15043,DB11586,drug,Asunaprevir,DrugBank
15045,DB11712,drug,Tezacaftor,DrugBank
15046,DB11737,drug,Icotinib,DrugBank
15049,DB11837,drug,Osilodrostat,DrugBank
15050,DB11915,drug,Valbenazine,DrugBank
15051,DB11921,drug,Deflazacort,DrugBank
15052,DB11951,drug,Lemborexant,DrugBank
15053,DB12070,drug,Letermovir,DrugBank
15054,DB12130,drug,Lorlatinib,DrugBank
15055,DB12161,drug,Deutetrabenazine,DrugBank
15056,DB12301,drug,Doravirine,DrugBank
15057,DB12332,drug,Rucaparib,DrugBank
15059,DB13179,drug,Troleandomycin,DrugBank
15061,DB13609,drug,Umifenovir,DrugBank
15064,DB14512,drug,Mometasone furoate,DrugBank
15067,DB14644,drug,Methylprednisolone hemisuccinate,DrugBank
15072,DB00022,drug,Peginterferon alfa-2b,DrugBank
15073,DB00176,drug,Fluvoxamine,DrugBank
15074,DB00182,drug,Amphetamine,DrugBank
15076,DB00187,drug,Esmolol,DrugBank
15077,DB00188,drug,Bortezomib,DrugBank
15078,DB00193,drug,Tramadol,DrugBank
15079,DB00195,drug,Betaxolol,DrugBank
15081,DB00211,drug,Midodrine,DrugBank
15082,DB00215,drug,Citalopram,DrugBank
15083,DB00234,drug,Reboxetine,DrugBank
15084,DB00257,drug,Clotrimazole,DrugBank
15085,DB00259,drug,Sulfanilamide,DrugBank
15086,DB00283,drug,Clemastine,DrugBank
15087,DB00285,drug,Venlafaxine,DrugBank
15088,DB00297,drug,Bupivacaine,DrugBank
15089,DB00318,drug,Codeine,DrugBank
15090,DB00349,drug,Clobazam,DrugBank
15092,DB00361,drug,Vinorelbine,DrugBank
15094,DB00370,drug,Mirtazapine,DrugBank
15095,DB00373,drug,Timolol,DrugBank
15098,DB00420,drug,Promazine,DrugBank
15099,DB00425,drug,Zolpidem,DrugBank
15100,DB00433,drug,Prochlorperazine,DrugBank
15101,DB00482,drug,Celecoxib,DrugBank
15102,DB00489,drug,Sotalol,DrugBank
15103,DB00496,drug,Darifenacin,DrugBank
15104,DB00514,drug,Dextromethorphan,DrugBank
15105,DB00521,drug,Carteolol,DrugBank
15106,DB00568,drug,Cinnarizine,DrugBank
15107,DB00570,drug,Vinblastine,DrugBank
15108,DB00590,drug,Doxazosin,DrugBank
15109,DB00592,drug,Piperazine,DrugBank
15110,DB00623,drug,Fluphenazine,DrugBank
15113,DB00674,drug,Galantamine,DrugBank
15116,DB00715,drug,Paroxetine,DrugBank
15117,DB00726,drug,Trimipramine,DrugBank
15118,DB00751,drug,Epinastine,DrugBank
15119,DB00752,drug,Tranylcypromine,DrugBank
15121,DB00763,drug,Methimazole,DrugBank
15122,DB00792,drug,Tripelennamine,DrugBank
15124,DB00810,drug,Biperiden,DrugBank
15125,DB00836,drug,Loperamide,DrugBank
15126,DB00843,drug,Donepezil,DrugBank
15127,DB00850,drug,Perphenazine,DrugBank
15130,DB00932,drug,Tipranavir,DrugBank
15131,DB00933,drug,Mesoridazine,DrugBank
15132,DB00956,drug,Hydrocodone,DrugBank
15133,DB00960,drug,Pindolol,DrugBank
15134,DB01005,drug,Hydroxyurea,DrugBank
15137,DB01036,drug,Tolterodine,DrugBank
15138,DB01037,drug,Selegiline,DrugBank
15142,DB01096,drug,Oxamniquine,DrugBank
15144,DB01129,drug,Rabeprazole,DrugBank
15145,DB01131,drug,Proguanil,DrugBank
15146,DB01149,drug,Nefazodone,DrugBank
15147,DB01173,drug,Orphenadrine,DrugBank
15148,DB01175,drug,Escitalopram,DrugBank
15149,DB01177,drug,Idarubicin,DrugBank
15150,DB01182,drug,Propafenone,DrugBank
15151,DB01191,drug,Dexfenfluramine,DrugBank
15153,DB01193,drug,Acebutolol,DrugBank
15154,DB01206,drug,Lomustine,DrugBank
15155,DB01210,drug,Levobunolol,DrugBank
15156,DB01214,drug,Metipranolol,DrugBank
15159,DB01255,drug,Lisdexamfetamine,DrugBank
15160,DB01274,drug,Arformoterol,DrugBank
15166,DB01409,drug,Tiotropium,DrugBank
15171,DB01551,drug,Dihydrocodeine,DrugBank
15173,DB01576,drug,Dextroamphetamine,DrugBank
15174,DB01577,drug,Metamfetamine,DrugBank
15175,DB01580,drug,Oxprenolol,DrugBank
15176,DB01590,drug,Everolimus,DrugBank
15177,DB01624,drug,Zuclopenthixol,DrugBank
15179,DB02701,drug,Nicotinamide,DrugBank
15180,DB02703,drug,Fusidic acid,DrugBank
15185,DB04844,drug,Tetrabenazine,DrugBank
15186,DB04846,drug,Celiprolol,DrugBank
15187,DB04868,drug,Nilotinib,DrugBank
15188,DB04871,drug,Lorcaserin,DrugBank
15189,DB04884,drug,Dapoxetine,DrugBank
15191,DB04938,drug,Ospemifene,DrugBank
15193,DB05271,drug,Rotigotine,DrugBank
15194,DB06016,drug,Cariprazine,DrugBank
15196,DB06144,drug,Sertindole,DrugBank
15197,DB06148,drug,Mianserin,DrugBank
15198,DB06203,drug,Alogliptin,DrugBank
15200,DB06217,drug,Vernakalant,DrugBank
15201,DB06292,drug,Dapagliflozin,DrugBank
15205,DB06589,drug,Pazopanib,DrugBank
15206,DB06603,drug,Panobinostat,DrugBank
15207,DB06608,drug,Tafenoquine,DrugBank
15209,DB06684,drug,Vilazodone,DrugBank
15210,DB06691,drug,Mepyramine,DrugBank
15211,DB06700,drug,Desvenlafaxine,DrugBank
15212,DB06702,drug,Fesoterodine,DrugBank
15213,DB06708,drug,Lumefantrine,DrugBank
15218,DB06819,drug,Phenylbutyric acid,DrugBank
15219,DB06820,drug,Sulconazole,DrugBank
15221,DB08808,drug,Bupranolol,DrugBank
15222,DB08918,drug,Levomilnacipran,DrugBank
15223,DB08922,drug,Perospirone,DrugBank
15225,DB09013,drug,Befunolol,DrugBank
15226,DB09039,drug,Eliglustat,DrugBank
15230,DB09078,drug,Lenvatinib,DrugBank
15231,DB09118,drug,Stiripentol,DrugBank
15232,DB09128,drug,Brexpiprazole,DrugBank
15233,DB09167,drug,Dosulepin,DrugBank
15235,DB09183,drug,Dasabuvir,DrugBank
15239,DB09351,drug,Levobetaxolol,DrugBank
15240,DB09570,drug,Ixazomib,DrugBank
15241,DB11614,drug,Rupatadine,DrugBank
15242,DB11638,drug,Artenimol,DrugBank
15243,DB11718,drug,Encorafenib,DrugBank
15244,DB11732,drug,Lasmiditan,DrugBank
15245,DB11770,drug,Talinolol,DrugBank
15247,DB11979,drug,Elagolix,DrugBank
15250,DB12500,drug,Fedratinib,DrugBank
15251,DB12523,drug,Mizolastine,DrugBank
15254,DB13139,drug,Levosalbutamol,DrugBank
15260,DB13679,drug,Dexchlorpheniramine,DrugBank
15263,DB13874,drug,Enasidenib,DrugBank
15269,DB15091,drug,Upadacitinib,DrugBank
15271,DB00305,drug,Mitomycin,DrugBank
15274,DB00865,drug,Benzphetamine,DrugBank
15277,DB00008,drug,Peginterferon alfa-2a,DrugBank
15282,DB00046,drug,Insulin lispro,DrugBank
15283,DB00047,drug,Insulin glargine,DrugBank
15284,DB00060,drug,Interferon beta-1a,DrugBank
15285,DB00068,drug,Interferon beta-1b,DrugBank
15288,DB00105,drug,Interferon alfa-2b,DrugBank
15289,DB00218,drug,Moxifloxacin,DrugBank
15290,DB00261,drug,Anagrelide,DrugBank
15291,DB00268,drug,Ropinirole,DrugBank
15293,DB00365,drug,Grepafloxacin,DrugBank
15294,DB00382,drug,Tacrine,DrugBank
15295,DB00384,drug,Triamterene,DrugBank
15296,DB00400,drug,Griseofulvin,DrugBank
15297,DB00418,drug,Secobarbital,DrugBank
15299,DB00440,drug,Trimethoprim,DrugBank
15300,DB00467,drug,Enoxacin,DrugBank
15302,DB00518,drug,Albendazole,DrugBank
15303,DB00553,drug,Methoxsalen,DrugBank
15304,DB00629,drug,Guanabenz,DrugBank
15305,DB00685,drug,Trovafloxacin,DrugBank
15307,DB00730,drug,Thiabendazole,DrugBank
15308,DB00740,drug,Riluzole,DrugBank
15309,DB00772,drug,Malathion,DrugBank
15311,DB00794,drug,Primidone,DrugBank
15312,DB00806,drug,Pentoxifylline,DrugBank
15314,DB00827,drug,Cinoxacin,DrugBank
15315,DB00851,drug,Dacarbazine,DrugBank
15316,DB00927,drug,Famotidine,DrugBank
15318,DB00978,drug,Lomefloxacin,DrugBank
15320,DB00998,drug,Frovatriptan,DrugBank
15322,DB01059,drug,Norfloxacin,DrugBank
15324,DB01097,drug,Leflunomide,DrugBank
15325,DB01155,drug,Gemifloxacin,DrugBank
15326,DB01165,drug,Ofloxacin,DrugBank
15327,DB01208,drug,Sparfloxacin,DrugBank
15329,DB01283,drug,Lumiracoxib,DrugBank
15331,DB01306,drug,Insulin aspart,DrugBank
15332,DB01309,drug,Insulin glulisine,DrugBank
15333,DB01367,drug,Rasagiline,DrugBank
15338,DB01609,drug,Deferasirox,DrugBank
15349,DB05676,drug,Apremilast,DrugBank
15353,DB06160,drug,Garenoxacin,DrugBank
15354,DB06210,drug,Eltrombopag,DrugBank
15360,DB06594,drug,Agomelatine,DrugBank
15363,DB06769,drug,Bendamustine,DrugBank
15364,DB06771,drug,Besifloxacin,DrugBank
15366,DB08880,drug,Teriflunomide,DrugBank
15367,DB08910,drug,Pomalidomide,DrugBank
15369,DB09071,drug,Tasimelteon,DrugBank
15371,DB09122,drug,Peginterferon beta-1a,DrugBank
15372,DB09185,drug,Viloxazine,DrugBank
15373,DB09198,drug,Lobeglitazone,DrugBank
15391,DB11967,drug,Binimetinib,DrugBank
15392,DB12026,drug,Voxilaprevir,DrugBank
15399,DB13573,drug,Acefylline,DrugBank
15409,DB15119,drug,Ropeginterferon alfa-2b,DrugBank
15412,DB05381,drug,Histamine,DrugBank
15413,DB00441,drug,Gemcitabine,DrugBank
15414,DB00928,drug,Azacitidine,DrugBank
15416,DB00186,drug,Lorazepam,DrugBank
15417,DB00191,drug,Phentermine,DrugBank
15418,DB00204,drug,Dofetilide,DrugBank
15419,DB00207,drug,Azithromycin,DrugBank
15420,DB00213,drug,Pantoprazole,DrugBank
15421,DB00231,drug,Temazepam,DrugBank
15422,DB00239,drug,Oxiconazole,DrugBank
15424,DB00248,drug,Cabergoline,DrugBank
15425,DB00254,drug,Doxycycline,DrugBank
15426,DB00270,drug,Isradipine,DrugBank
15428,DB00307,drug,Bexarotene,DrugBank
15429,DB00309,drug,Vindesine,DrugBank
15430,DB00312,drug,Pentobarbital,DrugBank
15431,DB00320,drug,Dihydroergotamine,DrugBank
15432,DB00337,drug,Pimecrolimus,DrugBank
15433,DB00346,drug,Alfuzosin,DrugBank
15434,DB00347,drug,Trimethadione,DrugBank
15435,DB00351,drug,Megestrol acetate,DrugBank
15438,DB00359,drug,Sulfadiazine,DrugBank
15440,DB00393,drug,Nimodipine,DrugBank
15441,DB00402,drug,Eszopiclone,DrugBank
15442,DB00485,drug,Dicloxacillin,DrugBank
15443,DB00520,drug,Caspofungin,DrugBank
15446,DB00559,drug,Bosentan,DrugBank
15448,DB00589,drug,Lisuride,DrugBank
15449,DB00593,drug,Ethosuximide,DrugBank
15450,DB00602,drug,Ivermectin,DrugBank
15451,DB00612,drug,Bisoprolol,DrugBank
15453,DB00617,drug,Paramethadione,DrugBank
15456,DB00681,drug,Amphotericin B,DrugBank
15457,DB00690,drug,Flurazepam,DrugBank
15458,DB00696,drug,Ergotamine,DrugBank
15460,DB00719,drug,Azatadine,DrugBank
15461,DB00724,drug,Imiquimod,DrugBank
15462,DB00736,drug,Esomeprazole,DrugBank
15466,DB00819,drug,Acetazolamide,DrugBank
15469,DB00826,drug,Natamycin,DrugBank
15472,DB00906,drug,Tiagabine,DrugBank
15473,DB00911,drug,Tinidazole,DrugBank
15475,DB00949,drug,Felbamate,DrugBank
15476,DB00954,drug,Dirithromycin,DrugBank
15477,DB00973,drug,Ezetimibe,DrugBank
15478,DB00976,drug,Telithromycin,DrugBank
15479,DB01001,drug,Salbutamol,DrugBank
15480,DB01018,drug,Guanfacine,DrugBank
15481,DB01030,drug,Topotecan,DrugBank
15482,DB01049,drug,Ergoloid mesylate,DrugBank
15483,DB01085,drug,Pilocarpine,DrugBank
15484,DB01105,drug,Sibutramine,DrugBank
15485,DB01117,drug,Atovaquone,DrugBank
15486,DB01130,drug,Prednicarbate,DrugBank
15488,DB01152,drug,Candicidin,DrugBank
15490,DB01186,drug,Pergolide,DrugBank
15491,DB01194,drug,Brinzolamide,DrugBank
15492,DB01196,drug,Estramustine,DrugBank
15493,DB01200,drug,Bromocriptine,DrugBank
15494,DB01201,drug,Rifapentine,DrugBank
15496,DB01220,drug,Rifaximin,DrugBank
15497,DB01227,drug,Levacetylmethadol,DrugBank
15499,DB01256,drug,Retapamulin,DrugBank
15500,DB01260,drug,Desonide,DrugBank
15501,DB01261,drug,Sitagliptin,DrugBank
15502,DB01263,drug,Posaconazole,DrugBank
15503,DB01319,drug,Fosamprenavir,DrugBank
15504,DB01333,drug,Cefradine,DrugBank
15505,DB01349,drug,Tasosartan,DrugBank
15506,DB01352,drug,Aprobarbital,DrugBank
15507,DB01357,drug,Mestranol,DrugBank
15508,DB01369,drug,Quinupristin,DrugBank
15510,DB01393,drug,Bezafibrate,DrugBank
15511,DB01411,drug,Pranlukast,DrugBank
15513,DB01483,drug,Barbital,DrugBank
15517,DB01588,drug,Prazepam,DrugBank
15518,DB01589,drug,Quazepam,DrugBank
15519,DB01595,drug,Nitrazepam,DrugBank
15521,DB01698,drug,Rutin,DrugBank
15522,DB01764,drug,Dalfopristin,DrugBank
15538,DB04842,drug,Fluspirilene,DrugBank
15539,DB04845,drug,Ixabepilone,DrugBank
15542,DB04896,drug,Milnacipran,DrugBank
15543,DB04908,drug,Flibanserin,DrugBank
15549,DB05351,drug,Dexlansoprazole,DrugBank
15551,DB05541,drug,Brivaracetam,DrugBank
15555,DB06155,drug,Rimonabant,DrugBank
15557,DB06207,drug,Silodosin,DrugBank
15558,DB06212,drug,Tolvaptan,DrugBank
15561,DB06237,drug,Avanafil,DrugBank
15563,DB06273,drug,Tocilizumab,DrugBank
15566,DB06414,drug,Etravirine,DrugBank
15570,DB06470,drug,Clomethiazole,DrugBank
15572,DB06616,drug,Bosutinib,DrugBank
15573,DB06636,drug,Isavuconazonium,DrugBank
15574,DB06663,drug,Pasireotide,DrugBank
15579,DB06742,drug,Ambroxol,DrugBank
15580,DB06762,drug,Pinacidil,DrugBank
15583,DB06786,drug,Halcinonide,DrugBank
15584,DB06791,drug,Lanreotide,DrugBank
15586,DB07615,drug,Tranilast,DrugBank
15590,DB08815,drug,Lurasidone,DrugBank
15591,DB08827,drug,Lomitapide,DrugBank
15594,DB08870,drug,Brentuximab vedotin,DrugBank
15595,DB08874,drug,Fidaxomicin,DrugBank
15596,DB08875,drug,Cabozantinib,DrugBank
15597,DB08877,drug,Ruxolitinib,DrugBank
15598,DB08882,drug,Linagliptin,DrugBank
15599,DB08896,drug,Regorafenib,DrugBank
15600,DB08903,drug,Bedaquiline,DrugBank
15601,DB08905,drug,Formestane,DrugBank
15602,DB08911,drug,Trametinib,DrugBank
15603,DB08912,drug,Dabrafenib,DrugBank
15604,DB08933,drug,Luliconazole,DrugBank
15606,DB08980,drug,Fendiline,DrugBank
15609,DB09026,drug,Aliskiren,DrugBank
15610,DB09030,drug,Vorapaxar,DrugBank
15611,DB09034,drug,Suvorexant,DrugBank
15612,DB09036,drug,Siltuximab,DrugBank
15613,DB09063,drug,Ceritinib,DrugBank
15614,DB09082,drug,Vilanterol,DrugBank
15619,DB09101,drug,Elvitegravir,DrugBank
15620,DB09119,drug,Eslicarbazepine acetate,DrugBank
15622,DB09143,drug,Sonidegib,DrugBank
15623,DB09166,drug,Etizolam,DrugBank
15629,DB09230,drug,Azelnidipine,DrugBank
15632,DB09235,drug,Efonidipine,DrugBank
15638,DB09371,drug,Norethynodrel,DrugBank
15640,DB11273,drug,Dihydroergocornine,DrugBank
15642,DB11362,drug,Selexipag,DrugBank
15646,DB11442,drug,Oleandomycin,DrugBank
15653,DB11560,drug,Lesinurad,DrugBank
15654,DB11581,drug,Venetoclax,DrugBank
15655,DB11613,drug,Velpatasvir,DrugBank
15660,DB11742,drug,Ebastine,DrugBank
15662,DB11767,drug,Sarilumab,DrugBank
15664,DB11799,drug,Bictegravir,DrugBank
15666,DB11817,drug,Baricitinib,DrugBank
15667,DB11823,drug,Esketamine,DrugBank
15668,DB11901,drug,Apalutamide,DrugBank
15671,DB11952,drug,Duvelisib,DrugBank
15674,DB12010,drug,Fostamatinib,DrugBank
15677,DB12092,drug,Naftopidil,DrugBank
15679,DB12131,drug,Vinpocetine,DrugBank
15683,DB12267,drug,Brigatinib,DrugBank
15687,DB12457,drug,Rimegepant,DrugBank
15696,DB12808,drug,Trifarotene,DrugBank
15697,DB12825,drug,Lefamulin,DrugBank
15698,DB12887,drug,Tazemetostat,DrugBank
15709,DB13399,drug,Terguride,DrugBank
15712,DB13488,drug,Bencyclane,DrugBank
15725,DB13879,drug,Glecaprevir,DrugBank
15726,DB13941,drug,Piperaquine,DrugBank
15730,DB13997,drug,Baloxavir marboxil,DrugBank
15739,DB14568,drug,Ivosidenib,DrugBank
15746,DB14895,drug,Vibegron,DrugBank
15747,DB14975,drug,Voxelotor,DrugBank
15748,DB15035,drug,Zanubrutinib,DrugBank
15750,DB15233,drug,Avapritinib,DrugBank
15753,DB00491,drug,Miglitol,DrugBank
15755,DB02379,drug,Beta-D-Glucose,DrugBank
15761,DB00198,drug,Oseltamivir,DrugBank
15762,DB00519,drug,Trandolapril,DrugBank
15763,DB01086,drug,Benzocaine,DrugBank
15767,DB11181,drug,Homatropine,DrugBank
15769,DB00177,drug,Valsartan,DrugBank
15770,DB00222,drug,Glimepiride,DrugBank
15771,DB00263,drug,Sulfisoxazole,DrugBank
15772,DB00323,drug,Tolcapone,DrugBank
15773,DB00374,drug,Treprostinil,DrugBank
15774,DB00465,drug,Ketorolac,DrugBank
15775,DB00469,drug,Tenoxicam,DrugBank
15778,DB00839,drug,Tolazamide,DrugBank
15779,DB00869,drug,Dorzolamide,DrugBank
15780,DB00891,drug,Sulfapyridine,DrugBank
15781,DB00945,drug,Acetylsalicylic acid,DrugBank
15782,DB01080,drug,Vigabatrin,DrugBank
15783,DB01176,drug,Cyclizine,DrugBank
15784,DB01251,drug,Gliquidone,DrugBank
15785,DB01289,drug,Glisoxepide,DrugBank
15789,DB04831,drug,Tienilic acid,DrugBank
15791,DB05219,drug,Crisaborole,DrugBank
15794,DB06736,drug,Aceclofenac,DrugBank
15796,DB08962,drug,Glibornuride,DrugBank
15797,DB09080,drug,Olodaterol,DrugBank
15798,DB11611,drug,Lifitegrast,DrugBank
15799,DB11995,drug,Avatrombopag,DrugBank
15801,DB13406,drug,Carbutamide,DrugBank
15804,DB00242,drug,Cladribine,DrugBank
15805,DB00631,drug,Clofarabine,DrugBank
15808,DB00205,drug,Pyrimethamine,DrugBank
15809,DB00799,drug,Tazarotene,DrugBank
15810,DB05229,drug,Beraprost,DrugBank
15811,DB09296,drug,Ombitasvir,DrugBank
15812,DB11632,drug,Opicapone,DrugBank
15815,DB05197,drug,Sofalcone,DrugBank
15816,DB09212,drug,Loxoprofen,DrugBank
15817,DB00718,drug,Adefovir dipivoxil,DrugBank
15820,DB00109,drug,Enfuvirtide,DrugBank
15822,DB01586,drug,Ursodeoxycholic acid,DrugBank
15826,DB06637,drug,Dalfampridine,DrugBank
15829,DB08868,drug,Fingolimod,DrugBank
15834,DB00599,drug,Thiopental,DrugBank
15835,DB00849,drug,Methylphenobarbital,DrugBank
15836,DB00966,drug,Telmisartan,DrugBank
15837,DB05246,drug,Methsuximide,DrugBank
15838,DB12319,drug,Benzbromarone,DrugBank
15839,DB13762,drug,Dexrabeprazole,DrugBank
15840,DB00390,drug,Digoxin,DrugBank
15841,DB01437,drug,Glutethimide,DrugBank
15846,DB08930,drug,Dolutegravir,DrugBank
15847,DB09038,drug,Empagliflozin,DrugBank
15848,DB00426,drug,Famciclovir,DrugBank
15849,DB00484,drug,Brimonidine,DrugBank
15853,DB01048,drug,Abacavir,DrugBank
15855,DB00350,drug,Minoxidil,DrugBank
15856,DB00704,drug,Naltrexone,DrugBank
15858,DB05018,drug,Migalastat,DrugBank
15859,DB06817,drug,Raltegravir,DrugBank
15860,DB09276,drug,Sodium aurothiomalate,DrugBank
15862,DB12020,drug,Tecovirimat,DrugBank
15864,DB13878,drug,Pibrentasvir,DrugBank
15867,DB00643,drug,Mebendazole,DrugBank
15868,DB01064,drug,Isoprenaline,DrugBank
15872,DB04930,drug,Permethrin,DrugBank
15873,DB13132,drug,Artemisinin,DrugBank
15875,DB11640,drug,Amifampridine,DrugBank
15876,DB00244,drug,Mesalazine,DrugBank
15877,DB00434,drug,Cyproheptadine,DrugBank
15878,DB01252,drug,Mitiglinide,DrugBank
15879,DB06230,drug,Nalmefene,DrugBank
15881,DB06401,drug,Bazedoxifene,DrugBank
15882,DB13783,drug,Acemetacin,DrugBank
15885,DB08949,drug,Inositol nicotinate,DrugBank
15886,DB09325,drug,Sodium fluoride,DrugBank
15887,DB08904,drug,Certolizumab pegol,DrugBank
15889,DB00300,drug,Tenofovir disoproxil,DrugBank
15890,DB06822,drug,Tinzaparin,DrugBank
15891,DB08826,drug,Deferiprone,DrugBank
15892,DB15598,drug,Ferric maltol,DrugBank
15893,DB00290,drug,Bleomycin,DrugBank
15895,DB11792,drug,Mirodenafil,DrugBank
15898,DB06698,drug,Betahistine,DrugBank
15901,DB09303,drug,Evolocumab,DrugBank
15902,DB12872,drug,Vonicog Alfa,DrugBank
15903,DB13133,drug,Von Willebrand Factor Human,DrugBank
15914,DB01017,drug,Minocycline,DrugBank
15956,DB00651,drug,Dyphylline,DrugBank
15958,DB04932,drug,Defibrotide,DrugBank
15970,DB12323,drug,Radotinib,DrugBank
15971,DB00043,drug,Omalizumab,DrugBank
15975,DB00100,drug,Coagulation Factor IX (Recombinant),DrugBank
15979,DB13152,drug,Coagulation Factor IX Human,DrugBank
15982,DB00795,drug,Sulfasalazine,DrugBank
15984,DB00991,drug,Oxaprozin,DrugBank
15985,DB01014,drug,Balsalazide,DrugBank
15986,DB01399,drug,Salsalate,DrugBank
15987,DB01401,drug,Choline magnesium trisalicylate,DrugBank
15989,DB01600,drug,Tiaprofenic acid,DrugBank
16011,DB00408,drug,Loxapine,DrugBank
16012,DB00800,drug,Fenoldopam,DrugBank
16014,DB01239,drug,Chlorprothixene,DrugBank
16023,DB00048,drug,Collagenase clostridium histolyticum,DrugBank
16028,DB08871,drug,Eribulin,DrugBank
16036,DB06151,drug,Acetylcysteine,DrugBank
16041,DB14751,drug,Mecasermin rinfabate,DrugBank
16054,DB00376,drug,Trihexyphenidyl,DrugBank
16055,DB00383,drug,Oxyphencyclimine,DrugBank
16056,DB00387,drug,Procyclidine,DrugBank
16057,DB00424,drug,Hyoscyamine,DrugBank
16059,DB00505,drug,Tridihexethyl,DrugBank
16060,DB00517,drug,Anisotropine methylbromide,DrugBank
16062,DB00725,drug,Homatropine methylbromide,DrugBank
16063,DB00747,drug,Scopolamine,DrugBank
16065,DB00809,drug,Tropicamide,DrugBank
16066,DB00835,drug,Brompheniramine,DrugBank
16070,DB01231,drug,Diphenidol,DrugBank
16071,DB01625,drug,Isopropamide,DrugBank
16074,DB04843,drug,Mepenzolate,DrugBank
16085,DB00761,drug,Potassium chloride,DrugBank
16179,DB09109,drug,Turoctocog alfa,DrugBank
16180,DB09228,drug,Conestat alfa,DrugBank
16182,DB12598,drug,Nafamostat,DrugBank
16183,DB00855,drug,Aminolevulinic acid,DrugBank
16191,DB01108,drug,Trilostane,DrugBank
16193,DB00431,drug,Lindane,DrugBank
16210,DB00876,drug,Eprosartan,DrugBank
16214,DB08822,drug,Azilsartan medoxomil,DrugBank
16215,DB09279,drug,Fimasartan,DrugBank
16217,DB00133,drug,Serine,DrugBank
16219,DB00770,drug,Alprostadil,DrugBank
16220,DB00917,drug,Dinoprostone,DrugBank
16222,DB01088,drug,Iloprost,DrugBank
16223,DB09211,drug,Limaprost,DrugBank
16226,DB00073,drug,Rituximab,DrugBank
16227,DB00078,drug,Ibritumomab tiuxetan,DrugBank
16229,DB06650,drug,Ofatumumab,DrugBank
16230,DB08935,drug,Obinutuzumab,DrugBank
16232,DB11988,drug,Ocrelizumab,DrugBank
16264,DB09064,drug,Ciprofibrate,DrugBank
16268,DB13873,drug,Fenofibric acid,DrugBank
16271,DB00052,drug,Somatotropin,DrugBank
16272,DB09098,drug,Somatrem,DrugBank
16276,DB00210,drug,Adapalene,DrugBank
16281,DB00151,drug,Cysteine,DrugBank
16282,DB12095,drug,Telotristat ethyl,DrugBank
16285,DB00087,drug,Alemtuzumab,DrugBank
16303,DB01162,drug,Terazosin,DrugBank
16306,DB11186,drug,Pentoxyverine,DrugBank
16309,DB00354,drug,Buclizine,DrugBank
16311,DB00670,drug,Pirenzepine,DrugBank
16312,DB00771,drug,Clidinium,DrugBank
16313,DB00782,drug,Propantheline,DrugBank
16314,DB00804,drug,Dicyclomine,DrugBank
16315,DB00942,drug,Cycrimine,DrugBank
16317,DB01618,drug,Molindone,DrugBank
16321,DB06202,drug,Lasofoxifene,DrugBank
16323,DB00716,drug,Nedocromil,DrugBank
16331,DB01240,drug,Epoprostenol,DrugBank
16337,DB00797,drug,Tolazoline,DrugBank
16340,DB08806,drug,Roxatidine acetate,DrugBank
16341,DB01592,drug,Iron,DrugBank
16344,DB14488,drug,Ferrous gluconate,DrugBank
16347,DB14491,drug,Ferrous fumarate,DrugBank
16350,DB04272,drug,Citric acid,DrugBank
16352,DB00368,drug,Norepinephrine,DrugBank
16353,DB00579,drug,Mazindol,DrugBank
16360,DB01599,drug,Probucol,DrugBank
16376,DB04575,drug,Quinestrol,DrugBank
16419,DB01025,drug,Amlexanox,DrugBank
16434,DB01063,drug,Acetophenazine,DrugBank
16443,DB06718,drug,Stanozolol,DrugBank
16465,DB00536,drug,Guanidine,DrugBank
16468,DB00014,drug,Goserelin,DrugBank
16475,DB01121,drug,Phenacemide,DrugBank
16478,DB01179,drug,Podofilox,DrugBank
16490,DB01620,drug,Pheniramine,DrugBank
16495,DB12874,drug,Quizartinib,DrugBank
16496,DB01677,drug,Fumaric Acid,DrugBank
16508,DB09014,drug,Captodiame,DrugBank
16510,DB00112,drug,Bevacizumab,DrugBank
16511,DB01270,drug,Ranibizumab,DrugBank
16512,DB04895,drug,Pegaptanib,DrugBank
16517,DB08885,drug,Aflibercept,DrugBank
16519,DB14864,drug,Brolucizumab,DrugBank
16532,DB01291,drug,Pirbuterol,DrugBank
16544,DB00645,drug,Dyclonine,DrugBank
16550,DB00975,drug,Dipyridamole,DrugBank
16559,DB12688,drug,Moxetumomab Pasudotox,DrugBank
16570,DB00750,drug,Prilocaine,DrugBank
16572,DB00007,drug,Leuprolide,DrugBank
16574,DB00644,drug,Gonadorelin,DrugBank
16575,DB00666,drug,Nafarelin,DrugBank
16580,DB06788,drug,Histrelin,DrugBank
16588,DB00331,drug,Metformin,DrugBank
16589,DB00009,drug,Alteplase,DrugBank
16590,DB00015,drug,Reteplase,DrugBank
16592,DB00031,drug,Tenecteplase,DrugBank
16593,DB00302,drug,Tranexamic acid,DrugBank
16634,DB00036,drug,Coagulation factor VIIa Recombinant Human,DrugBank
16635,DB00569,drug,Fondaparinux,DrugBank
16667,DB09075,drug,Edoxaban,DrugBank
16671,DB13923,drug,Emicizumab,DrugBank
16687,DB00492,drug,Fosinopril,DrugBank
16689,DB00691,drug,Moexipril,DrugBank
16690,DB00722,drug,Lisinopril,DrugBank
16693,DB01340,drug,Cilazapril,DrugBank
16694,DB01348,drug,Spirapril,DrugBank
16697,DB08836,drug,Temocapril,DrugBank
16698,DB09477,drug,Enalaprilat,DrugBank
16699,DB13166,drug,Zofenopril,DrugBank
16714,DB06439,drug,Tyloxapol,DrugBank
16719,DB09401,drug,Isosorbide,DrugBank
16740,DB06185,drug,Forodesine,DrugBank
16741,DB00548,drug,Azelaic acid,DrugBank
16753,DB00480,drug,Lenalidomide,DrugBank
16758,DB13167,drug,Alclofenac,DrugBank
16788,DB00232,drug,Methyclothiazide,DrugBank
16792,DB00703,drug,Methazolamide,DrugBank
16793,DB00880,drug,Chlorothiazide,DrugBank
16794,DB01031,drug,Ethinamate,DrugBank
16795,DB01144,drug,Diclofenamide,DrugBank
16802,DB09121,drug,Aurothioglucose,DrugBank
16818,DB05168,drug,Vintafolide,DrugBank
16825,DB00407,drug,Ardeparin,DrugBank
16837,DB03904,drug,Urea,DrugBank
16842,DB00413,drug,Pramipexole,DrugBank
16843,DB00449,drug,Dipivefrin,DrugBank
16844,DB00692,drug,Phentolamine,DrugBank
16845,DB00925,drug,Phenoxybenzamine,DrugBank
16846,DB00935,drug,Oxymetazoline,DrugBank
16847,DB00964,drug,Apraclonidine,DrugBank
16851,DB06694,drug,Xylometazoline,DrugBank
16853,DB09242,drug,Moxonidine,DrugBank
16854,DB11738,drug,Rilmenidine,DrugBank
16855,DB00422,drug,Methylphenidate,DrugBank
16867,DB00618,drug,Demeclocycline,DrugBank
16879,DB00509,drug,Dextrothyroxine,DrugBank
16975,DB00686,drug,Pentosan polysulfate,DrugBank
16977,DB02329,drug,Carbenoxolone,DrugBank
17023,DB11644,drug,Tafamidis,DrugBank
17030,DB11363,drug,Alectinib,DrugBank
17042,DB05578,drug,Ramucirumab,DrugBank
17060,DB00464,drug,Sodium tetradecyl sulfate,DrugBank
17063,DB00306,drug,Talbutal,DrugBank
17064,DB00371,drug,Meprobamate,DrugBank
17065,DB00463,drug,Metharbital,DrugBank
17066,DB01351,drug,Amobarbital,DrugBank
17067,DB01353,drug,Butobarbital,DrugBank
17112,DB00099,drug,Filgrastim,DrugBank
17124,DB01022,drug,Phylloquinone,DrugBank
17128,DB06243,drug,Eflornithine,DrugBank
17141,DB00038,drug,Oprelvekin,DrugBank
17148,DB00524,drug,Metolazone,DrugBank
17153,DB01081,drug,Diphenoxylate,DrugBank
17170,DB00545,drug,Pyridostigmine,DrugBank
17173,DB00981,drug,Physostigmine,DrugBank
17174,DB00989,drug,Rivastigmine,DrugBank
17197,DB04924,drug,Itopride,DrugBank
17215,DB00017,drug,Salmon calcitonin,DrugBank
17221,DB00922,drug,Levosimendan,DrugBank
17224,DB05266,drug,Ibudilast,DrugBank
17226,DB00775,drug,Tirofiban,DrugBank
17229,DB00341,drug,Cetirizine,DrugBank
17230,DB00366,drug,Doxylamine,DrugBank
17231,DB00405,drug,Dexbrompheniramine,DrugBank
17232,DB00427,drug,Triprolidine,DrugBank
17233,DB00748,drug,Carbinoxamine,DrugBank
17235,DB00902,drug,Methdilazine,DrugBank
17236,DB00920,drug,Ketotifen,DrugBank
17237,DB00967,drug,Desloratadine,DrugBank
17238,DB00985,drug,Dimenhydrinate,DrugBank
17239,DB01084,drug,Emedastine,DrugBank
17240,DB01106,drug,Levocabastine,DrugBank
17241,DB01146,drug,Diphenylpyraline,DrugBank
17242,DB01237,drug,Bromodiphenhydramine,DrugBank
17243,DB01246,drug,Alimemazine,DrugBank
17244,DB01615,drug,Aceprometazine,DrugBank
17245,DB01619,drug,Phenindamine,DrugBank
17246,DB04837,drug,Clofedanol,DrugBank
17247,DB04890,drug,Bepotastine,DrugBank
17251,DB06766,drug,Alcaftadine,DrugBank
17252,DB08799,drug,Antazoline,DrugBank
17256,DB08936,drug,Chlorcyclizine,DrugBank
17257,DB09016,drug,Butriptyline,DrugBank
17258,DB09488,drug,Acrivastine,DrugBank
17259,DB11591,drug,Bilastine,DrugBank
17270,DB05316,drug,Pimavanserin,DrugBank
17278,DB12465,drug,Ketanserin,DrugBank
17282,DB13985,drug,Lutetium Lu 177 dotatate,DrugBank
17286,DB00348,drug,Nitisinone,DrugBank
17303,DB00419,drug,Miglustat,DrugBank
17304,DB00226,drug,Guanadrel,DrugBank
17305,DB00344,drug,Protriptyline,DrugBank
17306,DB00830,drug,Phenmetrazine,DrugBank
17307,DB00937,drug,Diethylpropion,DrugBank
17308,DB01170,drug,Guanethidine,DrugBank
17309,DB01579,drug,Phendimetrazine,DrugBank
17310,DB04836,drug,Amineptine,DrugBank
17315,DB06701,drug,Dexmethylphenidate,DrugBank
17317,DB13931,drug,Netarsudil,DrugBank
17318,DB14754,drug,Solriamfetol,DrugBank
17319,DB01113,drug,Papaverine,DrugBank
17335,DB00707,drug,Porfimer sodium,DrugBank
17338,DB00610,drug,Metaraminol,DrugBank
17339,DB00723,drug,Methoxamine,DrugBank
17341,DB06764,drug,Tetryzoline,DrugBank
17344,DB02925,drug,Piretanide,DrugBank
17345,DB11085,drug,Resorcinol,DrugBank
17350,DB12865,drug,Etelcalcetide,DrugBank
17351,DB00072,drug,Trastuzumab,DrugBank
17355,DB06366,drug,Pertuzumab,DrugBank
17376,DB00493,drug,Cefotaxime,DrugBank
17377,DB03255,drug,Phenol,DrugBank
17378,DB11359,drug,Guaiacol,DrugBank
17398,DB00026,drug,Anakinra,DrugBank
17407,DB00175,drug,Pravastatin,DrugBank
17411,DB00735,drug,Naftifine,DrugBank
17412,DB01091,drug,Butenafine,DrugBank
17414,DB12478,drug,Piribedil,DrugBank
17417,DB00108,drug,Natalizumab,DrugBank
17422,DB09033,drug,Vedolizumab,DrugBank
17428,DB01077,drug,Etidronic acid,DrugBank
17434,DB00287,drug,Travoprost,DrugBank
17435,DB00654,drug,Latanoprost,DrugBank
17436,DB11660,drug,Latanoprostene bunod,DrugBank
17437,DB00765,drug,Metyrosine,DrugBank
17493,DB00010,drug,Sermorelin,DrugBank
17524,DB00262,drug,Carmustine,DrugBank
17533,DB00004,drug,Denileukin diftitox,DrugBank
17535,DB00111,drug,Daclizumab,DrugBank
17538,DB07637,drug,Dibromotyrosine,DrugBank
17545,DB00056,drug,Gemtuzumab ozogamicin,DrugBank
17548,DB06586,drug,Cetilistat,DrugBank
17558,DB00230,drug,Pregabalin,DrugBank
17559,DB08872,drug,Gabapentin enacarbil,DrugBank
17560,DB00816,drug,Orciprenaline,DrugBank
17561,DB00901,drug,Bitolterol,DrugBank
17568,DB12248,drug,Tulobuterol,DrugBank
17583,DB00005,drug,Etanercept,DrugBank
17584,DB00051,drug,Adalimumab,DrugBank
17585,DB00065,drug,Infliximab,DrugBank
17601,DB06674,drug,Golimumab,DrugBank
17605,DB00002,drug,Cetuximab,DrugBank
17607,DB00110,drug,Palivizumab,DrugBank
17624,DB00511,drug,Acetyldigitoxin,DrugBank
17628,DB01188,drug,Ciclopirox,DrugBank
17631,DB01430,drug,Almitrine,DrugBank
17634,DB14498,drug,Potassium acetate,DrugBank
17638,DB14515,drug,Magnesium lactate,DrugBank
17647,DB00657,drug,Mecamylamine,DrugBank
17652,DB09085,drug,Tetracaine,DrugBank
17654,DB00385,drug,Valrubicin,DrugBank
17666,DB09047,drug,Finafloxacin,DrugBank
17711,DB01269,drug,Panitumumab,DrugBank
17718,DB09559,drug,Necitumumab,DrugBank
17720,DB13164,drug,Olmutinib,DrugBank
17724,DB01433,drug,Methadyl acetate,DrugBank
17727,DB00282,drug,Pamidronic acid,DrugBank
17728,DB00399,drug,Zoledronic acid,DrugBank
17729,DB00630,drug,Alendronic acid,DrugBank
17730,DB00710,drug,Ibandronate,DrugBank
17735,DB06255,drug,Incadronic acid,DrugBank
17736,DB06548,drug,Minodronic acid,DrugBank
17739,DB01070,drug,Dihydrotachysterol,DrugBank
17746,DB05295,drug,Eldecalcitol,DrugBank
17776,DB00547,drug,Desoximetasone,DrugBank
17782,DB01107,drug,Methyprylon,DrugBank
17829,DB14507,drug,Lithium citrate,DrugBank
17831,DB14509,drug,Lithium carbonate,DrugBank
17832,DB00284,drug,Acarbose,DrugBank
17833,DB04878,drug,Voglibose,DrugBank
17881,DB01282,drug,Carbetocin,DrugBank
17883,DB01281,drug,Abatacept,DrugBank
17886,DB01284,drug,Tetracosactide,DrugBank
17888,DB11653,drug,Bremelanotide,DrugBank
17893,DB06043,drug,Olaratumab,DrugBank
17903,DB04876,drug,Vildagliptin,DrugBank
17945,DB01257,drug,Eculizumab,DrugBank
17946,DB11580,drug,Ravulizumab,DrugBank
17947,DB01271,drug,Idursulfase,DrugBank
17948,DB01279,drug,Galsulfase,DrugBank
17949,DB09043,drug,Albiglutide,DrugBank
17950,DB09045,drug,Dulaglutide,DrugBank
17951,DB09265,drug,Lixisenatide,DrugBank
17955,DB06343,drug,Teprotumumab,DrugBank
17987,DB01164,drug,Calcium chloride,DrugBank
17991,DB06186,drug,Ipilimumab,DrugBank
18028,DB00848,drug,Levamisole,DrugBank
18036,DB00626,drug,Bacitracin,DrugBank
18042,DB12698,drug,Ibalizumab,DrugBank
18098,DB00061,drug,Pegademase,DrugBank
18102,DB06809,drug,Plerixafor,DrugBank
18160,DB14724,drug,Emapalumab,DrugBank
18165,DB11626,drug,Tasonermin,DrugBank
18179,DB00364,drug,Sucralfate,DrugBank
18183,DB11087,drug,Pyrethrum extract,DrugBank
18195,DB09257,drug,Gimeracil,DrugBank
18216,DB05630,drug,Sodium stibogluconate,DrugBank
18226,DB06720,drug,Velaglucerase alfa,DrugBank
18230,DB05679,drug,Ustekinumab,DrugBank
18277,DB01202,drug,Levetiracetam,DrugBank
18283,DB08879,drug,Belimumab,DrugBank
18309,DB08162,drug,Fasudil,DrugBank
18311,DB13165,drug,Ripasudil,DrugBank
18312,DB00417,drug,Phenoxymethylpenicillin,DrugBank
18313,DB00713,drug,Oxacillin,DrugBank
18314,DB03793,drug,Benzoic acid,DrugBank
18406,DB14731,drug,Tagraxofusp,DrugBank
18409,DB13926,drug,Cenegermin,DrugBank
18410,DB06081,drug,Caplacizumab,DrugBank
18411,DB09108,drug,Simoctocog alfa,DrugBank
18412,DB11606,drug,Susoctocog alfa,DrugBank
18413,DB11607,drug,Efmoroctocog alfa,DrugBank
18416,DB06168,drug,Canakinumab,DrugBank
18417,DB06372,drug,Rilonacept,DrugBank
18574,DB00535,drug,Cefdinir,DrugBank
18576,DB06196,drug,Icatibant,DrugBank
18590,DB01082,drug,Streptomycin,DrugBank
18611,DB06266,drug,Lonidamine,DrugBank
18680,DB05013,drug,Ingenol mebutate,DrugBank
18687,DB01597,drug,Cilastatin,DrugBank
18695,DB00063,drug,Eptifibatide,DrugBank
18755,DB01003,drug,Cromoglicic acid,DrugBank
18756,DB00659,drug,Acamprosate,DrugBank
18769,DB04941,drug,Crofelemer,DrugBank
18773,DB00551,drug,Acetohydroxamic acid,DrugBank
18798,DB06602,drug,Reslizumab,DrugBank
18799,DB06612,drug,Mepolizumab,DrugBank
18884,DB04465,drug,Lactose,DrugBank
18959,DB02546,drug,Vorinostat,DrugBank
18988,DB13729,drug,Camostat,DrugBank
19175,DB00894,drug,Testolactone,DrugBank
19177,DB12023,drug,Benralizumab,DrugBank
19197,DB08900,drug,Teduglutide,DrugBank
19198,DB07477,drug,Felbinac,DrugBank
19207,DB00190,drug,Carbidopa,DrugBank
19217,DB09343,drug,Tipiracil,DrugBank
19222,DB01247,drug,Isocarboxazid,DrugBank
19223,DB01626,drug,Pargyline,DrugBank
19245,DB04854,drug,Febuxostat,DrugBank
19247,DB04847,drug,Roxadustat,DrugBank
19250,DB00552,drug,Pentostatin,DrugBank
19281,DB08889,drug,Carfilzomib,DrugBank
19286,DB14040,drug,Eptinezumab,DrugBank
19287,DB14041,drug,Fremanezumab,DrugBank
19288,DB14042,drug,Galcanezumab,DrugBank
19330,DB12159,drug,Dupilumab,DrugBank
19331,DB05265,drug,Ecabet,DrugBank
19350,DB05311,drug,Ecallantide,DrugBank
19351,DB14597,drug,Lanadelumab,DrugBank
19360,DB04931,drug,Afamelanotide,DrugBank
19447,DB00558,drug,Zanamivir,DrugBank
19504,DB09046,drug,Metreleptin,DrugBank
19551,DB03754,drug,Tromethamine,DrugBank
19603,DB09035,drug,Nivolumab,DrugBank
19604,DB09037,drug,Pembrolizumab,DrugBank
19605,DB14707,drug,Cemiplimab,DrugBank
19611,DB05332,drug,Romiplostim,DrugBank
19614,DB11595,drug,Atezolizumab,DrugBank
19615,DB11714,drug,Durvalumab,DrugBank
19616,DB11945,drug,Avelumab,DrugBank
19641,DB06317,drug,Elotuzumab,DrugBank
19650,DB08890,drug,Linaclotide,DrugBank
19663,DB06285,drug,Teriparatide,DrugBank
19671,DB06643,drug,Denosumab,DrugBank
19699,DB12789,drug,Dinoprost,DrugBank
19700,DB13036,drug,Ramatroban,DrugBank
19712,DB00561,drug,Doxapram,DrugBank
19718,DB13173,drug,Cerliponase alfa,DrugBank
19886,DB04865,drug,Omacetaxine mepesuccinate,DrugBank
20022,DB04564,drug,Gluconolactone,DrugBank
20077,DB01272,drug,Alglucosidase alfa,DrugBank
20126,DB08908,drug,Dimethyl fumarate,DrugBank
20128,DB00189,drug,Ethchlorvynol,DrugBank
20129,DB00475,drug,Chlordiazepoxide,DrugBank
20130,DB00801,drug,Halazepam,DrugBank
20133,DB01545,drug,Ethyl loflazepate,DrugBank
20138,DB13643,drug,Loprazolam,DrugBank
20139,DB13837,drug,Doxefazepam,DrugBank
20146,DB09481,drug,Magnesium carbonate,DrugBank
20147,DB09304,drug,Setiptiline,DrugBank
20148,DB09203,drug,Synephrine,DrugBank
20151,DB01365,drug,Mephentermine,DrugBank
20153,DB00340,drug,Metixene,DrugBank
20156,DB00970,drug,Dactinomycin,DrugBank
20157,DB00874,drug,Guaifenesin,DrugBank
20158,DB09331,drug,Daratumumab,DrugBank
20159,DB14811,drug,Isatuximab,DrugBank
20161,DB11569,drug,Ixekizumab,DrugBank
20162,DB09302,drug,Alirocumab,DrugBank
20164,DB09105,drug,Asfotase alfa,DrugBank
20166,DB14762,drug,Risankizumab,DrugBank
20169,DB00653,drug,Magnesium sulfate,DrugBank
20172,DB11132,drug,Silicon dioxide,DrugBank
20176,DB14039,drug,Erenumab,DrugBank
20178,DB09310,drug,Catridecacog,DrugBank
20180,DB11639,drug,Dibotermin alfa,DrugBank
20185,DB11275,drug,Epicriptine,DrugBank
20189,DB11866,drug,Romosozumab,DrugBank
20193,DB09345,drug,Pramocaine,DrugBank
20194,DB12498,drug,Mogamulizumab,DrugBank
20196,DB15593,drug,Golodirsen,DrugBank
20200,DB06215,drug,Ferumoxytol,DrugBank
20203,DB00438,drug,Ceftazidime,DrugBank
20204,DB00671,drug,Cefixime,DrugBank
20206,DB01000,drug,Cyclacillin,DrugBank
20207,DB01140,drug,Cefadroxil,DrugBank
20208,DB01413,drug,Cefepime,DrugBank
20210,DB08795,drug,Azidocillin,DrugBank
20211,DB08842,drug,Acetylcarnitine,DrugBank
20212,DB01042,drug,Melphalan,DrugBank
20214,DB11098,drug,Potassium bicarbonate,DrugBank
20218,DB09154,drug,Sodium citrate,DrugBank
20228,DB03166,drug,Acetic acid,DrugBank
20235,DB01326,drug,Cefamandole,DrugBank
20237,DB12377,drug,Relebactam,DrugBank
20238,DB00646,drug,Nystatin,DrugBank
20239,DB00859,drug,Penicillamine,DrugBank
20248,DB00447,drug,Loracarbef,DrugBank
20249,DB01112,drug,Cefuroxime,DrugBank
20250,DB01332,drug,Ceftizoxime,DrugBank
20251,DB01415,drug,Ceftibuten,DrugBank
20252,DB00027,drug,Gramicidin D,DrugBank
20253,DB09027,drug,Ledipasvir,DrugBank
20254,DB09287,drug,Polyethylene glycol,DrugBank
20257,DB12035,drug,Sarecycline,DrugBank
20263,DB01004,drug,Ganciclovir,DrugBank
20265,DB01606,drug,Tazobactam,DrugBank
20270,DB12243,drug,Edaravone,DrugBank
20272,DB09060,drug,Avibactam,DrugBank
20274,DB00650,drug,Leucovorin,DrugBank
20278,DB04830,drug,Buformin,DrugBank
20279,DB08841,drug,Tyramine,DrugBank
20284,DB12615,drug,Plazomicin,DrugBank
20289,DB00766,drug,Clavulanic acid,DrugBank
20290,DB09449,drug,"Sodium phosphate, monobasic",DrugBank
20291,DB14502,drug,"Sodium phosphate, dibasic",DrugBank
20293,DB13178,drug,Inositol,DrugBank
20294,DB11160,drug,Phenyltoloxamine,DrugBank
20295,DB04819,drug,Methapyrilene,DrugBank
20296,DB11060,drug,Polyvinyl alcohol,DrugBank
20297,DB11783,drug,Imidapril,DrugBank
20298,DB09125,drug,Potassium citrate,DrugBank
20300,DB12710,drug,Perazine,DrugBank
20301,DB13312,drug,Delapril,DrugBank
20302,DB06715,drug,Potassium Iodide,DrugBank
20304,DB08797,drug,Salicylamide,DrugBank
20305,DB01556,drug,Chlorphentermine,DrugBank
20306,DB11248,drug,Zinc gluconate,DrugBank
20307,DB13435,drug,Endralazine,DrugBank
20308,DB06402,drug,Telavancin,DrugBank
20310,DB09206,drug,Trimazosin,DrugBank
20311,DB11126,drug,Calcium gluconate,DrugBank
20312,DB01501,drug,Difenoxin,DrugBank
20313,DB11161,drug,Polyethylene glycol 300,DrugBank
20314,DB11236,drug,Polyethylene glycol 3500,DrugBank
20316,DB13989,drug,Epitizide,DrugBank
20317,DB11502,drug,Butacaine,DrugBank
20318,DB00634,drug,Sulfacetamide,DrugBank
20319,DB13803,drug,Xipamide,DrugBank
20320,DB14098,drug,Cobalamin,DrugBank
20321,DB11315,drug,Methscopolamine,DrugBank
20322,DB09321,drug,Zinc oxide,DrugBank
20323,DB06767,drug,Ammonium chloride,DrugBank
20324,DB06824,drug,Triethylenetetramine,DrugBank
20325,DB13284,drug,Meticrane,DrugBank
20326,DB13064,drug,Tramazoline,DrugBank
20328,DB06799,drug,Methenamine,DrugBank
20330,DB11396,drug,Dichlorophen,DrugBank
20332,DB06005,drug,Adomiparin,DrugBank
20333,DB09260,drug,Parnaparin,DrugBank
20334,DB15404,drug,"Heparin, bovine",DrugBank
20335,DB14123,drug,Racementhol,DrugBank
20336,DB00853,drug,Temozolomide,DrugBank
20339,DB00742,drug,Mannitol,DrugBank
20340,DB00609,drug,Ethionamide,DrugBank
20341,DB13799,drug,Ethadione,DrugBank
20343,DB01563,drug,Chloral hydrate,DrugBank
20344,DB00560,drug,Tigecycline,DrugBank
20347,DB01627,drug,Lincomycin,DrugBank
20351,DB00760,drug,Meropenem,DrugBank
20352,DB11061,drug,Povidone,DrugBank
20353,DB14478,drug,Povidone K30,DrugBank
20354,DB00832,drug,Phensuximide,DrugBank
20357,DB09020,drug,Bisacodyl,DrugBank
20360,DB00303,drug,Ertapenem,DrugBank
20362,DB01377,drug,Magnesium oxide,DrugBank
20363,DB13733,drug,Methylpentynol,DrugBank
20364,DB13817,drug,Carbromal,DrugBank
20365,DB01153,drug,Sertaconazole,DrugBank
20366,DB00793,drug,Haloprogin,DrugBank
20367,DB00525,drug,Tolnaftate,DrugBank
20368,DB04815,drug,Clioquinol,DrugBank
20369,DB11117,drug,Undecylenic acid,DrugBank
20370,DB12086,drug,Oxitropium,DrugBank
20371,DB13239,drug,Neltenexine,DrugBank
20372,DB11739,drug,Vonoprazan,DrugBank
20373,DB13788,drug,Chlorbenzoxamine,DrugBank
20374,DB13419,drug,Troxipide,DrugBank
20375,DB06723,drug,Aluminum hydroxide,DrugBank
20376,DB09104,drug,Magnesium hydroxide,DrugBank
20377,DB09096,drug,Benzoyl peroxide,DrugBank
20378,DB04571,drug,Trioxsalen,DrugBank
20380,DB11152,drug,Trichloroacetate,DrugBank
20381,DB14086,drug,Cianidanol,DrugBank
20382,DB14020,drug,Benzoin,DrugBank
20384,DB09248,drug,Mebanazine,DrugBank
20385,DB09247,drug,Iproclozide,DrugBank
20386,DB12930,drug,Opipramol,DrugBank
20387,DB08998,drug,Demexiptiline,DrugBank
20388,DB13411,drug,Lofepramine,DrugBank
20389,DB09254,drug,Caroxazone,DrugBank
20393,DB00460,drug,Verteporfin,DrugBank
20394,DB09355,drug,Sulfabenzamide,DrugBank
20396,DB13231,drug,Calcium lactate,DrugBank
20397,DB01783,drug,Pantothenic acid,DrugBank
20398,DB00355,drug,Aztreonam,DrugBank
20401,DB01421,drug,Paromomycin,DrugBank
20402,DB00330,drug,Ethambutol,DrugBank
20403,DB13595,drug,Almasilate,DrugBank
20404,DB09324,drug,Sulbactam,DrugBank
20405,DB00258,drug,Calcium acetate,DrugBank
20406,DB01603,drug,Meticillin,DrugBank
20407,DB01172,drug,Kanamycin,DrugBank
20409,DB09320,drug,Procaine benzylpenicillin,DrugBank
20410,DB00948,drug,Mezlocillin,DrugBank
20411,DB01602,drug,Bacampicillin,DrugBank
20412,DB00479,drug,Amikacin,DrugBank
20413,DB01061,drug,Azlocillin,DrugBank
20414,DB01331,drug,Cefoxitin,DrugBank
20415,DB01607,drug,Ticarcillin,DrugBank
20416,DB01265,drug,Telbivudine,DrugBank
20417,DB11110,drug,Magnesium citrate,DrugBank
20418,DB00684,drug,Tobramycin,DrugBank
20419,DB00326,drug,Calcium glucoheptonate,DrugBank
20420,DB11264,drug,Calcium glycerophosphate,DrugBank
20421,DB00828,drug,Fosfomycin,DrugBank
20422,DB13092,drug,Meclocycline,DrugBank
20423,DB02362,drug,Aminobenzoic acid,DrugBank
20424,DB09281,drug,Magnesium trisilicate,DrugBank
20427,DB01432,drug,Cholestyramine,DrugBank
20428,DB00314,drug,Capreomycin,DrugBank
20429,DB00803,drug,Colistin,DrugBank
20431,DB09115,drug,Diiodohydroxyquinoline,DrugBank
20433,DB00362,drug,Anidulafungin,DrugBank
20434,DB00488,drug,Altretamine,DrugBank
20436,DB09357,drug,Dexpanthenol,DrugBank
20437,DB06768,drug,Ammonium lactate,DrugBank
20438,DB11576,drug,Ferric oxide,DrugBank
20439,DB00249,drug,Idoxuridine,DrugBank
20440,DB11620,drug,Neridronic Acid,DrugBank
20442,DB11656,drug,Rebamipide,DrugBank
20443,DB13507,drug,Poldine,DrugBank
20444,DB13695,drug,Penthienate,DrugBank
20445,DB11964,drug,Ilaprazole,DrugBank
20446,DB13387,drug,Hematin,DrugBank
20447,DB11089,drug,Docusate,DrugBank
20448,DB13262,drug,Aceclidine,DrugBank
20449,DB13317,drug,Flunoxaprofen,DrugBank
20450,DB13527,drug,Proglumetacin,DrugBank
20451,DB04812,drug,Benoxaprofen,DrugBank
20452,DB12233,drug,Iguratimod,DrugBank
20453,DB13481,drug,Tenidap,DrugBank
20454,DB00410,drug,Mupirocin,DrugBank
20455,DB13841,drug,Clopenthixol,DrugBank
20457,DB12017,drug,Ozagrel,DrugBank
20458,DB00885,drug,Pemirolast,DrugBank
20459,DB12846,drug,Reproterol,DrugBank
20462,DB13640,drug,Acetoxolone,DrugBank
20463,DB13808,drug,Mebhydrolin,DrugBank
20464,DB14640,drug,Isoflupredone acetate,DrugBank
20465,DB13713,drug,Quifenadine,DrugBank
20466,DB04897,drug,Lucinactant,DrugBank
20467,DB09114,drug,Colfosceril palmitate,DrugBank
20468,DB09494,drug,Cetyl alcohol,DrugBank
20469,DB06415,drug,Calfactant,DrugBank
20470,DB09113,drug,Poractant alfa,DrugBank
20471,DB06761,drug,Beractant,DrugBank
20472,DB00581,drug,Lactulose,DrugBank
20473,DB00791,drug,Uracil mustard,DrugBank
20474,DB13896,drug,Talimogene laherparepvec,DrugBank
20475,DB12225,drug,Beclabuvir,DrugBank
20476,DB11929,drug,Vaniprevir,DrugBank
20477,DB06683,drug,Clevudine,DrugBank
20478,DB00442,drug,Entecavir,DrugBank
20479,DB13218,drug,Mandelic acid,DrugBank
20480,DB09050,drug,Ceftolozane,DrugBank
20481,DB01139,drug,Cefapirin,DrugBank
20482,DB13475,drug,Furazidin,DrugBank
20483,DB09335,drug,Alatrofloxacin,DrugBank
20484,DB13730,drug,Nifurtoinol,DrugBank
20485,DB01150,drug,Cefprozil,DrugBank
20486,DB00049,drug,Rasburicase,DrugBank
20487,DB08941,drug,Isoxsuprine,DrugBank
20488,DB09208,drug,Pegloticase,DrugBank
20489,DB13551,drug,Cinchophen,DrugBank
20490,DB13608,drug,Tiocarlide,DrugBank
20491,DB08993,drug,Enviomycin,DrugBank
20492,DB12829,drug,Amithiozone,DrugBank
20494,DB13368,drug,Motretinide,DrugBank
20495,DB12924,drug,Ozenoxacin,DrugBank
20496,DB12447,drug,Nadifloxacin,DrugBank
20497,DB04145,drug,Nicotinyl alcohol,DrugBank
20499,DB09152,drug,Nitrogen,DrugBank
20500,DB13376,drug,Succinimide,DrugBank
20501,DB08887,drug,Icosapent ethyl,DrugBank
20503,DB06724,drug,Calcium carbonate,DrugBank
20504,DB13365,drug,Calcium lactate gluconate,DrugBank
20505,DB13463,drug,Oxetorone,DrugBank
20506,DB11634,drug,Colestilan chloride,DrugBank
20507,DB13852,drug,Mefenorex,DrugBank
20508,DB01550,drug,Fenproporex,DrugBank
20509,DB12459,drug,Belotecan,DrugBank
20510,DB09055,drug,Acipimox,DrugBank
20511,DB15066,drug,Givosiran,DrugBank
20513,DB12412,drug,Gemigliptin,DrugBank
20514,DB11824,drug,Tofogliflozin,DrugBank
20515,DB12214,drug,Luseogliflozin,DrugBank
20516,DB15323,drug,Trelagliptin,DrugBank
20517,DB11698,drug,Ipragliflozin,DrugBank
20518,DB11950,drug,Teneligliptin,DrugBank
20519,DB12417,drug,Anagliptin,DrugBank
20520,DB11992,drug,Omarigliptin,DrugBank
20521,DB12625,drug,Evogliptin,DrugBank
20522,DB15071,drug,Omidenepag isopropyl,DrugBank
20523,DB13247,drug,Pramiracetam,DrugBank
20524,DB01243,drug,Chloroxine,DrugBank
20525,DB00971,drug,Selenium Sulfide,DrugBank
20526,DB15580,drug,Climbazole,DrugBank
20527,DB09350,drug,Piperonyl butoxide,DrugBank
20528,DB00265,drug,Crotamiton,DrugBank
20529,DB13268,drug,Acetarsol,DrugBank
20530,DB12780,drug,Quinfamide,DrugBank
20531,DB14638,drug,Diloxanide furoate,DrugBank
20532,DB12713,drug,Sotagliflozin,DrugBank
20533,DB13694,drug,Distigmine,DrugBank
20534,DB12184,drug,Gepirone,DrugBank
20535,DB01527,drug,Clortermine,DrugBank
20536,DB08902,drug,Raxibacumab,DrugBank
20537,DB05336,drug,Obiltoxaximab,DrugBank
20538,DB08913,drug,Radium Ra 223 dichloride,DrugBank
20539,DB09146,drug,Iron sucrose,DrugBank
20540,DB12975,drug,Pyronaridine,DrugBank
20541,DB06810,drug,Plicamycin,DrugBank
20542,DB09370,drug,Sodium phosphate P 32,DrugBank
20543,DB13727,drug,Azapetine,DrugBank
20544,DB11622,drug,Dehydrocholic acid,DrugBank
20546,DB04823,drug,Oxyphenisatin,DrugBank
20547,DB14627,drug,Oxyphenisatin acetate,DrugBank
20548,DB13618,drug,Ipriflavone,DrugBank
20549,DB09267,drug,Strontium ranelate,DrugBank
20550,DB13827,drug,Indanazoline,DrugBank
20551,DB13614,drug,Metizoline,DrugBank
20552,DB03209,drug,Oteracil,DrugBank
20553,DB13550,drug,Bifemelane,DrugBank
20554,DB13588,drug,Naftidrofuryl,DrugBank
20555,DB06794,drug,Lodoxamide,DrugBank
20556,DB00003,drug,Dornase alfa,DrugBank
20557,DB13521,drug,Alipogene tiparvovec,DrugBank
20558,DB13684,drug,Omoconazole,DrugBank
20559,DB13489,drug,Bamipine,DrugBank
20560,DB13676,drug,Mosapramine,DrugBank
20561,DB13403,drug,Oxypertine,DrugBank
20562,DB09041,drug,Tavaborole,DrugBank
20563,DB09040,drug,Efinaconazole,DrugBank
20564,DB09259,drug,Reviparin,DrugBank
20565,DB09051,drug,Elosulfase alfa,DrugBank
20566,DB11063,drug,Polysorbate 80,DrugBank
20567,DB01839,drug,Propylene glycol,DrugBank
20568,DB06811,drug,Polidocanol,DrugBank
20569,DB11431,drug,Moxidectin,DrugBank
20571,DB12354,drug,Imrecoxib,DrugBank
20572,DB13363,drug,Oxaceprol,DrugBank
20573,DB12399,drug,Polmacoxib,DrugBank
20574,DB12749,drug,Butylphthalide,DrugBank
20575,DB13668,drug,Ipidacrine,DrugBank
20576,DB08876,drug,Taliglucerase alfa,DrugBank
20577,DB00088,drug,Alglucerase,DrugBank
20578,DB12833,drug,Tandospirone,DrugBank
20579,DB06014,drug,Eteplirsen,DrugBank
20580,DB13140,drug,Bezlotoxumab,DrugBank
20581,DB00919,drug,Spectinomycin,DrugBank
20582,DB12388,drug,Evocalcet,DrugBank
20585,DB12554,drug,Mebeverine,DrugBank
20586,DB09077,drug,Dinutuximab,DrugBank
20587,DB13434,drug,Fenticonazole,DrugBank
20588,DB00251,drug,Terconazole,DrugBank
20589,DB12148,drug,Menatetrenone,DrugBank
20590,DB05288,drug,Anecortave acetate,DrugBank
20591,DB13313,drug,Melevodopa,DrugBank
20592,DB06760,drug,Sacrosidase,DrugBank
20593,DB06219,drug,Dalbavancin,DrugBank
20594,DB05659,drug,Faropenem medoxomil,DrugBank
20595,DB12190,drug,Faropenem,DrugBank
20596,DB12230,drug,Bunazosin,DrugBank
20597,DB11800,drug,Tivozanib,DrugBank
20598,DB13316,drug,Ibopamine,DrugBank
20599,DB01178,drug,Chlormezanone,DrugBank
20600,DB13457,drug,Oxaflozane,DrugBank
20601,DB13522,drug,Mebicar,DrugBank
20602,DB03404,drug,Hemin,DrugBank
20603,DB11701,drug,Amenamevir,DrugBank
20604,DB00053,drug,Imiglucerase,DrugBank
20605,DB01230,drug,Pemoline,DrugBank
20606,DB12834,drug,Secnidazole,DrugBank
20607,DB09081,drug,Idebenone,DrugBank
20608,DB15293,drug,Epalrestat,DrugBank
20609,DB11696,drug,Racecadotril,DrugBank
20610,DB13752,drug,Tetramethrin,DrugBank
20611,DB08823,drug,Spinosad,DrugBank
20612,DB13388,drug,Phenylmercuric nitrate,DrugBank
20613,DB08961,drug,Azosemide,DrugBank
20614,DB15575,drug,Padeliporfin,DrugBank
20616,DB12864,drug,Melarsoprol,DrugBank
20617,DB09010,drug,Carmofur,DrugBank
20618,DB06149,drug,Teicoplanin,DrugBank
20619,DB13311,drug,Trepibutone,DrugBank
20620,DB00632,drug,Docosanol,DrugBank
20621,DB00299,drug,Penciclovir,DrugBank
20622,DB11812,drug,Talaporfin,DrugBank
20625,DB13717,drug,Phenothrin,DrugBank
20626,DB06272,drug,Maxacalcitol,DrugBank
20627,DB13236,drug,Stibophen,DrugBank
20628,DB00085,drug,Pancrelipase,DrugBank
20629,DB13515,drug,Levomethadone,DrugBank
20630,DB14655,drug,Drostanolone propionate,DrugBank
20631,DB14012,drug,Burosumab,DrugBank
20632,DB03843,drug,Formaldehyde,DrugBank
20633,DB13597,drug,Moroxydine,DrugBank
20634,DB06614,drug,Peramivir,DrugBank
20635,DB11888,drug,Laninamivir octanoate,DrugBank
20636,DB13659,drug,Tenonitrozole,DrugBank
20637,DB13302,drug,Hachimycin,DrugBank
20638,DB09144,drug,Uridine triacetate,DrugBank
20639,DB03808,drug,Hexamidine,DrugBank
20640,DB13671,drug,Sulbentine,DrugBank
20641,DB12661,drug,Urapidil,DrugBank
20642,DB12281,drug,Luspatercept,DrugBank
20643,DB11630,drug,Temoporfin,DrugBank
20644,DB13764,drug,Monoxerutin,DrugBank
20645,DB11989,drug,Benznidazole,DrugBank
20646,DB11608,drug,Eftrenonacog alfa,DrugBank
20647,DB00090,drug,Laronidase,DrugBank
20648,DB12867,drug,Benperidol,DrugBank
20649,DB12366,drug,Vestronidase alfa,DrugBank
20650,DB06783,drug,Prussian blue,DrugBank
20651,DB11563,drug,Sebelipase alfa,DrugBank
20652,DB12863,drug,Sivelestat,DrugBank
20653,DB13161,drug,Nusinersen,DrugBank
21961,55315,gene/protein,SLC29A3,NCBI
21964,151556,gene/protein,GPR155,NCBI
21967,406967,gene/protein,MIR192,NCBI
21968,641371,gene/protein,ACOT1,NCBI
21969,284058,gene/protein,KANSL1,NCBI
21971,23316,gene/protein,CUX2,NCBI
21972,51738,gene/protein,GHRL,NCBI
21973,54805,gene/protein,CNNM2,NCBI
21974,57531,gene/protein,HACE1,NCBI
21975,91801,gene/protein,ALKBH8,NCBI
21976,200424,gene/protein,TET3,NCBI
21977,221692,gene/protein,PHACTR1,NCBI
21978,348980,gene/protein,HCN1,NCBI
21981,406987,gene/protein,MIR204,NCBI
21982,6334,gene/protein,SCN8A,NCBI
21983,131669,gene/protein,UROC1,NCBI
21984,6369,gene/protein,CCL24,NCBI
21986,25805,gene/protein,BAMBI,NCBI
21987,93649,gene/protein,MYOCD,NCBI
21989,406912,gene/protein,MIR125B2,NCBI
21990,406991,gene/protein,MIR21,NCBI
21991,9332,gene/protein,CD163,NCBI
21992,136259,gene/protein,KLF14,NCBI
21994,4883,gene/protein,NPR3,NCBI
21996,51201,gene/protein,ZDHHC2,NCBI
21999,5368,gene/protein,PNOC,NCBI
22000,9365,gene/protein,KL,NCBI
22001,11255,gene/protein,HRH3,NCBI
22002,50632,gene/protein,CALY,NCBI
22004,57084,gene/protein,SLC17A6,NCBI
22007,56172,gene/protein,ANKH,NCBI
22009,132884,gene/protein,EVC2,NCBI
22013,54210,gene/protein,TREM1,NCBI
22017,55532,gene/protein,SLC30A10,NCBI
22018,84947,gene/protein,SERAC1,NCBI
22019,5172,gene/protein,SLC26A4,NCBI
22021,7007,gene/protein,TECTA,NCBI
22023,64072,gene/protein,CDH23,NCBI
22024,65217,gene/protein,PCDH15,NCBI
22036,493856,gene/protein,CISD2,NCBI
22038,4923,gene/protein,NTSR1,NCBI
22039,9177,gene/protein,HTR3B,NCBI
22042,6336,gene/protein,SCN10A,NCBI
22043,9607,gene/protein,CARTPT,NCBI
22044,11280,gene/protein,SCN11A,NCBI
22045,1907,gene/protein,EDN2,NCBI
22047,80216,gene/protein,ALPK1,NCBI
22048,6415,gene/protein,SELENOW,NCBI
22049,57282,gene/protein,SLC4A10,NCBI
22050,80816,gene/protein,ASXL3,NCBI
22051,340533,gene/protein,NEXMIF,NCBI
22052,59272,gene/protein,ACE2,NCBI
22055,345895,gene/protein,RSPH4A,NCBI
22056,85480,gene/protein,TSLP,NCBI
22057,406919,gene/protein,MIR130A,NCBI
22058,406937,gene/protein,MIR145,NCBI
22059,406947,gene/protein,MIR155,NCBI
22062,1773,gene/protein,DNASE1,NCBI
22063,94025,gene/protein,MUC16,NCBI
22065,10561,gene/protein,IFI44,NCBI
22068,80034,gene/protein,CSRNP3,NCBI
22075,100506658,gene/protein,OCLN,NCBI
22076,114907,gene/protein,FBXO32,NCBI
22077,374569,gene/protein,ASPG,NCBI
22078,338442,gene/protein,HCAR2,NCBI
22080,338811,gene/protein,TAFA2,NCBI
22081,140767,gene/protein,NRSN1,NCBI
22082,81693,gene/protein,AMN,NCBI
22083,79602,gene/protein,ADIPOR2,NCBI
22084,5158,gene/protein,PDE6B,NCBI
22085,84839,gene/protein,RAX2,NCBI
22086,114902,gene/protein,C1QTNF5,NCBI
22088,100048912,gene/protein,CDKN2B-AS1,NCBI
22089,134218,gene/protein,DNAJC21,NCBI
22090,10060,gene/protein,ABCC9,NCBI
22091,92667,gene/protein,MGME1,NCBI
22092,121278,gene/protein,TPH2,NCBI
22094,653361,gene/protein,NCF1,NCBI
22095,54714,gene/protein,CNGB3,NCBI
22097,162417,gene/protein,NAGS,NCBI
22098,84634,gene/protein,KISS1R,NCBI
22099,51733,gene/protein,UPB1,NCBI
22100,8622,gene/protein,PDE8B,NCBI
22101,85358,gene/protein,SHANK3,NCBI
22102,6335,gene/protein,SCN9A,NCBI
22103,59340,gene/protein,HRH4,NCBI
22104,57700,gene/protein,FAM160B1,NCBI
22105,151306,gene/protein,GPBAR1,NCBI
22106,5732,gene/protein,PTGER2,NCBI
22112,7055,gene/protein,THAS,NCBI
22113,83879,gene/protein,CDCA7,NCBI
22114,7547,gene/protein,ZIC3,NCBI
22116,57582,gene/protein,KCNT1,NCBI
27219,7794_9239_9223_13912_13961_7844_13946_14105_13910_14102_12880_14461_9482_30010_14107_13914_10635_14106_13911_12528_13926_13913_12988_14103_13915,disease,hypogonadotropic hypogonadism with or without anosmia,MONDO_grouped
27248,12945_11691_12077_8780_11196_27694_11951_10459_11223_11632_14223_12790_12753_13715_7103_13264_13891_14181_4976_5145_11952,disease,amyotrophic lateral sclerosis,MONDO_grouped
27249,10615_13006_8250_32569_9876_32567,disease,isolated growth hormone deficiency,MONDO_grouped
27275,7039_7245_18975_21061_8075,disease,neurofibromatosis,MONDO_grouped
27285,10619_10358_20720,disease,hereditary hypophosphatemic rickets,MONDO_grouped
27286,30105_18116,disease,galactosemia,MONDO_grouped
27292,9294_13291_10598_13091_10362_9868_9295_9293_9290_9291_2413_2412,disease,glycogen storage disease,MONDO_grouped
27304,10674_9659_9660_9661_11093_9662_16316_16315_18937_18938_1586_19249_19302_17171_17172,disease,mucopolysaccharidosis,MONDO_grouped
27355,11760,disease,Scheie syndrome,MONDO
27361,10604_10602_15720_15719_18660_15721_15715_15716_15717,disease,hemophilia,MONDO_grouped
27366,7126_8468_24512_13192,disease,"spondyloarthropathy, susceptibility to",MONDO_grouped
27421,100151_9066_18467,disease,nephropathic cystinosis,MONDO_grouped
27430,11871_11873_9757_9756_18982_1982_20384,disease,Niemann-Pick disease,MONDO_grouped
27446,10162_10160_10161_4741,disease,tyrosinemia,MONDO_grouped
27452,14394_13217_32668_12529_32669_44309_12937_13216_13964_12938_12925_7110_14245_12924_60662_32670_44310_12939_15253_11636,disease,Diamond-Blackfan anemia,MONDO_grouped
27478,8369_11422_9967_8368_15827_17828_1909_18440_17829,disease,renal tubular acidosis,MONDO_grouped
27502,9387,disease,familial lipoprotein lipase deficiency,MONDO
27522,14143_11531_14693_13186_8104_12371_14691_13379_12690_32786_12547_32839_33669_18997,disease,Noonan syndrome,MONDO_grouped
27527,31332_100326_31009,disease,Glanzmann thrombasthenia,MONDO_grouped
27581,8668_13304_10191_15628_15629_15630_15631,disease,von Willebrand disease,MONDO_grouped
27591,8055_9715_9710,disease,myotonia congenita,MONDO_grouped
27609,8300,disease,Prader-Willi syndrome,MONDO
27610,9692,disease,primary myelofibrosis,MONDO
27626,10120_8555_14837_8556_30867_14536_12775_10743_2049_4680,disease,thrombocytopenia,MONDO_grouped
27629,11822_100344_9424_909_10503_11242_15231,disease,Bartter disease,MONDO_grouped
27647,7078_12911_12912_8749_11301_19992_16165_1220,disease,hypoparathyroidism,MONDO_grouped
27648,8733,disease,familial glucocorticoid deficiency,MONDO
27656,13361,disease,congenital prothrombin deficiency,MONDO
27664,12197,disease,idiopathic aplastic anemia,MONDO
27670,7345,disease,aorta coarctation,MONDO
27684,9329_20713_9937,disease,pulmonary venoocclusive disease,MONDO_grouped
27692,16848_8538,disease,temporal arteritis,MONDO_grouped
27700,13433_18646_18647,disease,sclerosing cholangitis,MONDO_grouped
27710,19438,disease,AL amyloidosis,MONDO
27718,7681,disease,"goiter, multinodular 1, with or without Sertoli-Leydig cell tumors",MONDO
27741,19617,disease,pituitary deficiency due to empty sella turcica syndrome,MONDO
27755,18637,disease,familial chylomicronemia syndrome,MONDO
27770,15529,disease,paroxysmal Hemicrania,MONDO
27810,19210,disease,cutaneous neuroendocrine carcinoma,MONDO
27843,8294,disease,acute intermittent porphyria,MONDO
27857,8542,disease,tetralogy of fallot,MONDO
27869,13187_13190,disease,"factor XIII, A subunit, deficiency",MONDO_grouped
27878,10264,disease,X-linked adrenal hypoplasia congenita,MONDO
27894,11759,disease,Hurler-Scheie syndrome,MONDO
27913,10819_11370_19353,disease,Stargardt disease,MONDO_grouped
27921,7743,disease,attention deficit-hyperactivity disorder,MONDO
27925,7847,disease,keloid formation,MONDO
27932,9176,disease,epidermodysplasia verruciformis,MONDO
27933,8187_2050_5618_5451_5371_100081_5383_1942_1098_3265_11924_12384,disease,anxiety disorder,MONDO_grouped
27950,10438_14166_19533_100245_100243_100244,disease,paroxysmal nocturnal hemoglobinuria,MONDO_grouped
27985,10910_10941_22,disease,nocturnal enuresis,MONDO_grouped
28005,10632_33369_33371_10472_14477_32598_10396_32768_33361_13389_14859_14392_33373_32752_32657_14593_32663_14947_13388_14377_32808_14895_30059_13387_32880_33363_32678_13989_33366_10375_13277_33362_14917_14921_14933_14942_30054_14607_14595_14133_33370_14201_32918_14949_32813_14533_14598_10246_33368_15025_14371_54845_14360_13056_13801_14718_14719_32812_32858_30072_14505_14199_14003_14328_15000_33367_33372_15002_12245_30856_32710_32725_33364_33365_14868_29138_32822_12812_32895_14625_34106_33374_100079_14916_14647_100062_25353,disease,developmental and epileptic encephalopathy,MONDO_grouped
28017,11845_12441_11851_11847_8000_12440_11850_12715_100246_13344_12210_12303_12331,disease,"migraine with or without aura, susceptibility to",MONDO_grouped
28052,13412_13200_12112_7268_11843_13474_13475_13477_10946_12799_8647_12804_13455_14883_13852_13197_7267_13195_12111_13369_7266_13476_5045,disease,hypertrophic cardiomyopathy,MONDO_grouped
28059,14695_24498_13093_100242_13092_11800_13094_13095_13096_13097,disease,glioma susceptibility,MONDO_grouped
28128,11592_7589_33123_13218_14652_11151_19516,disease,exudative vitreoretinopathy,MONDO_grouped
28149,20751_5469_15914_21272,disease,orthostatic hypotension,MONDO_grouped
28158,9960_12845_33643_11471_12831_12875_12941_13153_8617_54849_5265_12832_12610_12840_11087_11521_11661_11699_11700_11701_12040_12829_12837_12838_12841_12852_12886_12887_12940_12973_13012,disease,inflammatory bowel disease,MONDO_grouped
28175,8768_9745_8769_14147_12588_9744_10830_12188_13866_11144_12414_8767_8083_19260_19262_16295,disease,neuronal ceroid lipofuscinosis,MONDO_grouped
28194,8364,disease,Raynaud disease,MONDO
28197,8455_9673_10056_9672_11585_11436_9669_19079_1516_16224_14753_18218,disease,spinal muscular atrophy,MONDO_grouped
28208,5148,disease,type 2 diabetes mellitus,MONDO
28249,7440_10648_12685_694_12881_12319_12642_12686_12877_12882,disease,major affective disorder,MONDO_grouped
28262,33281_8263_33004_13131_9889_4691_20642,disease,polycystic kidney disease,MONDO_grouped
28265,7798_9428_18570,disease,hypophosphatasia,MONDO_grouped
28313,5090_13498_8414_10897_33312_10943_11552_14092_12054_11960_11280_11294_11295_11298_11307_11498_12879_13089_13506,disease,schizophrenia,MONDO_grouped
28332,8450_15304,disease,arachnoiditis,MONDO_grouped
28347,16419,disease,hereditary breast carcinoma,MONDO
28374,7186,disease,gastroesophageal reflux disease,MONDO
28375,14250,disease,familial hyperprolactinemia,MONDO
28391,13652_12179_8062_21107,disease,narcolepsy,MONDO_grouped
28396,7803,disease,multiple system atrophy,MONDO
28402,9549,disease,severe early-childhood-onset retinal dystrophy,MONDO
28407,9417_18555,disease,hypogonadotropic hypogonadism,MONDO_grouped
28414,11895,disease,idiopathic hypereosinophilic syndrome,MONDO
28426,12552_8234_8082_7540_19003_17169,disease,multiple endocrine neoplasia,MONDO_grouped
28441,33946,disease,hereditary angioedema with C1Inh deficiency,MONDO
28448,8889,disease,thromboangiitis obliterans,MONDO
28455,17884,disease,papillary renal cell carcinoma,MONDO
28456,10356,disease,nephrogenic syndrome of inappropriate antidiuresis,MONDO
28473,8243,disease,Pick disease,MONDO
28478,7179,disease,autoimmune disease,MONDO
28482,13225_12923_12071_10020_6536,disease,congenital generalized lipodystrophy,MONDO_grouped
28490,20747_20748_8863,disease,sitosterolemia,MONDO_grouped
28502,11908_18871_20311,disease,myelomonocytic leukemia,MONDO_grouped
28518,10204,disease,lysosomal acid lipase deficiency,MONDO
28520,18874_4643,disease,myeloid leukemia,MONDO_grouped
28536,8554_13794_11173_5029_10301,disease,thrombocythemia,MONDO_grouped
28542,7950,disease,mastocytosis,MONDO
28547,11764_11658_13625_8199_14604_11613_14233_11562_8200_14796_17279_5180_6966_828_10796_10360_11737_13167,disease,Parkinson disease,MONDO_grouped
28550,8956_15674_19261,disease,infantile neuronal ceroid lipofuscinosis,MONDO_grouped
28552,11123_12919_7454_5147_10861_10862_10863_10864_10950_11016_11033_11068_11167_11168_11302_11572_12422_12920_12921_12961_13078,disease,type 1 diabetes mellitus,MONDO_grouped
28579,11758,disease,Hurler syndrome,MONDO
28640,7763,disease,nonpapillary renal cell carcinoma,MONDO
28651,19182,disease,monogenic obesity,MONDO
28673,9211,disease,congenital factor VII deficiency,MONDO
28714,9061,disease,cystic fibrosis,MONDO
28745,8054_16367_1907,disease,dermatomyositis,MONDO_grouped
28756,7559_12304_12305,disease,photoparoxysmal response,MONDO_grouped
28764,10030,disease,Sjogren syndrome,MONDO
28772,9266_9265_9267_18150,disease,Gaucher disease,MONDO_grouped
28780,11913_7088_11743_12153_7089_11194_12321_15140_4975_11561_11647_11777_12344_12609_12630_12631_14265_10422_14036_14316_100088,disease,Alzheimer disease,MONDO_grouped
28801,14231,disease,juvenile onset Parkinson disease 19A,MONDO
28811,9067_19745_19746,disease,cystinuria,MONDO_grouped
28813,18881,disease,myelodysplastic syndrome,MONDO
28830,13108_7190_12318_12934_12935_12936_13109,disease,"leukemia, lymphocytic, susceptibility to",MONDO_grouped
28849,5575,disease,colorectal cancer,MONDO
28851,7708,disease,Kasabach-Merritt syndrome,MONDO
28861,24266_14878_11827,disease,patent ductus arteriosus,MONDO_grouped
28869,11285_13406_12767_12540_7932_14189_3004_5150_5417_14207_12659_14266_13420_13409_12419_13416_12674_100114,disease,macular degeneration,MONDO_grouped
28873,8679_11112_14779_11056_8680_8683_6058,disease,Wilms tumor,MONDO_grouped
28899,8114_1158,disease,obsessive-compulsive disorder,MONDO_grouped
28900,10188,disease,familial isolated deficiency of vitamin E,MONDO
28920,10274_10108,disease,testicular germ cell tumor,MONDO_grouped
28921,11382,disease,sickle cell anemia,MONDO
28974,10709,disease,early-onset parkinsonism-intellectual disability syndrome,MONDO
28977,9050,disease,Cushing disease due to pituitary adenoma,MONDO
29034,9377,disease,hyperammonemia due to N-acetylglutamate synthase deficiency,MONDO
29061,10888,disease,endometriosis of uterus,MONDO
29075,8559_8560_2305,disease,thrombophilia,MONDO_grouped
29078,8383,disease,rheumatoid arthritis,MONDO
29089,18945,disease,McLeod neuroacanthocytosis syndrome,MONDO
29113,12819,disease,diabetic ketoacidosis,MONDO
29118,9891,disease,acquired polycythemia vera,MONDO
29134,60729_8319_1676,disease,erythropoietic protoporphyria,MONDO_grouped
29161,11337_11336_13135_9974_12146_15541_15542_33557,disease,hemophagocytic lymphohistiocytosis,MONDO_grouped
29173,8433,disease,small cell lung carcinoma,MONDO
29175,10138,disease,thyrotoxicosis,MONDO
29182,7915,disease,systemic lupus erythematosus (disease),MONDO
29186,9376,disease,carbamoyl phosphate synthetase I deficiency disease,MONDO
29194,11719,disease,gastrointestinal stromal tumor,MONDO
29220,14412_7761_7762_18473_37748,disease,hyperlipoproteinemia,MONDO_grouped
29229,11129_9277_5041,disease,glaucoma,MONDO_grouped
29244,7448,disease,familial dermatographia,MONDO
29273,8143_7704_11923_12893_12894_12568,disease,osteoarthritis susceptibility,MONDO_grouped
29275,6277_11705,disease,lymphangioleiomyomatosis,MONDO_grouped
29339,11653_14681_14682_8566_8567,disease,"thyroid cancer, nonmedullary",MONDO_grouped
29352,8090,disease,cyclic hematopoiesis,MONDO
29361,12883,disease,acute promyelocytic leukemia,MONDO
29375,10150_4958_5096_6082_500_514,disease,squamous cell carcinoma,MONDO_grouped
29387,24570_7767_6964_1530_1741_10837_16166_12406_21132,disease,hyperparathyroidism,MONDO_grouped
29402,7576,disease,esophageal cancer,MONDO
29408,11601,disease,neonatal intrahepatic cholestasis due to citrin deficiency,MONDO
29448,9412,disease,scurvy,MONDO
29528,8231,disease,Peyronie disease,MONDO
29587,7116,disease,hereditary neurocutaneous angioma,MONDO
29606,7834,disease,islet cell adenomatosis,MONDO
29614,5298,disease,osteoporosis,MONDO
29637,10911_3430_6388,disease,prolactin producing pituitary gland tumor,MONDO_grouped
29646,7256_18902_16216_3243,disease,hepatocellular carcinoma,MONDO_grouped
29652,11487_11299_11671_15548,disease,Huntington disease-like,MONDO_grouped
29689,7082_12551_5340,disease,alopecia areata,MONDO_grouped
29709,11292,disease,"dermatitis, atopic",MONDO
29715,10917_7319_1314,disease,chondrocalcinosis,MONDO_grouped
29749,12817,disease,Ewing sarcoma,MONDO
29771,6065_100345,disease,lactose intolerance,MONDO_grouped
29820,8228,disease,pernicious anemia,MONDO
29832,8814,disease,hyperargininemia,MONDO
29854,12526_15053_19623_15054,disease,hereditary angioedema,MONDO_grouped
29863,7896_4600_4614_875,disease,monocytic leukemia,MONDO_grouped
29865,16532,disease,Lennox-Gastaut syndrome,MONDO
29887,7972,disease,Meniere disease,MONDO
29894,7699,disease,Hashimoto thyroiditis,MONDO
29908,8303,disease,familial male-limited precocious puberty,MONDO
29945,1056,disease,gastric cancer,MONDO
29946,9824_13327_9823_2474,disease,primary hyperoxaluria,MONDO_grouped
29955,13276,disease,Reynolds syndrome,MONDO
29993,9348,disease,classic Hodgkin lymphoma,MONDO
30034,7759,disease,"hyperlipidemia, familial combined, LPL related",MONDO
30035,7079_2491_4938_2046_5367_5689_4456_5186,disease,substance abuse/dependence,MONDO_grouped
30039,11996,disease,"chronic myelogenous leukemia, BCR-ABL1 positive",MONDO
30073,9047,disease,cryptorchidism (disease),MONDO
30075,7243,disease,Burkitt lymphoma,MONDO
30093,9830,disease,parkinsonian-pyramidal syndrome,MONDO
30264,9519,disease,letterer-Siwe disease,MONDO
30276,9172,disease,enterocolitis (disease),MONDO
30317,9338,disease,hepatic veno-occlusive disease-immunodeficiency syndrome,MONDO
30324,11728,disease,blepharospasm,MONDO
30371,13517,disease,beta-thalassemia HBB/LCRB,MONDO
30373,8810,disease,familial apolipoprotein C-II deficiency,MONDO
30374,11751,disease,"COPD, severe early onset",MONDO
30382,20671,disease,obsolete susceptibility to ischemic stroke,MONDO
30447,11508,disease,"lymphoma, non-Hodgkin, familial",MONDO
30449,8599,disease,trigeminal neuralgia,MONDO
30459,8015,disease,motion sickness,MONDO
30471,12382_11153_9734,disease,"hyperinsulinemic hypoglycemia, familial",MONDO_grouped
30483,11776,disease,CINCA syndrome,MONDO
30486,8661,disease,vitiligo,MONDO
30491,7147,disease,obstructive sleep apnea syndrome,MONDO
30494,9693,disease,plasma cell myeloma,MONDO
30533,7706,disease,cavernous hemangiomas of face-supraumbilical midline raphe syndrome,MONDO
30602,8731,disease,familial adrenal hypoplasia with absent pituitary luteinizing hormone,MONDO
30612,10788,disease,Leber hereditary optic neuropathy,MONDO
30635,11744,disease,primary intraosseous venous malformation,MONDO
30654,4948_872_4963_20511_4947_814,disease,acute lymphoblastic/lymphocytic leukemia,MONDO_grouped
30661,8345,disease,idiopathic pulmonary fibrosis,MONDO
30664,18544_10247,disease,X-linked adrenoleukodystrophy,MONDO_grouped
30669,10311,disease,Becker muscular dystrophy,MONDO
30715,10198,disease,Wernicke-Korsakoff syndrome,MONDO
30725,6292,disease,malignant mesothelioma (disease),MONDO
30739,8089,disease,"neutropenia, chronic familial",MONDO
30741,8638,disease,varicose disease,MONDO
30749,12004_15075_5034_5075_24622_6467,disease,thyroid gland carcinoma,MONDO_grouped
30773,9572,disease,autosomal recessive familial Mediterranean fever,MONDO
30800,32920,disease,juvenile arthritis due to defect in LACC1,MONDO
30813,9410,disease,Addison disease,MONDO
30816,9877,disease,Laron syndrome,MONDO
30820,11927,disease,tufted angioma (disease),MONDO
30826,23122,disease,familial prostate carcinoma,MONDO
30827,11962,disease,endometrial cancer,MONDO
30829,8815,disease,argininosuccinic aciduria,MONDO
30877,9100,disease,IDDM 1,MONDO
30892,9971,disease,newborn respiratory distress syndrome,MONDO
30905,9528,disease,chylomicron retention disease,MONDO
30937,7727,disease,autosomal dominant familial periodic fever,MONDO
30967,8612_13199_19341_1734,disease,tuberous sclerosis,MONDO_grouped
30990,9691_15821_45071,disease,mycosis fungoides and variants,MONDO_grouped
31008,15243,disease,allergic bronchopulmonary aspergillosis,MONDO
31033,11559_9469_19008,disease,benign recurrent intrahepatic cholestasis,MONDO_grouped
31072,9468,disease,pseudotumor cerebri,MONDO
31107,2974,disease,cervical cancer,MONDO
31116,8903,disease,lung cancer,MONDO
31122,8233,disease,phaeochromocytoma,MONDO
31137,9394,disease,juvenile Paget disease,MONDO
31144,7193_5388_13079_13080_13636_13637,disease,primary biliary cholangitis,MONDO_grouped
31176,10962_7758_14622_19272_6588_18865_17667_17673_17672_44663,disease,palmoplantar keratoderma,MONDO_grouped
31181,11486_12279_19950_20121_23595_18281,disease,muscular dystrophy,MONDO_grouped
31208,11393_17773_32766,disease,hypoalphalipoproteinemia,MONDO_grouped
31245,7739,disease,Huntington disease,MONDO
31283,7661,disease,Tourette syndrome,MONDO
31298,9797,disease,orotic aciduria,MONDO
31348,10096,disease,tardive dyskinesia (disease),MONDO
31380,7648_5017,disease,diffuse gastric adenocarcinoma,MONDO_grouped
31384,10526,disease,Fabry disease,MONDO
31395,10811,disease,benign prostatic hyperplasia (disease),MONDO
31396,10029,disease,situs inversus,MONDO
31408,10482,disease,X-linked parkinsonism-spasticity syndrome,MONDO
31477,8170,disease,ovarian cancer,MONDO
31481,2629,disease,bone osteosarcoma,MONDO
31487,7947,disease,Marfan syndrome,MONDO
31493,11986_4982_5003_6515_3232,disease,pancreatitis,MONDO_grouped
31501,10939,disease,low phospholipid associated cholelithiasis,MONDO
31502,10200,disease,Wilson disease,MONDO
31511,8558_19098,disease,autoimmune thrombocytopenic,MONDO_grouped
31523,7781,disease,"essential hypertension, genetic",MONDO
31524,11479,disease,postural orthostatic tachycardia syndrome,MONDO
31531,9421,disease,"hypogonadism, male",MONDO
31541,8948,disease,cerebrotendinous xanthomatosis,MONDO
31630,19154,disease,androgen insensitivity syndrome,MONDO
31650,9688_18325,disease,myasthenia gravis,MONDO_grouped
31714,9879,disease,short stature due to growth hormone qualitative anomaly,MONDO
31723,20108_16450_19532,disease,autoimmune hemolytic anemia,MONDO_grouped
31732,9718,disease,myxedema,MONDO
31745,7690,disease,aromatase excess syndrome,MONDO
31756,1187,disease,urinary bladder cancer,MONDO
31768,12481,disease,mevalonic aciduria,MONDO
31790,12672,disease,cholelithiasis,MONDO
31850,8420,disease,seborrheic keratosis,MONDO
31864,12104_19599_19193_20089_27767_19194,disease,lipodystrophy,MONDO_grouped
31883,8380_3075,disease,retinoblastoma,MONDO_grouped
31912,20643,disease,autism susceptibility 1,MONDO
31918,9861_19259_16366_19258,disease,phenylketonuria,MONDO_grouped
31971,7958_17896,disease,familial thyroid carcinoma,MONDO_grouped
32012,9934,disease,congenital alveolar capillary dysplasia,MONDO
32033,13600,disease,insomnia (disease),MONDO
32090,9114,disease,congenital sucrase-isomaltase deficiency,MONDO
32100,7064,disease,adenosine deaminase deficiency,MONDO
32132,8988_16603_15991,disease,citrullinemia,MONDO_grouped
32149,10679,disease,Duchenne muscular dystrophy,MONDO
32194,11578,disease,familial papillary thyroid carcinoma with renal papillary neoplasia,MONDO
32202,18088,disease,familial Mediterranean fever,MONDO
32213,100280,disease,Waldenstrom macroglobulinemia,MONDO
32214,18177,disease,glioblastoma (disease),MONDO
32217,19591_5152,disease,hypopituitarism,MONDO_grouped
32220,19139,disease,acquired hemophilia,MONDO
32222,15403_15404_18715_18716,disease,congenital hemangioma,MONDO_grouped
32227,19137,disease,non-24-hour sleep-wake syndrome,MONDO
32228,16453,disease,foodborne botulism,MONDO
32241,15317,disease,laryngotracheal angioma,MONDO
32249,19136,disease,Zygomycosis,MONDO
32256,17858,disease,acute erythroid leukemia,MONDO
32272,5048,disease,pancreatic insulin-producing neuroendocrine tumor,MONDO
32283,15803,disease,wound botulism,MONDO
32284,15804,disease,infant botulism,MONDO
32290,15806_15805,disease,intestinal botulism,MONDO_grouped
32293,19111,disease,familial thrombocytosis,MONDO
32296,18854,disease,acquired purpura fulminans,MONDO
32306,19371,disease,narcolepsy without cataplexy,MONDO
32307,19373,disease,desmoplastic small round cell tumor,MONDO
32325,11429_19433,disease,juvenile idiopathic arthritis,MONDO_grouped
32326,19028,disease,amoebiasis due to Entamoeba histolytica,MONDO
32337,13099,disease,"combined pituitary hormone deficiencies, genetic form",MONDO
32354,15787_15788,disease,symptomatic form of hemophilia in female carriers,MONDO_grouped
32363,15445,disease,autosomal dominant coarctation of aorta,MONDO
32384,19801_15128_43370,disease,adrenal insufficiency,MONDO_grouped
32392,18182,disease,bullous impetigo,MONDO
32393,18183_5970,disease,staphylococcal pneumonia,MONDO_grouped
32456,18168_19033_18167,disease,cutis verticis gyrata,MONDO_grouped
32468,1945,disease,postencephalitic Parkinson disease,MONDO
32469,16239,disease,cystinosis,MONDO
32473,16778,disease,iatrogenic botulism,MONDO
32483,15796,disease,acute lung injury,MONDO
32484,16777,disease,inhalational botulism,MONDO
32494,5526,disease,tetanus,MONDO
32495,17989,disease,His bundle tachycardia,MONDO
32503,5459,disease,human African trypanosomiasis,MONDO
32504,1444,disease,Chagas disease,MONDO
32518,18068,disease,trisomy 13,MONDO
32520,20547_13730,disease,graft versus host disease,MONDO_grouped
32524,5761,disease,filarial elephantiasis,MONDO
32531,18876_6430,disease,mantle cell lymphoma,MONDO_grouped
32537,18956,disease,idiopathic bronchiectasis,MONDO
32563,18048,disease,heparin-induced thrombocytopenia (disease),MONDO
32584,17337,disease,inherited isolated adrenal insufficiency due to partial CYP11A1 deficiency,MONDO
32589,5055,disease,Kaposi's sarcoma (disease),MONDO
32593,15484,disease,cysticercosis,MONDO
32598,15474,disease,cryptosporidiosis,MONDO
32601,5724,disease,cryptococcosis,MONDO
32617,3582,disease,hereditary breast ovarian cancer syndrome,MONDO
32619,18056_6572_16767_43923_16769_16770,disease,lichen planus,MONDO_grouped
32621,18055,disease,pediatric hepatocellular carcinoma,MONDO
32622,6468,disease,thyroid gland undifferentiated (anaplastic) carcinoma,MONDO
32623,15686,disease,primary peritoneal carcinoma (disease),MONDO
32626,15766,disease,cholera,MONDO
32629,15762_17290_18804,disease,familial intrahepatic cholestasis,MONDO_grouped
32631,15564,disease,Castleman disease,MONDO
32635,20466,disease,monosomy X,MONDO
32636,18271,disease,peripheral primitive neuroectodermal tumor,MONDO
32649,18059_5373,disease,meningococcal infection,MONDO_grouped
32651,5706,disease,coccidioidomycosis,MONDO
32664,16426,disease,fusariosis,MONDO
32680,19148,disease,Wolman disease,MONDO
32692,19434,disease,systemic-onset juvenile idiopathic arthritis,MONDO
32702,15599_4768_25431,disease,keratoconjunctivitis,MONDO_grouped
32710,16595,disease,inhalational anthrax,MONDO
32719,44331_16408_19858_18612_16410_15792_16409,disease,congenital hypothyroidism,MONDO_grouped
32729,5498,disease,botulism,MONDO
32734,16823,disease,mycetoma,MONDO
32740,18425,disease,Huntington disease-like syndrome due to C9ORF72 expansions,MONDO
32746,18229,disease,Stevens-Johnson syndrome,MONDO
32759,17636,disease,hemiparkinsonism-hemiatrophy syndrome,MONDO
32760,11514,disease,tricuspid atresia (disease),MONDO
32764,15908,disease,chromomycosis,MONDO
32778,16829,disease,familial visceral myopathy,MONDO
32815,19444,disease,Trichinellosis,MONDO
32823,5715,disease,congenital toxoplasmosis,MONDO
32827,19514,disease,hepatic veno-occlusive disease,MONDO
32829,19499,disease,Turner syndrome,MONDO
32834,20333,disease,aggressive systemic mastocytosis,MONDO
32844,5272,disease,refractory anemia,MONDO
32847,19933,disease,acromegaly,MONDO
32856,19565,disease,hereditary von Willebrand disease,MONDO
32875,19610,disease,Zollinger-Ellison syndrome,MONDO
32877,6952,disease,retinopathy of prematurity,MONDO
32879,15290_1440,disease,neurotrophic keratopathy,MONDO_grouped
32899,19614,disease,pituitary deficiency due to Rathke's pouch cysts,MONDO
32905,19618,disease,Sheehan syndrome,MONDO
32909,15277,disease,medullary thyroid gland carcinoma,MONDO
32918,19085,disease,vernal keratoconjunctivitis,MONDO
32924,19086,disease,carcinoma of esophagus,MONDO
32930,19543,disease,acquired aneurysmal subarachnoid hemorrhage,MONDO
32932,5683,disease,brucellosis,MONDO
32949,19633,disease,relapsing fever,MONDO
32950,19632,disease,Lyme disease,MONDO
32959,19186,disease,Q fever,MONDO
32967,19338,disease,sarcoidosis,MONDO
32974,18321,disease,atypical juvenile parkinsonism,MONDO
32990,19165_88_15791_15714,disease,precocious puberty,MONDO_grouped
32999,19345,disease,shigellosis,MONDO
33003,19402_16486,disease,beta thalassemia,MONDO_grouped
33027,19340,disease,scleroderma (disease),MONDO
33064,2303_6948_6951_2089_41093_1630_1633_2088,disease,retinal artery occlusion,MONDO_grouped
33068,13024,disease,chronic thromboembolic pulmonary hypertension,MONDO
33077,4952,disease,Hodgkins lymphoma,MONDO
33089,11934_23273,disease,dermatofibrosarcoma protuberans,MONDO_grouped
33104,100347,disease,carcinoid syndrome,MONDO
33115,11876_10826,disease,absence epilepsy,MONDO_grouped
33125,16022,disease,early myoclonic encephalopathy,MONDO
33127,12521,disease,herpes simplex encephalitis,MONDO
33128,5136,disease,malaria,MONDO
33151,6906,disease,pigmented villonodular synovitis,MONDO
33158,19004_24675,disease,kidney Wilms tumor,MONDO_grouped
33166,50,disease,isolated congenital growth hormone deficiency,MONDO
33188,5072,disease,neuroblastoma,MONDO
33193,19095,disease,plague,MONDO
33206,19122_5749_44972_15927_4806_17363,disease,eosinophilic pneumonia,MONDO_grouped
33210,19121,disease,pneumocystosis,MONDO
33216,5657_240,disease,aspergillosis,MONDO_grouped
33225,5100,disease,systemic sclerosis,MONDO
33228,19562,disease,localized scleroderma,MONDO
33229,5629,disease,Acanthamoeba keratitis,MONDO
33232,19032,disease,X-linked intellectual disability with isolated growth hormone deficiency,MONDO
33241,18466,disease,hereditary late onset Parkinson disease,MONDO
33249,18301,disease,interstitial cystitis,MONDO
33276,18734,disease,verrucous hemangioma,MONDO
33292,5823,disease,legionellosis,MONDO
33293,5124,disease,leprosy,MONDO
33294,18906,disease,follicular lymphoma,MONDO
33296,17895,disease,familial papillary or follicular thyroid carcinoma,MONDO
33297,5828,disease,listeriosis,MONDO
33299,18328,disease,homozygous familial hypercholesterolemia,MONDO
33314,5825,disease,leptospirosis,MONDO
33316,11989_5446,disease,leishmaniasis,MONDO_grouped
33324,16158,disease,narcolepsy-cataplexy syndrome,MONDO
33327,18883,disease,Berardinelli-Seip congenital lipodystrophy,MONDO
33329,6941,disease,rat-bite fever,MONDO
33332,18077,disease,tularemia,MONDO
33334,17776,disease,nocardiosis,MONDO
33341,16621,disease,juvenile Huntington disease,MONDO
33347,16468,disease,toxin-mediated infectious botulism,MONDO
33350,15892,disease,growth hormone insensitivity syndrome,MONDO
33352,16372,disease,glossopharyngeal neuralgia,MONDO
33358,18097,disease,West syndrome,MONDO
33385,19203,disease,acute interstitial pneumonia,MONDO
33398,19101,disease,retinal capillary malformation,MONDO
33400,19100,disease,neuromyelitis optica,MONDO
33410,15614_6565,disease,dermatitis herpetiformis,MONDO_grouped
33434,16487,disease,beta-thalassemia intermedia,MONDO
33437,11381,disease,dominant beta-thalassemia,MONDO
33440,18896_43768,disease,thrombocytopenic purpura,MONDO_grouped
33449,8742_18542_28226,disease,severe congenital neutropenia,MONDO_grouped
33450,18830,disease,Kimura disease,MONDO
33451,18556,disease,Lambert-Eaton myasthenic syndrome,MONDO
33452,18031,disease,granulomatous slack skin disease,MONDO
33453,18800,disease,Kallmann syndrome,MONDO
33459,18493,disease,malignant hyperthermia of anesthesia,MONDO
33464,4114,disease,urinary bladder small cell neuroendocrine carcinoma,MONDO
33474,5619,disease,typhoid fever,MONDO
33482,18408,disease,cystic echinococcosis,MONDO
33494,18824,disease,pyoderma gangrenosum,MONDO
33510,6372,disease,pituicytoma,MONDO
33512,5081,disease,preeclampsia,MONDO
33518,20479,disease,pituitary gigantism,MONDO
33520,5060_4510_3591,disease,liposarcoma,MONDO_grouped
33526,17256_17257,disease,idiopathic uveitis,MONDO_grouped
33534,19725,disease,pediatric systemic lupus erythematosus,MONDO
33542,19365,disease,scrub typhus,MONDO
33543,24472,disease,boutonneuse fever,MONDO
33555,19263,disease,autosomal erythropoietic protoporphyria,MONDO
33562,6500_3096_2323,disease,hemangioma,MONDO_grouped
33567,4577,disease,corneal ulcer,MONDO
33572,5485,disease,psychotic disorder,MONDO
33574,1836,disease,amenorrhea (disease),MONDO
33575,5015,disease,diabetes mellitus (disease),MONDO
33576,4126,disease,thyroiditis (disease),MONDO
33577,5044,disease,hypertensive disorder,MONDO
33585,6640,disease,adrenal gland hyperfunction,MONDO
33586,465,disease,atrioventricular block (disease),MONDO
33588,5246,disease,osteomyelitis (disease),MONDO
33589,1357_387,disease,hypochromic anemia,MONDO_grouped
33590,5571,disease,polycythemia (disease),MONDO
33591,19065,disease,amyloidosis (disease),MONDO
33593,11122,disease,obesity disorder,MONDO
33594,1673,disease,diarrheal disease,MONDO
33596,265,disease,aspiration pneumonia (disease),MONDO
33598,5098,disease,stroke disorder,MONDO
33601,5001_4966,disease,gastritis,MONDO_grouped
33602,945,disease,venous insufficiency (disease),MONDO
33603,2277,disease,arteriosclerosis disorder,MONDO
33605,5468,disease,hypotensive disorder,MONDO
33609,5178_6629_5416_6630_6631_6632,disease,osteoarthritis,MONDO_grouped
33611,1700,disease,megaloblastic anemia (disease),MONDO
33616,19280,disease,hypertrichosis (disease),MONDO
33618,4981,disease,atrial fibrillation (disease),MONDO
33621,4967,disease,acute lymphoblastic leukemia (disease),MONDO
33622,1245,disease,microcytic anemia,MONDO
33625,313,disease,hypophosphatemia (disease),MONDO
33626,5520,disease,rickets (disease),MONDO
33642,4986,disease,urinary bladder carcinoma,MONDO
33643,5086,disease,renal cell carcinoma (disease),MONDO
33645,4796,disease,infectious meningitis,MONDO
33649,6547,disease,exanthem (disease),MONDO
33651,6608_6609,disease,seborrheic dermatitis,MONDO_grouped
33653,5105_5012,disease,melanoma,MONDO_grouped
33654,20283_6651,disease,uveitis,MONDO_grouped
33656,1566,disease,hypercalcemia disease,MONDO
33657,5397,disease,goiter (disease),MONDO
33658,21187_11237_11470,disease,hyperlipidemia,MONDO_grouped
33659,2177,disease,hyperinsulinism (disease),MONDO
33666,5318,disease,canker sore,MONDO
33670,5025_6669,disease,endocarditis,MONDO_grouped
33675,4979,disease,asthma,MONDO
33677,2203,disease,constipation disorder,MONDO
33679,3019,disease,potassium deficiency disease,MONDO
33680,5133,disease,endometriosis (disease),MONDO
33683,5492,disease,urticaria (disease),MONDO
33688,5233,disease,non-small cell lung carcinoma (disease),MONDO
33695,5347,disease,hypertriglyceridemia (disease),MONDO
33699,5279,disease,pulmonary embolism (disease),MONDO
33703,11438,disease,acne (disease),MONDO
33705,3155,disease,cavernous hemangioma,MONDO
33707,5341_2529_2656_2939_2956_4091,disease,skin carcinoma,MONDO_grouped
33711,6573,disease,lipodystrophy (disease),MONDO
33714,1409,disease,esophagitis (disease),MONDO
33715,5212,disease,rhabdomyosarcoma (disease),MONDO
33770,2414,gene/protein,FRA7G,NCBI
33771,3137,gene/protein,HLA-J,NCBI
33772,3355,gene/protein,HTR1F,NCBI
33773,4538,gene/protein,ND4,NCBI
33774,6538,gene/protein,SLC6A11,NCBI
33775,8128,gene/protein,ST8SIA2,NCBI
33776,8490,gene/protein,RGS5,NCBI
33777,8605,gene/protein,PLA2G4C,NCBI
33778,8633,gene/protein,UNC5C,NCBI
33779,8843,gene/protein,HCAR3,NCBI
33780,9348,gene/protein,NDST3,NCBI
33781,9481,gene/protein,SLC25A27,NCBI
33782,10151,gene/protein,HNRNPA3P1,NCBI
33783,10279,gene/protein,PRSS16,NCBI
33784,22904,gene/protein,SBNO2,NCBI
33785,23114,gene/protein,NFASC,NCBI
33786,23551,gene/protein,RASD2,NCBI
33787,26223,gene/protein,FBXL21P,NCBI
33788,27115,gene/protein,PDE7B,NCBI
33789,27184,gene/protein,DISC2,NCBI
33790,27189,gene/protein,IL17C,NCBI
33791,27201,gene/protein,GPR78,NCBI
33792,30816,gene/protein,ERVW-1,NCBI
33793,51735,gene/protein,RAPGEF6,NCBI
33794,54659,gene/protein,UGT1A3,NCBI
33795,54719,gene/protein,RNANC,NCBI
33796,55206,gene/protein,SBNO1,NCBI
33797,55784,gene/protein,MCTP2,NCBI
33798,55808,gene/protein,ST6GALNAC1,NCBI
33799,55879,gene/protein,GABRQ,NCBI
33800,56301,gene/protein,SLC7A10,NCBI
33801,57576,gene/protein,KIF17,NCBI
33802,58510,gene/protein,PRODH2,NCBI
33803,59283,gene/protein,CACNG8,NCBI
33804,64067,gene/protein,NPAS3,NCBI
33805,64478,gene/protein,CSMD1,NCBI
33806,64850,gene/protein,ETNPPL,NCBI
33807,80312,gene/protein,TET1,NCBI
33808,81033,gene/protein,KCNH6,NCBI
33809,83999,gene/protein,KREMEN1,NCBI
33810,84539,gene/protein,MCHR2,NCBI
33811,84687,gene/protein,PPP1R9B,NCBI
33812,84952,gene/protein,CGNL1,NCBI
33813,86123,gene/protein,YWHAZP5,NCBI
33814,89781,gene/protein,HPS4,NCBI
33815,89832,gene/protein,CHRFAM7A,NCBI
33816,90141,gene/protein,EFCAB11,NCBI
33817,90952,gene/protein,ESAM,NCBI
33818,91752,gene/protein,ZNF804A,NCBI
33819,93663,gene/protein,ARHGAP18,NCBI
33820,114784,gene/protein,CSMD2,NCBI
33821,115111,gene/protein,SLC26A7,NCBI
33822,116369,gene/protein,SLC26A8,NCBI
33823,116443,gene/protein,GRIN3A,NCBI
33824,119749,gene/protein,OR4C46,NCBI
33825,131177,gene/protein,FAM3D,NCBI
33826,135152,gene/protein,B3GAT2,NCBI
33827,147657,gene/protein,ZNF480,NCBI
33828,147929,gene/protein,ZNF565,NCBI
33829,151295,gene/protein,SLC23A3,NCBI
33830,154664,gene/protein,ABCA13,NCBI
33831,166378,gene/protein,SPATA5,NCBI
33832,169166,gene/protein,SNX31,NCBI
33833,200909,gene/protein,HTR3D,NCBI
33834,200933,gene/protein,FBXO45,NCBI
33835,202333,gene/protein,CMYA5,NCBI
33836,219790,gene/protein,RTKN2,NCBI
33837,221393,gene/protein,ADGRF4,NCBI
33838,223117,gene/protein,SEMA3D,NCBI
33839,255101,gene/protein,CFAP65,NCBI
33840,255239,gene/protein,ANKK1,NCBI
33841,259173,gene/protein,ALS2CL,NCBI
33842,266553,gene/protein,OFCC1,NCBI
33843,266727,gene/protein,MDGA1,NCBI
33844,266743,gene/protein,NPAS4,NCBI
33845,267012,gene/protein,DAOA,NCBI
33846,282706,gene/protein,DAOA-AS1,NCBI
33847,284217,gene/protein,LAMA1,NCBI
33848,285242,gene/protein,HTR3E,NCBI
33849,339230,gene/protein,CCDC137,NCBI
33850,348327,gene/protein,ZNF530,NCBI
33851,387129,gene/protein,NPSR1,NCBI
33852,387509,gene/protein,GPR153,NCBI
33853,388552,gene/protein,BLOC1S3,NCBI
33854,400765,gene/protein,MIR137HG,NCBI
33855,406901,gene/protein,MIR107,NCBI
33856,406928,gene/protein,MIR137,NCBI
33857,406952,gene/protein,MIR17,NCBI
33858,406961,gene/protein,MIR185,NCBI
33859,406989,gene/protein,MIR206,NCBI
33860,407003,gene/protein,MIR219A2,NCBI
33861,407034,gene/protein,MIR30E,NCBI
33862,442721,gene/protein,LMOD2,NCBI
33863,442900,gene/protein,MIR326,NCBI
33864,442901,gene/protein,MIR328,NCBI
33865,442911,gene/protein,MIR346,NCBI
33866,449489,gene/protein,DFNB47,NCBI
33867,494331,gene/protein,MIR382,NCBI
33868,574451,gene/protein,MIR432,NCBI
33869,574456,gene/protein,MIR497,NCBI
33870,594857,gene/protein,NPS,NCBI
33871,619465,gene/protein,ERVK-8,NCBI
33872,641372,gene/protein,ACOT6,NCBI
33873,692200,gene/protein,SNORD103C,NCBI
33874,100131814,gene/protein,LINC00271,NCBI
33875,100137049,gene/protein,PLA2G4B,NCBI
33876,100188856,gene/protein,DEL22Q11.2,NCBI
33877,100302690,gene/protein,DLG2-AS1,NCBI
33878,100303453,gene/protein,TSNAX-DISC1,NCBI
33879,100616452,gene/protein,MIR2682,NCBI
33880,100616496,gene/protein,ERVW-4,NCBI
33881,27328,gene/protein,PCDH11X,NCBI
33882,54209,gene/protein,TREM2,NCBI
33883,124152,gene/protein,IQCK,NCBI
33884,406892,gene/protein,MIR100,NCBI
33885,406938,gene/protein,MIR146A,NCBI
33886,407022,gene/protein,MIR296,NCBI
33887,494324,gene/protein,MIR375,NCBI
33888,574508,gene/protein,MIR505,NCBI
33889,768218,gene/protein,MIR766,NCBI
33890,100126333,gene/protein,MIR708,NCBI
33891,100170222,gene/protein,SNAR-I,NCBI
33892,100500871,gene/protein,MIR3622B,NCBI
33893,100616367,gene/protein,MIR4467,NCBI
33894,28234,gene/protein,SLCO1B3,NCBI
33895,116844,gene/protein,LRG1,NCBI
33896,407008,gene/protein,MIR223,NCBI
33897,407054,gene/protein,MIR98,NCBI
33898,553158,gene/protein,PRR5-ARHGAP8,NCBI
33899,100507056,gene/protein,CCAT1,NCBI
33900,438,gene/protein,ASMT,NCBI
33901,1240,gene/protein,CMKLR1,NCBI
33902,1607,gene/protein,DGKB,NCBI
33903,2973,gene/protein,GTS,NCBI
33904,2996,gene/protein,GYPE,NCBI
33905,3776,gene/protein,KCNK2,NCBI
33906,4513,gene/protein,COX2,NCBI
33907,7349,gene/protein,UCN,NCBI
33908,8973,gene/protein,CHRNA6,NCBI
33909,26281,gene/protein,FGF20,NCBI
33910,51555,gene/protein,PEX5L,NCBI
33911,54738,gene/protein,FEV,NCBI
33912,80114,gene/protein,BICC1,NCBI
33913,3352,gene/protein,HTR1D,NCBI
33914,4397,gene/protein,MS,NCBI
33915,7038,gene/protein,TG,NCBI
33916,140947,gene/protein,DCANP1,NCBI
33917,319100,gene/protein,TAAR6,NCBI
33918,116085,gene/protein,SLC22A12,NCBI
33920,406891,gene/protein,MIRLET7I,NCBI
33921,406902,gene/protein,MIR10A,NCBI
33922,406906,gene/protein,MIR122,NCBI
33923,406932,gene/protein,MIR140,NCBI
33924,406935,gene/protein,MIR143,NCBI
33925,406940,gene/protein,MIR148A,NCBI
33926,406997,gene/protein,MIR215,NCBI
33927,407010,gene/protein,MIR23A,NCBI
33929,407029,gene/protein,MIR30A,NCBI
33931,407055,gene/protein,MIR99A,NCBI
33932,574447,gene/protein,MIR146B,NCBI
33933,120227,gene/protein,CYP2R1,NCBI
33934,407026,gene/protein,MIR29C,NCBI
33935,407030,gene/protein,MIR30B,NCBI
33938,442913,gene/protein,MIR376C,NCBI
33941,100126334,gene/protein,MIR885,NCBI
33943,6439,gene/protein,SFTPB,NCBI
33944,7367,gene/protein,UGT2B17,NCBI
33945,10863,gene/protein,ADAM28,NCBI
33946,29923,gene/protein,HILPDA,NCBI
33947,55259,gene/protein,CASC1,NCBI
33948,80157,gene/protein,CWH43,NCBI
33949,153090,gene/protein,DAB2IP,NCBI
33950,160492,gene/protein,LMNTD1,NCBI
33951,253260,gene/protein,RICTOR,NCBI
33952,253650,gene/protein,ANKRD18A,NCBI
33953,400931,gene/protein,MIRLET7BHG,NCBI
33954,406914,gene/protein,MIR127,NCBI
33955,406927,gene/protein,MIR136,NCBI
33956,406946,gene/protein,MIR154,NCBI
33957,406968,gene/protein,MIR193A,NCBI
33958,407007,gene/protein,MIR222,NCBI
33959,407009,gene/protein,MIR224,NCBI
33960,407035,gene/protein,MIR31,NCBI
33961,407041,gene/protein,MIR34B,NCBI
33962,407042,gene/protein,MIR34C,NCBI
33963,442896,gene/protein,MIR302D,NCBI
33964,442914,gene/protein,MIR369,NCBI
33965,442915,gene/protein,MIR370,NCBI
33966,541471,gene/protein,MIR4435-2HG,NCBI
33967,574413,gene/protein,MIR409,NCBI
33968,574434,gene/protein,MIR410,NCBI
33969,574445,gene/protein,MIR511,NCBI
33970,574452,gene/protein,MIR494,NCBI
33971,664616,gene/protein,MIR487B,NCBI
33972,100126327,gene/protein,MIR938,NCBI
33973,8547,gene/protein,FCN3,NCBI
33974,9920,gene/protein,KBTBD11,NCBI
33975,10990,gene/protein,LILRB5,NCBI
33976,11093,gene/protein,ADAMTS13,NCBI
33977,25891,gene/protein,PAMR1,NCBI
33978,27085,gene/protein,MTBP,NCBI
33979,51085,gene/protein,MLXIPL,NCBI
33980,51266,gene/protein,CLEC1B,NCBI
33981,55576,gene/protein,STAB2,NCBI
33982,56892,gene/protein,TCIM,NCBI
33983,57125,gene/protein,PLXDC1,NCBI
33984,57512,gene/protein,GPR158,NCBI
33985,57733,gene/protein,GBA3,NCBI
33986,79574,gene/protein,EPS8L3,NCBI
33987,79742,gene/protein,DIPK2B,NCBI
33988,83394,gene/protein,PITPNM3,NCBI
33989,83597,gene/protein,RTP3,NCBI
33990,83854,gene/protein,ANGPTL6,NCBI
33991,83875,gene/protein,BCO2,NCBI
33992,83876,gene/protein,MRO,NCBI
33993,83940,gene/protein,TATDN1,NCBI
33994,85416,gene/protein,ZIC5,NCBI
33995,85445,gene/protein,CNTNAP4,NCBI
33996,90381,gene/protein,TICRR,NCBI
33997,91937,gene/protein,TIMD4,NCBI
33998,114804,gene/protein,RNF157,NCBI
33999,117145,gene/protein,THEM4,NCBI
34000,138009,gene/protein,DCAF4L2,NCBI
34001,139420,gene/protein,PPP4R3C,NCBI
34002,143941,gene/protein,TTC36,NCBI
34003,150468,gene/protein,CKAP2L,NCBI
34004,157313,gene/protein,CDCA2,NCBI
34005,168667,gene/protein,BMPER,NCBI
34006,169611,gene/protein,OLFML2A,NCBI
34007,170712,gene/protein,COX7B2,NCBI
34008,196528,gene/protein,ARID2,NCBI
34009,197358,gene/protein,NLRC3,NCBI
34010,283600,gene/protein,SLC25A47,NCBI
34011,284403,gene/protein,WDR62,NCBI
34012,338005,gene/protein,LINC00221,NCBI
34013,339390,gene/protein,CLEC4G,NCBI
34014,374393,gene/protein,FAM111B,NCBI
34015,387103,gene/protein,CENPW,NCBI
34016,387775,gene/protein,SLC22A10,NCBI
34017,389558,gene/protein,FAM180A,NCBI
34018,574473,gene/protein,MIR520B,NCBI
34019,653820,gene/protein,FAM72B,NCBI
34020,664612,gene/protein,MIR539,NCBI
34021,693200,gene/protein,MIR615,NCBI
34022,723961,gene/protein,INS-IGF2,NCBI
34023,100124700,gene/protein,HOTAIR,NCBI
34024,100507436,gene/protein,MICA,NCBI
34025,105416157,gene/protein,NKILA,NCBI
34026,1553,gene/protein,CYP2A13,NCBI
34027,2567,gene/protein,GABRG3,NCBI
34028,5726,gene/protein,TAS2R38,NCBI
34029,7971,gene/protein,GHS,NCBI
34030,8484,gene/protein,GALR3,NCBI
34031,9037,gene/protein,SEMA5A,NCBI
34032,9705,gene/protein,ST18,NCBI
34033,25976,gene/protein,TIPARP,NCBI
34034,26503,gene/protein,SLC17A5,NCBI
34035,27255,gene/protein,CNTN6,NCBI
34036,29114,gene/protein,TAGLN3,NCBI
34037,50833,gene/protein,TAS2R16,NCBI
34038,54360,gene/protein,CYTL1,NCBI
34039,56311,gene/protein,ANKRD7,NCBI
34040,57502,gene/protein,NLGN4X,NCBI
34041,79570,gene/protein,NKAIN1,NCBI
34042,113201,gene/protein,CASC4,NCBI
34043,152330,gene/protein,CNTN4,NCBI
34044,154215,gene/protein,NKAIN2,NCBI
34045,400359,gene/protein,LINC02694,NCBI
34046,677833,gene/protein,SNORA54,NCBI
34047,57412,gene/protein,AS3MT,NCBI
34048,84966,gene/protein,IGSF21,NCBI
34049,146177,gene/protein,VWA3A,NCBI
34050,225689,gene/protein,MAPK15,NCBI
34051,255022,gene/protein,CALHM1,NCBI
34052,341568,gene/protein,OR8S1,NCBI
34053,374887,gene/protein,YJEFN3,NCBI
34054,389289,gene/protein,ANXA2R,NCBI
34055,693120,gene/protein,MIR33B,NCBI
34056,693124,gene/protein,MIR532,NCBI
34057,100422979,gene/protein,MIR4324,NCBI
34058,632,gene/protein,BGLAP,NCBI
34059,1585,gene/protein,CYP11B2,NCBI
34060,6916,gene/protein,TBXAS1,NCBI
34061,11095,gene/protein,ADAMTS8,NCBI
34062,27294,gene/protein,DHDH,NCBI
34063,50509,gene/protein,COL5A3,NCBI
34064,54790,gene/protein,TET2,NCBI
34065,55256,gene/protein,ADI1,NCBI
34066,55312,gene/protein,RFK,NCBI
34067,59084,gene/protein,ENPP5,NCBI
34068,60526,gene/protein,LDAH,NCBI
34069,64579,gene/protein,NDST4,NCBI
34070,79689,gene/protein,STEAP4,NCBI
34071,83259,gene/protein,PCDH11Y,NCBI
34072,84519,gene/protein,ACRBP,NCBI
34073,90338,gene/protein,ZNF160,NCBI
34074,116113,gene/protein,FOXP4,NCBI
34075,124222,gene/protein,PAQR4,NCBI
34076,132671,gene/protein,SPATA18,NCBI
34077,135112,gene/protein,NCOA7,NCBI
34078,138474,gene/protein,TAF1L,NCBI
34079,148327,gene/protein,CREB3L4,NCBI
34080,201294,gene/protein,UNC13D,NCBI
34081,222546,gene/protein,RFX6,NCBI
34082,246778,gene/protein,IL27,NCBI
34083,283131,gene/protein,NEAT1,NCBI
34084,283237,gene/protein,TTC9C,NCBI
34085,285704,gene/protein,RGMB,NCBI
34086,373156,gene/protein,GSTK1,NCBI
34087,389058,gene/protein,SP5,NCBI
34088,406899,gene/protein,MIR106A,NCBI
34089,606293,gene/protein,KLKP1,NCBI
34090,100750225,gene/protein,PCAT1,NCBI
34091,101669767,gene/protein,SCHLAP1,NCBI
34092,1310,gene/protein,COL19A1,NCBI
34093,1770,gene/protein,DNAH9,NCBI
34094,2350,gene/protein,FOLR2,NCBI
34095,2538,gene/protein,G6PC,NCBI
34096,2568,gene/protein,GABRP,NCBI
34097,2916,gene/protein,GRM6,NCBI
34098,2986,gene/protein,GUCY2F,NCBI
34099,6425,gene/protein,SFRP5,NCBI
34100,7092,gene/protein,TLL1,NCBI
34101,9154,gene/protein,SLC28A1,NCBI
34102,9884,gene/protein,LRRC37A,NCBI
34103,9986,gene/protein,RCE1,NCBI
34104,10139,gene/protein,ARFRP1,NCBI
34105,11227,gene/protein,GALNT5,NCBI
34106,11250,gene/protein,GPR45,NCBI
34107,11309,gene/protein,SLCO2B1,NCBI
34108,22982,gene/protein,DIP2C,NCBI
34109,23033,gene/protein,DOP1A,NCBI
34110,23179,gene/protein,RGL1,NCBI
34111,26280,gene/protein,IL1RAPL2,NCBI
34112,27098,gene/protein,CLUL1,NCBI
34113,28316,gene/protein,CDH20,NCBI
34114,29942,gene/protein,PURG,NCBI
34115,51167,gene/protein,CYB5R4,NCBI
34116,51314,gene/protein,NME8,NCBI
34117,55205,gene/protein,ZNF532,NCBI
34118,55809,gene/protein,TRERF1,NCBI
34119,55876,gene/protein,GSDMB,NCBI
34120,56100,gene/protein,PCDHGB6,NCBI
34121,56666,gene/protein,PANX2,NCBI
34122,57535,gene/protein,KIAA1324,NCBI
34123,57643,gene/protein,ZSWIM5,NCBI
34124,57724,gene/protein,EPG5,NCBI
34125,63926,gene/protein,ANKEF1,NCBI
34126,64755,gene/protein,C16orf58,NCBI
34127,80774,gene/protein,LIMD2,NCBI
34128,80863,gene/protein,PRRT1,NCBI
34129,81031,gene/protein,SLC2A10,NCBI
34130,81797,gene/protein,OR12D3,NCBI
34131,83439,gene/protein,TCF7L1,NCBI
34132,83479,gene/protein,DDX59,NCBI
34133,84075,gene/protein,FSCB,NCBI
34134,84166,gene/protein,NLRC5,NCBI
34135,84804,gene/protein,MFSD9,NCBI
34136,85236,gene/protein,H2BC12,NCBI
34137,90529,gene/protein,STPG1,NCBI
34138,90853,gene/protein,SPOCD1,NCBI
34139,91074,gene/protein,ANKRD30A,NCBI
34140,91608,gene/protein,RASL10B,NCBI
34141,92140,gene/protein,MTDH,NCBI
34142,92270,gene/protein,ATP6AP1L,NCBI
34143,93587,gene/protein,TRMT10A,NCBI
34144,94234,gene/protein,FOXQ1,NCBI
34145,113510,gene/protein,HELQ,NCBI
34146,113828,gene/protein,FAM83F,NCBI
34147,114815,gene/protein,SORCS1,NCBI
34148,114885,gene/protein,OSBPL11,NCBI
34149,116986,gene/protein,AGAP2,NCBI
34150,117156,gene/protein,SCGB3A2,NCBI
34151,120526,gene/protein,DNAJC24,NCBI
34152,124989,gene/protein,EFCAB13,NCBI
34153,125228,gene/protein,FAM210A,NCBI
34154,126205,gene/protein,NLRP8,NCBI
34155,126248,gene/protein,WDR88,NCBI
34156,127707,gene/protein,KLHDC7A,NCBI
34157,128218,gene/protein,TMEM125,NCBI
34158,130872,gene/protein,AHSA2P,NCBI
34159,131408,gene/protein,FAM131A,NCBI
34160,131965,gene/protein,METTL6,NCBI
34161,132112,gene/protein,RTP1,NCBI
34162,134510,gene/protein,UBLCP1,NCBI
34163,136647,gene/protein,MPLKIP,NCBI
34164,137872,gene/protein,ADHFE1,NCBI
34165,138883,gene/protein,OR1N1,NCBI
34166,145447,gene/protein,ABHD12B,NCBI
34167,148266,gene/protein,ZNF569,NCBI
34168,148789,gene/protein,B3GALNT2,NCBI
34169,149563,gene/protein,SRARP,NCBI
34170,152273,gene/protein,FGD5,NCBI
34171,158056,gene/protein,MAMDC4,NCBI
34172,160897,gene/protein,GPR180,NCBI
34173,164656,gene/protein,TMPRSS6,NCBI
34174,164781,gene/protein,DAW1,NCBI
34175,165904,gene/protein,XIRP1,NCBI
34176,167465,gene/protein,ZNF366,NCBI
34177,171019,gene/protein,ADAMTS19,NCBI
34178,200035,gene/protein,NUDT17,NCBI
34179,200315,gene/protein,APOBEC3A,NCBI
34180,219749,gene/protein,ZNF25,NCBI
34181,221078,gene/protein,NSUN6,NCBI
34182,221458,gene/protein,KIF6,NCBI
34183,221687,gene/protein,RNF182,NCBI
34184,221914,gene/protein,GPC2,NCBI
34185,252983,gene/protein,STXBP4,NCBI
34186,256714,gene/protein,MAP7D2,NCBI
34187,256957,gene/protein,HEATR9,NCBI
34188,257044,gene/protein,CATSPERE,NCBI
34189,267004,gene/protein,PGBD3,NCBI
34190,282973,gene/protein,JAKMIP3,NCBI
34191,283120,gene/protein,H19,NCBI
34192,283310,gene/protein,OTOGL,NCBI
34193,284615,gene/protein,ANKRD34A,NCBI
34194,284996,gene/protein,RNF149,NCBI
34195,337975,gene/protein,KRTAP20-1,NCBI
34196,337977,gene/protein,KRTAP21-1,NCBI
34197,338321,gene/protein,NLRP9,NCBI
34198,338323,gene/protein,NLRP14,NCBI
34199,339327,gene/protein,ZNF546,NCBI
34200,339976,gene/protein,TRIML1,NCBI
34201,340205,gene/protein,TREML1,NCBI
34202,342908,gene/protein,ZNF404,NCBI
34203,343450,gene/protein,KCNT2,NCBI
34204,348180,gene/protein,CTU2,NCBI
34205,348654,gene/protein,GEN1,NCBI
34206,348793,gene/protein,WDR53,NCBI
34207,374955,gene/protein,SPATA21,NCBI
34208,374977,gene/protein,MROH7,NCBI
34209,375444,gene/protein,C5orf34,NCBI
34210,378938,gene/protein,MALAT1,NCBI
34211,387119,gene/protein,CEP85L,NCBI
34212,388387,gene/protein,LINC00671,NCBI
34213,389197,gene/protein,C4orf50,NCBI
34214,389400,gene/protein,GFRAL,NCBI
34215,400224,gene/protein,PLEKHD1,NCBI
34216,400500,gene/protein,BCAR4,NCBI
34217,404037,gene/protein,HAPLN4,NCBI
34218,404281,gene/protein,YY2,NCBI
34219,406894,gene/protein,MIR101-2,NCBI
34220,406903,gene/protein,MIR10B,NCBI
34221,406913,gene/protein,MIR126,NCBI
34222,406921,gene/protein,MIR132,NCBI
34223,406933,gene/protein,MIR141,NCBI
34224,406943,gene/protein,MIR152,NCBI
34225,406984,gene/protein,MIR200B,NCBI
34226,406985,gene/protein,MIR200C,NCBI
34227,406988,gene/protein,MIR205,NCBI
34228,406996,gene/protein,MIR214,NCBI
34229,407006,gene/protein,MIR221,NCBI
34230,407013,gene/protein,MIR24-2,NCBI
34231,407021,gene/protein,MIR29A,NCBI
34232,407027,gene/protein,MIR301A,NCBI
34233,442909,gene/protein,MIR342,NCBI
34234,442910,gene/protein,MIR345,NCBI
34235,474170,gene/protein,LRRC37A2,NCBI
34236,554202,gene/protein,MIR31HG,NCBI
34237,554210,gene/protein,MIR429,NCBI
34238,574442,gene/protein,MIR489,NCBI
34239,644246,gene/protein,KANSL1-AS1,NCBI
34240,645249,gene/protein,MNX1-AS1,NCBI
34241,647979,gene/protein,NORAD,NCBI
34242,100128252,gene/protein,ZNF667-AS1,NCBI
34243,11173,gene/protein,ADAMTS7,NCBI
34244,25802,gene/protein,LMOD1,NCBI
34245,57608,gene/protein,JCAD,NCBI
34246,84439,gene/protein,HHIPL1,NCBI
34247,255738,gene/protein,PCSK9,NCBI
34248,283450,gene/protein,HECTD4,NCBI
34250,9002,gene/protein,F2RL3,NCBI
34252,84216,gene/protein,TMEM117,NCBI
34253,84649,gene/protein,DGAT2,NCBI
34257,151887,gene/protein,CCDC80,NCBI
34258,152518,gene/protein,NFXL1,NCBI
34262,406884,gene/protein,MIRLET7B,NCBI
34264,406886,gene/protein,MIRLET7D,NCBI
34267,406911,gene/protein,MIR125B1,NCBI
34268,406920,gene/protein,MIR130B,NCBI
34269,406934,gene/protein,MIR142,NCBI
34271,406942,gene/protein,MIR150,NCBI
34272,406953,gene/protein,MIR18A,NCBI
34273,406957,gene/protein,MIR181C,NCBI
34277,406979,gene/protein,MIR19A,NCBI
34278,406992,gene/protein,MIR210,NCBI
34279,406999,gene/protein,MIR217,NCBI
34280,407000,gene/protein,MIR218-1,NCBI
34281,407004,gene/protein,MIR22,NCBI
34283,407019,gene/protein,MIR27B,NCBI
34286,407040,gene/protein,MIR34A,NCBI
34287,407050,gene/protein,MIR93,NCBI
34289,442904,gene/protein,MIR335,NCBI
34290,442905,gene/protein,MIR337,NCBI
34293,494323,gene/protein,MIR361,NCBI
34294,494327,gene/protein,MIR378A,NCBI
34295,494335,gene/protein,MIR423,NCBI
34296,574030,gene/protein,MIR362,NCBI
34300,619552,gene/protein,MIR483,NCBI
34301,619553,gene/protein,MIR484,NCBI
34312,100126313,gene/protein,MIR744,NCBI
34315,100302142,gene/protein,MIR1246,NCBI
34316,100302145,gene/protein,MIR1247,NCBI
34317,100302149,gene/protein,MIR1249,NCBI
34318,100302174,gene/protein,MIR1307,NCBI
34319,100302197,gene/protein,MIR1306,NCBI
34322,100302236,gene/protein,MIR1260A,NCBI
34327,100422991,gene/protein,MIR1260B,NCBI
34332,100616258,gene/protein,MIR4516,NCBI
34341,102465802,gene/protein,MIR7704,NCBI
34345,102466270,gene/protein,MIR6741,NCBI
34346,7441,gene/protein,VPREB1,NCBI
34347,100288687,gene/protein,DUX4,NCBI
34348,7172,gene/protein,TPMT,NCBI
34349,10669,gene/protein,CGREF1,NCBI
34350,23302,gene/protein,WSCD1,NCBI
34351,29887,gene/protein,SNX10,NCBI
34352,64084,gene/protein,CLSTN2,NCBI
34353,79879,gene/protein,CCDC134,NCBI
34354,116966,gene/protein,WDR17,NCBI
34355,117159,gene/protein,DCD,NCBI
34356,121256,gene/protein,TMEM132D,NCBI
34357,121551,gene/protein,BTBD11,NCBI
34358,140733,gene/protein,MACROD2,NCBI
34359,158038,gene/protein,LINGO2,NCBI
34360,164395,gene/protein,TTLL9,NCBI
34361,166336,gene/protein,PRICKLE2,NCBI
34362,170691,gene/protein,ADAMTS17,NCBI
34363,192286,gene/protein,HIGD2A,NCBI
34364,283927,gene/protein,NUDT7,NCBI
34365,339896,gene/protein,GADL1,NCBI
34366,728655,gene/protein,HULC,NCBI
34367,2850,gene/protein,GPR27,NCBI
34368,6368,gene/protein,CCL23,NCBI
34369,10850,gene/protein,CCL27,NCBI
34370,340719,gene/protein,NANOS1,NCBI
34371,406910,gene/protein,MIR125A,NCBI
34372,100506965,gene/protein,PWAR6,NCBI
34373,64838,gene/protein,FNDC4,NCBI
34374,7226,gene/protein,TRPM2,NCBI
34375,54877,gene/protein,ZCCHC2,NCBI
34376,56884,gene/protein,FSTL5,NCBI
34377,5067,gene/protein,CNTN3,NCBI
34378,6332,gene/protein,SCN7A,NCBI
34379,57194,gene/protein,ATP10A,NCBI
34380,57705,gene/protein,WDFY4,NCBI
34381,83943,gene/protein,IMMP2L,NCBI
34382,114788,gene/protein,CSMD3,NCBI
34383,139411,gene/protein,PTCHD1,NCBI
34384,200150,gene/protein,PLD5,NCBI
34385,205428,gene/protein,DIPK2A,NCBI
34386,221035,gene/protein,REEP3,NCBI
34387,221037,gene/protein,JMJD1C,NCBI
34388,285195,gene/protein,SLC9A9,NCBI
34389,349075,gene/protein,ZNF713,NCBI
34390,406900,gene/protein,MIR106B,NCBI
34391,728294,gene/protein,D2HGDH,NCBI
34392,63036,gene/protein,CELA2A,NCBI
34393,1669,gene/protein,DEFA4,NCBI
34394,2692,gene/protein,GHRHR,NCBI
34395,4512,gene/protein,COX1,NCBI
34396,4519,gene/protein,CYTB,NCBI
34397,4539,gene/protein,ND4L,NCBI
34398,6578,gene/protein,SLCO2A1,NCBI
34399,7479,gene/protein,WNT8B,NCBI
34400,7594,gene/protein,ZNF43,NCBI
34401,8388,gene/protein,OR1E2,NCBI
34402,9934,gene/protein,P2RY14,NCBI
34403,10349,gene/protein,ABCA10,NCBI
34404,10350,gene/protein,ABCA9,NCBI
34405,11086,gene/protein,ADAM29,NCBI
34406,11257,gene/protein,TP53TG1,NCBI
34407,23415,gene/protein,KCNH4,NCBI
34408,23460,gene/protein,ABCA6,NCBI
34409,23461,gene/protein,ABCA5,NCBI
34410,23533,gene/protein,PIK3R5,NCBI
34411,23682,gene/protein,RAB38,NCBI
34412,23742,gene/protein,NPAP1,NCBI
34413,25902,gene/protein,MTHFD1L,NCBI
34414,26154,gene/protein,ABCA12,NCBI
34415,26256,gene/protein,CABYR,NCBI
34416,27151,gene/protein,CPAMD8,NCBI
34417,29980,gene/protein,DONSON,NCBI
34418,54084,gene/protein,TSPEAR,NCBI
34419,54436,gene/protein,SH3TC1,NCBI
34420,55160,gene/protein,ARHGEF10L,NCBI
34421,55356,gene/protein,SLC22A15,NCBI
34422,55567,gene/protein,DNAH3,NCBI
34423,57124,gene/protein,CD248,NCBI
34424,57614,gene/protein,RELCH,NCBI
34425,59269,gene/protein,HIVEP3,NCBI
34426,63951,gene/protein,DMRTA1,NCBI
34427,64232,gene/protein,MS4A5,NCBI
34428,64321,gene/protein,SOX17,NCBI
34429,64405,gene/protein,CDH22,NCBI
34430,64919,gene/protein,BCL11B,NCBI
34431,65012,gene/protein,SLC26A10,NCBI
34432,78997,gene/protein,GDAP1L1,NCBI
34433,79668,gene/protein,PARP8,NCBI
34434,79750,gene/protein,ZNF385D,NCBI
34435,79812,gene/protein,MMRN2,NCBI
34436,79973,gene/protein,ZNF442,NCBI
34437,80054,gene/protein,CEBPA-DT,NCBI
34438,80243,gene/protein,PREX2,NCBI
34439,80341,gene/protein,BPIFB2,NCBI
34440,80736,gene/protein,SLC44A4,NCBI
34441,84134,gene/protein,TOMM40L,NCBI
34442,84343,gene/protein,HPS3,NCBI
34443,84660,gene/protein,CCDC62,NCBI
34444,84896,gene/protein,ATAD1,NCBI
34445,85415,gene/protein,RHPN2,NCBI
34446,85417,gene/protein,CCNB3,NCBI
34447,90362,gene/protein,FAM110B,NCBI
34448,91768,gene/protein,CABLES1,NCBI
34449,92126,gene/protein,DSEL,NCBI
34450,92736,gene/protein,OTOP2,NCBI
34451,94274,gene/protein,PPP1R14A,NCBI
34452,112479,gene/protein,ERI2,NCBI
34453,115426,gene/protein,UHRF2,NCBI
34454,122258,gene/protein,SPACA7,NCBI
34455,124936,gene/protein,CYB5D2,NCBI
34456,130749,gene/protein,CPO,NCBI
34457,143162,gene/protein,FRMPD2,NCBI
34458,143384,gene/protein,CACUL1,NCBI
34459,145270,gene/protein,PRIMA1,NCBI
34460,147741,gene/protein,ZNF560,NCBI
34461,150000,gene/protein,ABCC13,NCBI
34462,151790,gene/protein,WDR49,NCBI
34463,157697,gene/protein,ERICH1,NCBI
34464,163255,gene/protein,ZNF540,NCBI
34465,164832,gene/protein,LONRF2,NCBI
34466,170689,gene/protein,ADAMTS15,NCBI
34467,170692,gene/protein,ADAMTS18,NCBI
34468,200162,gene/protein,SPAG17,NCBI
34469,201283,gene/protein,AMZ2P1,NCBI
34470,204474,gene/protein,PDILT,NCBI
34471,219287,gene/protein,AMER2,NCBI
34472,219770,gene/protein,GJD4,NCBI
34473,223075,gene/protein,ITPRID1,NCBI
34474,254173,gene/protein,TTLL10,NCBI
34475,256536,gene/protein,TCERG1L,NCBI
34476,284382,gene/protein,ACTL9,NCBI
34477,319101,gene/protein,KRT73,NCBI
34478,340273,gene/protein,ABCB5,NCBI
34479,340706,gene/protein,VWA2,NCBI
34480,387496,gene/protein,RASL11A,NCBI
34481,388115,gene/protein,CCDC9B,NCBI
34482,389799,gene/protein,CFAP77,NCBI
34483,400073,gene/protein,C12orf76,NCBI
34484,401138,gene/protein,AMTN,NCBI
34485,407017,gene/protein,MIR26B,NCBI
34486,728116,gene/protein,ZBTB8B,NCBI
34487,100289255,gene/protein,TMEM238L,NCBI
34488,100302203,gene/protein,MIR1271,NCBI
34489,100422821,gene/protein,MIR1273C,NCBI
34490,100499467,gene/protein,LINC00673,NCBI
34492,406893,gene/protein,MIR101-1,NCBI
34493,494337,gene/protein,MIR425,NCBI
34494,729238,gene/protein,SFTPA2,NCBI
34496,3000,gene/protein,GUCY2D,NCBI
34501,138050,gene/protein,HGSNAT,NCBI
34512,3080,gene/protein,CFHR2,NCBI
34513,10877,gene/protein,CFHR4,NCBI
34514,10878,gene/protein,CFHR3,NCBI
34515,23539,gene/protein,SLC16A8,NCBI
34516,83872,gene/protein,HMCN1,NCBI
34517,387715,gene/protein,ARMS2,NCBI
34519,93589,gene/protein,CACNA2D4,NCBI
34521,53947,gene/protein,A4GALT,NCBI
34522,434,gene/protein,ASIP,NCBI
34523,5922,gene/protein,RASA2,NCBI
34524,7365,gene/protein,UGT2B10,NCBI
34525,30062,gene/protein,RAX,NCBI
34526,55331,gene/protein,ACER3,NCBI
34527,56128,gene/protein,PCDHB8,NCBI
34528,57678,gene/protein,GPAM,NCBI
34529,64799,gene/protein,IQCH,NCBI
34530,79852,gene/protein,EPHX3,NCBI
34531,80070,gene/protein,ADAMTS20,NCBI
34532,114795,gene/protein,TMEM132B,NCBI
34533,116071,gene/protein,BATF2,NCBI
34534,126129,gene/protein,CPT1C,NCBI
34535,128611,gene/protein,ZNF831,NCBI
34536,160762,gene/protein,CCDC63,NCBI
34537,221294,gene/protein,NT5DC1,NCBI
34538,222537,gene/protein,HS3ST5,NCBI
34539,245806,gene/protein,VGLL2,NCBI
34540,283130,gene/protein,SLC25A45,NCBI
34541,283316,gene/protein,CD163L1,NCBI
34542,285761,gene/protein,DCBLD1,NCBI
34543,338398,gene/protein,TAS2R60,NCBI
34544,442908,gene/protein,MIR340,NCBI
34546,51196,gene/protein,PLCE1,NCBI
34548,84909,gene/protein,AOPEP,NCBI
34549,91522,gene/protein,COL23A1,NCBI
34553,406994,gene/protein,MIR212,NCBI
34555,442898,gene/protein,MIR324,NCBI
34558,693235,gene/protein,MIR92B,NCBI
34561,84446,gene/protein,BRSK1,NCBI
34562,84630,gene/protein,TTBK1,NCBI
34563,84700,gene/protein,MYO18B,NCBI
34564,140803,gene/protein,TRPM6,NCBI
34565,167359,gene/protein,NIM1K,NCBI
34566,148867,gene/protein,SLC30A7,NCBI
34567,220972,gene/protein,MARCHF8,NCBI
34568,6964,gene/protein,TRD,NCBI
34569,6965,gene/protein,TRG,NCBI
34570,84295,gene/protein,PHF6,NCBI
34571,79783,gene/protein,SUGCT,NCBI
34574,7941,gene/protein,PLA2G7,NCBI
34575,196743,gene/protein,PAOX,NCBI
34579,90226,gene/protein,UCN2,NCBI
34580,23217,gene/protein,ZFR2,NCBI
34581,56603,gene/protein,CYP26B1,NCBI
34582,56623,gene/protein,INPP5E,NCBI
34583,89780,gene/protein,WNT3A,NCBI
34584,147495,gene/protein,APCDD1,NCBI
34585,151742,gene/protein,PPM1L,NCBI
34586,166379,gene/protein,BBS12,NCBI
34587,196475,gene/protein,RMST,NCBI
34588,257194,gene/protein,NEGR1,NCBI
34589,406960,gene/protein,MIR184,NCBI
34591,4535,gene/protein,ND1,NCBI
34592,6540,gene/protein,SLC6A13,NCBI
34593,7093,gene/protein,TLL2,NCBI
34594,7173,gene/protein,TPO,NCBI
34595,9030,gene/protein,ERDA1,NCBI
34596,10255,gene/protein,HCG9,NCBI
34597,57113,gene/protein,TRPC7,NCBI
34598,57537,gene/protein,SORCS2,NCBI
34599,64211,gene/protein,LHX5,NCBI
34600,122525,gene/protein,C14orf28,NCBI
34601,160851,gene/protein,DGKH,NCBI
34602,221833,gene/protein,SP8,NCBI
34603,246269,gene/protein,AFG1L,NCBI
34604,283871,gene/protein,PGP,NCBI
34605,345557,gene/protein,PLCXD3,NCBI
34606,728448,gene/protein,PPIEL,NCBI
34608,9745,gene/protein,ZNF536,NCBI
34609,10404,gene/protein,CPQ,NCBI
34610,84433,gene/protein,CARD11,NCBI
34611,84925,gene/protein,SLC49A4,NCBI
34612,89795,gene/protein,NAV3,NCBI
34613,144132,gene/protein,DNHD1,NCBI
34614,158584,gene/protein,FAAH2,NCBI
34615,283092,gene/protein,OR4C13,NCBI
34616,284013,gene/protein,VMO1,NCBI
34619,81501,gene/protein,DCSTAMP,NCBI
34623,9966,gene/protein,TNFSF15,NCBI
34624,10149,gene/protein,ADGRG2,NCBI
34625,54829,gene/protein,ASPN,NCBI
34626,3982,gene/protein,LIM2,NCBI
34627,406916,gene/protein,MIR128-2,NCBI
34628,442891,gene/protein,MIR135B,NCBI
34629,494329,gene/protein,MIR380,NCBI
34630,27022,gene/protein,FOXD3,NCBI
34631,27136,gene/protein,MORC1,NCBI
34632,50940,gene/protein,PDE11A,NCBI
34633,51291,gene/protein,GMIP,NCBI
34634,56267,gene/protein,KYAT3,NCBI
34635,60482,gene/protein,SLC5A7,NCBI
34636,114131,gene/protein,UCN3,NCBI
34637,166752,gene/protein,FREM3,NCBI
34638,100302259,gene/protein,MIR1202,NCBI
34639,10964,gene/protein,IFI44L,NCBI
34640,83699,gene/protein,SH3BGRL2,NCBI
34641,84441,gene/protein,MAML2,NCBI
34642,84981,gene/protein,MIR22HG,NCBI
34643,122416,gene/protein,ANKRD9,NCBI
34644,353514,gene/protein,LILRA5,NCBI
34645,100820829,gene/protein,MYZAP,NCBI
34648,9953,gene/protein,HS3ST3B1,NCBI
34649,10154,gene/protein,PLXNC1,NCBI
34650,10924,gene/protein,SMPDL3A,NCBI
34651,79625,gene/protein,NDNF,NCBI
34652,79822,gene/protein,ARHGAP28,NCBI
34653,92304,gene/protein,SCGB3A1,NCBI
34654,121601,gene/protein,ANO4,NCBI
34658,440823,gene/protein,MIAT,NCBI
34659,100313892,gene/protein,MIR761,NCBI
34660,170679,gene/protein,PSORS1C1,NCBI
34662,60674,gene/protein,GAS5,NCBI
34663,79924,gene/protein,ADM2,NCBI
34664,50486,gene/protein,G0S2,NCBI
34665,140738,gene/protein,TMEM37,NCBI
34666,644076,gene/protein,GLYCAM1,NCBI
34667,4588,gene/protein,MUC6,NCBI
34668,5918,gene/protein,RARRES1,NCBI
34669,8190,gene/protein,MIA,NCBI
34670,27145,gene/protein,FILIP1,NCBI
34671,30834,gene/protein,ZNRD1,NCBI
34672,83998,gene/protein,REG4,NCBI
34673,84364,gene/protein,ARFGAP2,NCBI
34674,84654,gene/protein,SPZ1,NCBI
34676,282996,gene/protein,RBM20,NCBI
34678,338382,gene/protein,RAB7B,NCBI
34679,27133,gene/protein,KCNH5,NCBI
34680,124454,gene/protein,EARS2,NCBI
34681,392636,gene/protein,AGMO,NCBI
34685,340990,gene/protein,OTOG,NCBI
34688,79827,gene/protein,CLMP,NCBI
34690,10683,gene/protein,DLL3,NCBI
34691,197259,gene/protein,MLKL,NCBI
34692,284656,gene/protein,EPHA10,NCBI
34693,494551,gene/protein,WEE2,NCBI
34694,118856,gene/protein,MMP21,NCBI
34695,146845,gene/protein,CFAP52,NCBI
34696,168507,gene/protein,PKD1L1,NCBI
34697,55997,gene/protein,CFC1,NCBI
34698,283149,gene/protein,BCL9L,NCBI
34700,4508,gene/protein,ATP6,NCBI
34702,55783,gene/protein,CMTR2,NCBI
34722,22925,gene/protein,PLA2R1,NCBI
34723,57451,gene/protein,TENM2,NCBI
34724,64131,gene/protein,XYLT1,NCBI
34725,64866,gene/protein,CDCP1,NCBI
34726,80031,gene/protein,SEMA6D,NCBI
34727,83938,gene/protein,LRMDA,NCBI
34728,84247,gene/protein,RTL6,NCBI
34729,84871,gene/protein,AGBL4,NCBI
34730,114786,gene/protein,XKR4,NCBI
34731,143379,gene/protein,C10orf82,NCBI
34732,143458,gene/protein,LDLRAD3,NCBI
34733,143503,gene/protein,OR51E1,NCBI
34734,147685,gene/protein,C19orf18,NCBI
34735,253782,gene/protein,CERS6,NCBI
34736,344805,gene/protein,TMPRSS7,NCBI
34737,401207,gene/protein,C5orf63,NCBI
34738,144195,gene/protein,SLC2A14,NCBI
34739,374946,gene/protein,DRAXIN,NCBI
34740,100359403,gene/protein,PARK16,NCBI
34741,51347,gene/protein,TAOK3,NCBI
34742,146057,gene/protein,TTBK2,NCBI
34743,169044,gene/protein,COL22A1,NCBI
34744,201229,gene/protein,LYRM9,NCBI
34746,6701,gene/protein,SPRR2B,NCBI
34747,134430,gene/protein,WDR36,NCBI
34748,56999,gene/protein,ADAMTS9,NCBI
34749,113835,gene/protein,ZNF257,NCBI
34750,132332,gene/protein,TMEM155,NCBI
34751,145741,gene/protein,C2CD4A,NCBI
34752,157855,gene/protein,KCNU1,NCBI
34753,388125,gene/protein,C2CD4B,NCBI
34754,406936,gene/protein,MIR144,NCBI
34755,406971,gene/protein,MIR195,NCBI
34756,406983,gene/protein,MIR200A,NCBI
34757,406986,gene/protein,MIR203A,NCBI
34758,407018,gene/protein,MIR27A,NCBI
34759,407975,gene/protein,MIR17HG,NCBI
34760,442893,gene/protein,MIR151A,NCBI
34761,442907,gene/protein,MIR339,NCBI
34762,494326,gene/protein,MIR377,NCBI
34763,574436,gene/protein,MIR485,NCBI
34764,693213,gene/protein,MIR628,NCBI
34765,100126351,gene/protein,MIR939,NCBI
34766,100302150,gene/protein,MIR1296,NCBI
34767,100302201,gene/protein,MIR1228,NCBI
34768,100302232,gene/protein,MIR1226,NCBI
34769,100302246,gene/protein,MIR1301,NCBI
34770,100302263,gene/protein,MIR1908,NCBI
34771,100313886,gene/protein,MIR2116,NCBI
34772,100422981,gene/protein,MIR3173,NCBI
34773,100616323,gene/protein,MIR4482,NCBI
34774,102466251,gene/protein,MIR8061,NCBI
34775,102466739,gene/protein,MIR6803,NCBI
34776,8477,gene/protein,GPR65,NCBI
34777,10747,gene/protein,MASP2,NCBI
34778,149233,gene/protein,IL23R,NCBI
34779,159296,gene/protein,NKX2-3,NCBI
34780,345611,gene/protein,IRGM,NCBI
34781,400935,gene/protein,IL17REL,NCBI
34782,8847,gene/protein,DLEU2,NCBI
34783,81552,gene/protein,VOPP1,NCBI
34784,339970,gene/protein,GCOM2,NCBI
34785,375790,gene/protein,AGRN,NCBI
34787,406924,gene/protein,MIR134,NCBI
34789,406959,gene/protein,MIR183,NCBI
34792,442892,gene/protein,MIR148B,NCBI
34793,494333,gene/protein,MIR384,NCBI
34796,152831,gene/protein,KLB,NCBI
34797,6315,gene/protein,ATXN8OS,NCBI
34800,65084,gene/protein,TMEM135,NCBI
34801,79644,gene/protein,SRD5A3,NCBI
34806,55901,gene/protein,THSD1,NCBI
34807,219699,gene/protein,UNC5B,NCBI
34808,5453,gene/protein,POU3F1,NCBI
34809,54826,gene/protein,GIN1,NCBI
34810,79258,gene/protein,MMEL1,NCBI
34811,81849,gene/protein,ST6GALNAC5,NCBI
34812,84709,gene/protein,MGARP,NCBI
34813,84752,gene/protein,B3GNT9,NCBI
34814,117289,gene/protein,TAGAP,NCBI
34815,122618,gene/protein,PLD4,NCBI
34816,160364,gene/protein,CLEC12A,NCBI
34817,407048,gene/protein,MIR92A1,NCBI
34820,8824,gene/protein,CES2,NCBI
34821,57586,gene/protein,SYT13,NCBI
34822,80725,gene/protein,SRCIN1,NCBI
34823,81578,gene/protein,COL21A1,NCBI
34824,374868,gene/protein,ATP9B,NCBI
34825,401145,gene/protein,CCSER1,NCBI
34826,406929,gene/protein,MIR138-1,NCBI
34827,406962,gene/protein,MIR186,NCBI
34828,406995,gene/protein,MIR181A1,NCBI
34829,574441,gene/protein,MIR488,NCBI
34830,100126315,gene/protein,MIR665,NCBI
34831,100126318,gene/protein,MIR301B,NCBI
34832,6079,gene/protein,SNORD15A,NCBI
34833,9679,gene/protein,FAM53B,NCBI
34834,401474,gene/protein,SAMD12,NCBI
34835,80150,gene/protein,ASRGL1,NCBI
34836,79858,gene/protein,NEK11,NCBI
34838,64711,gene/protein,HS3ST6,NCBI
34844,346288,gene/protein,SEPTIN14,NCBI
34845,137814,gene/protein,NKX2-6,NCBI
34847,169436,gene/protein,STKLD1,NCBI
34848,56271,gene/protein,BEX4,NCBI
34849,64577,gene/protein,ALDH8A1,NCBI
34850,80896,gene/protein,NPL,NCBI
34851,116496,gene/protein,NIBAN1,NCBI
34852,123264,gene/protein,SLC51B,NCBI
34853,200931,gene/protein,SLC51A,NCBI
34854,359845,gene/protein,RFLNB,NCBI
34855,406965,gene/protein,MIR190A,NCBI
34856,407012,gene/protein,MIR24-1,NCBI
34857,693121,gene/protein,MIR411,NCBI
34858,100126309,gene/protein,MIR875,NCBI
34868,101928376,gene/protein,IL12A-AS1,NCBI
34869,116068,gene/protein,LYSMD3,NCBI
34870,407001,gene/protein,MIR218-2,NCBI
34871,80326,gene/protein,WNT10A,NCBI
34872,25878,gene/protein,MXRA5,NCBI
34873,57099,gene/protein,AVEN,NCBI
34874,59082,gene/protein,CARD18,NCBI
34875,407031,gene/protein,MIR30C1,NCBI
34876,693223,gene/protein,MIR638,NCBI
34877,100144748,gene/protein,KLLN,NCBI
34878,359948,gene/protein,IRF2BP2,NCBI
34879,406948,gene/protein,MIR15A,NCBI
34880,406950,gene/protein,MIR16-1,NCBI
34881,442894,gene/protein,MIR302B,NCBI
34882,83636,gene/protein,C19orf12,NCBI
34883,115761,gene/protein,ARL11,NCBI
34884,285601,gene/protein,GPR150,NCBI
34887,163486,gene/protein,DENND1B,NCBI
34888,140625,gene/protein,ACTRT2,NCBI
34890,11136,gene/protein,SLC7A9,NCBI
34892,406958,gene/protein,MIR182,NCBI
34893,406998,gene/protein,MIR216A,NCBI
34894,494328,gene/protein,MIR379,NCBI
34895,574032,gene/protein,MIR20B,NCBI
34896,574457,gene/protein,MIR181D,NCBI
34897,693128,gene/protein,MIR548B,NCBI
34898,693194,gene/protein,MIR609,NCBI
34899,100126319,gene/protein,MIR216B,NCBI
34900,80821,gene/protein,DDHD1,NCBI
34902,55670,gene/protein,PEX26,NCBI
34908,255488,gene/protein,RNF144B,NCBI
34909,389421,gene/protein,LIN28B,NCBI
34910,56981,gene/protein,PRDM11,NCBI
34911,388585,gene/protein,HES5,NCBI
34912,441478,gene/protein,NRARP,NCBI
34913,750,gene/protein,GAS8-AS1,NCBI
34914,64150,gene/protein,DIO3OS,NCBI
34915,407023,gene/protein,MIR299,NCBI
34916,442897,gene/protein,MIR323A,NCBI
34917,494325,gene/protein,MIR376A1,NCBI
34918,494330,gene/protein,MIR381,NCBI
34919,574034,gene/protein,MIR433,NCBI
34920,574038,gene/protein,MIR431,NCBI
34921,574408,gene/protein,MIR329-1,NCBI
34922,574410,gene/protein,MIR323B,NCBI
34923,574433,gene/protein,MIR412,NCBI
34924,574435,gene/protein,MIR376B,NCBI
34925,574450,gene/protein,MIR493,NCBI
34926,574453,gene/protein,MIR495,NCBI
34927,574454,gene/protein,MIR496,NCBI
34928,619555,gene/protein,MIR487A,NCBI
34929,664615,gene/protein,MIR376A2,NCBI
34930,724024,gene/protein,MIR654,NCBI
34931,724025,gene/protein,MIR655,NCBI
34932,724026,gene/protein,MIR656,NCBI
34933,729582,gene/protein,DIRC3,NCBI
34934,768212,gene/protein,MIR758,NCBI
34935,768222,gene/protein,MIR770,NCBI
34936,100126297,gene/protein,MIR300,NCBI
34937,100126335,gene/protein,MIR543,NCBI
34938,100126345,gene/protein,MIR889,NCBI
34939,100302250,gene/protein,MIR1197,NCBI
34940,100422837,gene/protein,MIR1193,NCBI
34941,100886964,gene/protein,PTCSC3,NCBI
34950,95681,gene/protein,CEP41,NCBI
34960,256764,gene/protein,WDR72,NCBI
34961,5446,gene/protein,PON3,NCBI
34962,9992,gene/protein,KCNE2,NCBI
34965,6754,gene/protein,SSTR4,NCBI
34966,55024,gene/protein,BANK1,NCBI
34967,59067,gene/protein,IL21,NCBI
34968,399909,gene/protein,PCNX3,NCBI
34969,56244,gene/protein,BTNL2,NCBI
34972,56034,gene/protein,PDGFC,NCBI
34974,11262,gene/protein,SP140,NCBI
34975,23547,gene/protein,LILRA4,NCBI
34976,28444,gene/protein,IGHV3-21,NCBI
34977,29125,gene/protein,C11orf21,NCBI
34978,55289,gene/protein,ACOXL,NCBI
34979,149041,gene/protein,RC3H1,NCBI
34980,120237,gene/protein,DBX1,NCBI
34981,170825,gene/protein,GSX2,NCBI
34982,574503,gene/protein,MIR501,NCBI
34983,29851,gene/protein,ICOS,NCBI
34985,8876,gene/protein,VNN1,NCBI
34986,11254,gene/protein,SLC6A14,NCBI
34988,55350,gene/protein,VNN3,NCBI
34989,85463,gene/protein,ZC3H12C,NCBI
34990,130340,gene/protein,AP1S3,NCBI
34991,23315,gene/protein,SLC9A8,NCBI
34992,57152,gene/protein,SLURP1,NCBI
34993,644815,gene/protein,FAM83G,NCBI
34996,10194,gene/protein,TSHZ1,NCBI
34997,55328,gene/protein,RNLS,NCBI
34998,64864,gene/protein,RFX7,NCBI
34999,79969,gene/protein,ATAT1,NCBI
35000,344595,gene/protein,DUBR,NCBI
35001,390858,gene/protein,OACYLP,NCBI
35002,730198,gene/protein,MEIS1-AS3,NCBI
35003,100507527,gene/protein,THEG5,NCBI
35004,106479631,gene/protein,RNU6-148P,NCBI
35005,106479784,gene/protein,RNU6-491P,NCBI
35006,106480868,gene/protein,RN7SKP114,NCBI
35007,106481323,gene/protein,RNU6-456P,NCBI
35008,147138,gene/protein,TMC8,NCBI
35009,51816,gene/protein,ADA2,NCBI
35010,146206,gene/protein,CARMIL2,NCBI
35013,94233,gene/protein,OPN4,NCBI
35015,8082,gene/protein,SSPN,NCBI
35016,23150,gene/protein,FRMD4B,NCBI
35017,79591,gene/protein,ARMH3,NCBI
35018,79658,gene/protein,ARHGAP10,NCBI
35019,79933,gene/protein,SYNPO2L,NCBI
35020,144360,gene/protein,LINC00477,NCBI
35021,144453,gene/protein,BEST3,NCBI
35022,145781,gene/protein,GCOM1,NCBI
35023,150159,gene/protein,SLC9B1,NCBI
35024,284546,gene/protein,C1orf185,NCBI
35025,284688,gene/protein,LINC01142,NCBI
35026,376132,gene/protein,LRRC10,NCBI
35027,401014,gene/protein,TEX41,NCBI
35028,100506385,gene/protein,LINC01426,NCBI
35029,100506866,gene/protein,TTN-AS1,NCBI
35030,102466656,gene/protein,MIR6500,NCBI
35034,139741,gene/protein,ACTRT1,NCBI
35036,6614,gene/protein,SIGLEC1,NCBI
35037,7503,gene/protein,XIST,NCBI
35040,1584,gene/protein,CYP11B1,NCBI
35044,50617,gene/protein,ATP6V0A4,NCBI
35046,130399,gene/protein,ACVR1C,NCBI
35047,375449,gene/protein,MAST4,NCBI
35048,122042,gene/protein,RXFP2,NCBI
35049,54674,gene/protein,LRRN3,NCBI
35050,151531,gene/protein,UPP2,NCBI
35051,285175,gene/protein,UNC80,NCBI
35052,347731,gene/protein,LRRTM3,NCBI
35053,619554,gene/protein,MIR486-1,NCBI
35054,285025,gene/protein,CCDC141,NCBI
35055,389549,gene/protein,FEZF1,NCBI
35060,4540,gene/protein,ND5,NCBI
35061,4541,gene/protein,ND6,NCBI
35063,374291,gene/protein,NDUFS7,NCBI
35065,4514,gene/protein,COX3,NCBI
35066,134728,gene/protein,IRAK1BP1,NCBI
35068,1056,gene/protein,CEL,NCBI
35074,646960,gene/protein,PRSS56,NCBI
35075,117154,gene/protein,DACH2,NCBI
35076,100507012,gene/protein,BMPR1B-DT,NCBI
35077,55351,gene/protein,STK32B,NCBI
35078,65266,gene/protein,WNK4,NCBI
35079,115701,gene/protein,ALPK2,NCBI
35080,152110,gene/protein,NEK10,NCBI
35081,202374,gene/protein,STK32A,NCBI
35084,283106,gene/protein,CSNK2A3,NCBI
35085,129563,gene/protein,DIS3L2,NCBI
35088,23508,gene/protein,TTC9,NCBI
35091,51305,gene/protein,KCNK9,NCBI
35095,343641,gene/protein,TGM6,NCBI
35101,109580095,gene/protein,HBB-LCR,NCBI
35104,1357,gene/protein,CPA1,NCBI
35105,114904,gene/protein,C1QTNF6,NCBI
35106,100506742,gene/protein,CASP12,NCBI
35107,150356,gene/protein,CHADL,NCBI
35108,729920,gene/protein,CRPPA,NCBI
35111,84976,gene/protein,DISP1,NCBI
35112,200728,gene/protein,TMEM17,NCBI
35113,204851,gene/protein,HIPK1,NCBI
35114,56606,gene/protein,SLC2A9,NCBI
35116,5820,gene/protein,PVT1,NCBI
35117,200942,gene/protein,KLHDC8B,NCBI
35119,144165,gene/protein,PRICKLE1,NCBI
35127,375748,gene/protein,ERCC6L2,NCBI
35129,1057,gene/protein,CELP,NCBI
35130,27019,gene/protein,DNAI1,NCBI
35131,64446,gene/protein,DNAI2,NCBI
35132,83544,gene/protein,DNAL1,NCBI
35133,123872,gene/protein,DNAAF1,NCBI
35134,221421,gene/protein,RSPH9,NCBI
35135,339829,gene/protein,CCDC39,NCBI
35136,114798,gene/protein,SLITRK1,NCBI
35137,3062,gene/protein,HCRTR2,NCBI
35142,1188,gene/protein,CLCNKB,NCBI
35143,386653,gene/protein,IL31,NCBI
35149,8483,gene/protein,CILP,NCBI
35156,339145,gene/protein,FAM92B,NCBI
35159,92579,gene/protein,G6PC3,NCBI
35168,7512,gene/protein,XPNPEP2,NCBI
35169,9241,gene/protein,NOG,NCBI
35170,10734,gene/protein,STAG3,NCBI
35171,54937,gene/protein,SOHLH2,NCBI
35172,135935,gene/protein,NOBOX,NCBI
35173,164045,gene/protein,HFM1,NCBI
35174,342977,gene/protein,NANOS3,NCBI
35185,51527,gene/protein,GSKIP,NCBI
35203,57212,gene/protein,TP73-AS1,NCBI
35205,65998,gene/protein,C11orf95,NCBI
35206,83546,gene/protein,RTBDN,NCBI
35207,81788,gene/protein,NUAK2,NCBI
35209,389434,gene/protein,IYD,NCBI
35211,57165,gene/protein,GJC2,NCBI
35212,23436,gene/protein,CELA3B,NCBI
35215,57679,gene/protein,ALS2,NCBI
35216,80208,gene/protein,SPG11,NCBI
35223,81545,gene/protein,FBXO38,NCBI
35224,148014,gene/protein,TTC9B,NCBI
35225,23261,gene/protein,CAMTA1,NCBI
35239,4536,gene/protein,ND2,NCBI
35241,3653,gene/protein,IPW,NCBI
35242,10108,gene/protein,MKRN3-AS1,NCBI
35243,145624,gene/protein,PWAR1,NCBI
35244,338433,gene/protein,SNORD115-1,NCBI
35245,791114,gene/protein,PWRN1,NCBI
35246,100033413,gene/protein,SNORD116-1,NCBI
35247,677814,gene/protein,SNORA31,NCBI
35253,283234,gene/protein,CCDC88B,NCBI
35257,4576,gene/protein,TRNT,NCBI
35268,6523,gene/protein,SLC5A1,NCBI
35269,405753,gene/protein,DUOXA2,NCBI
35270,115019,gene/protein,SLC26A9,NCBI
35279,57623,gene/protein,ZFAT,NCBI
35302,23732,gene/protein,FRRS1L,NCBI
35306,27259,gene/protein,HPLH1,NCBI
35307,28395,gene/protein,IGHV4-34,NCBI
35312,162514,gene/protein,TRPV3,NCBI
35313,53616,gene/protein,ADAM22,NCBI
35316,153201,gene/protein,SLC36A2,NCBI
35324,64087,gene/protein,MCCC2,NCBI
35338,79703,gene/protein,C11orf80,NCBI
35339,150365,gene/protein,MEI1,NCBI
35340,154288,gene/protein,KHDC3L,NCBI
35341,199713,gene/protein,NLRP7,NCBI
35348,81864,gene/protein,EVR3,NCBI
35366,149998,gene/protein,LIPI,NCBI
35371,122622,gene/protein,ADSS1,NCBI
35377,166785,gene/protein,MMAA,NCBI
35388,338328,gene/protein,GPIHBP1,NCBI
35390,338567,gene/protein,KCNK18,NCBI
35393,340665,gene/protein,CYP26C1,NCBI
35398,387082,gene/protein,SUMO4,NCBI
35403,389692,gene/protein,MAFA,NCBI
35462,6552,disease,folliculitis,MONDO
35471,2771,disease,pulmonary fibrosis,MONDO
35475,19245,disease,lysosomal lipid storage disorder,MONDO
35501,4674,disease,chorioretinitis (disease),MONDO
35510,15898,disease,adrenogenital syndrome,MONDO
35520,1195,disease,spotted fever,MONDO
35523,1701,disease,gastrointestinal anthrax,MONDO
35533,4678_18335,disease,dermatophytosis,MONDO_grouped
35535,1461,disease,tinea corporis,MONDO
35537,45030,disease,non-infectious diarrheal disease,MONDO
35538,2269,disease,gastroenteritis,MONDO
35543,2041,disease,fungal infectious disease,MONDO
35545,254,disease,cutaneous mycosis,MONDO
35546,1039,disease,tonsillitis,MONDO
35547,1040,disease,nasopharyngitis,MONDO
35548,24294_24295,disease,skin disease caused by infection,MONDO_grouped
35549,4795_1051,disease,otitis externa,MONDO_grouped
35552,5249,disease,pneumonia,MONDO
35554,3619_1173,disease,salpingitis,MONDO_grouped
35583,2319,disease,phosphorus metabolism disease,MONDO
35588,1246,disease,typhus,MONDO
35590,4944,disease,neurosyphilis,MONDO
35592,4651,disease,smallpox,MONDO
35601,4497_6718_5976_2897_2896,disease,syphilis,MONDO_grouped
35612,4992,disease,cancer,MONDO
35616,5447,disease,testicular cancer,MONDO
35624,4987,disease,urinary bladder neoplasm,MONDO
35630,2120,disease,neuroendocrine carcinoma,MONDO
35641,5027,disease,epilepsy,MONDO
35646,20696,disease,vitamin B12 deficiency,MONDO
35650,15760_18908_15759,disease,non-Hodgkin lymphoma,MONDO_grouped
35651,4095,disease,B-cell neoplasm,MONDO
35659,5284_451_450,disease,progressive multiple sclerosis,MONDO_grouped
35664,24298,disease,vitamin deficiency disorder,MONDO
35665,2022,disease,disease of orbital region,MONDO
35669,5267,disease,heart disease,MONDO
35671,5385,disease,vascular disease,MONDO
35682,6032,disease,cystitis,MONDO
35701,2544_16695_18744_2543_2540,disease,oligodendroglial tumor,MONDO_grouped
35727,5191,disease,metastatic melanoma,MONDO
35732,18364,disease,malignant epithelial tumor of ovary,MONDO
35735,21072,disease,sympathetic paraganglioma,MONDO
35738,2447,disease,endometrial carcinoma (disease),MONDO
35739,6003,disease,uterine corpus cancer,MONDO
35741,5153,disease,cervical adenocarcinoma,MONDO
35742,2602,disease,central nervous system disease,MONDO
35745,15974,disease,severe combined immunodeficiency (disease),MONDO
35750,2081,disease,musculoskeletal system disease,MONDO
35761,4995,disease,cardiovascular disease,MONDO
35766,831,disease,thrombotic disease,MONDO
35771,21100,disease,breast neoplasm,MONDO
35786,21042,disease,glioma,MONDO
35790,21211,disease,brain neoplasm,MONDO
35823,5328,disease,eye disease,MONDO
35831,24355,disease,respiratory tract infectious disease,MONDO
35833,5275,disease,lung disease,MONDO
35844,5664,disease,bartonellosis,MONDO
35849,1243_1242,disease,disseminated intravascular coagulation,MONDO_grouped
35870,2708,disease,retinitis,MONDO
35871,5132,disease,cytomegalovirus infection,MONDO
35873,2026,disease,candidiasis,MONDO
35878,6670,disease,bacterial meningitis,MONDO
35884,18905_17601_6117_6268_6428,disease,diffuse large B-cell lymphoma,MONDO_grouped
35894,920,disease,duodenum cancer,MONDO
35895,956,disease,small intestine cancer,MONDO
35897,4849,disease,pulmonary emphysema,MONDO
35903,7000,disease,Treponema infectious disease,MONDO
35904,41825,disease,bacterial meningitis caused by gram-negative bacteria,MONDO
35909,11057,disease,cerebrovascular disorder,MONDO
35915,5084,disease,mental disorder,MONDO
35916,6733,disease,dry eye syndrome,MONDO
35930,6846_1785_1133,disease,malignant hypertension,MONDO_grouped
35931,5294,disease,peripheral vascular disease,MONDO
35953,5311,disease,atherosclerosis,MONDO
35956,18312,disease,histoplasmosis,MONDO
35958,19050_4781_44348_44349,disease,hemoglobinopathy,MONDO_grouped
35963,5159,disease,prostate carcinoma,MONDO
35966,8315,disease,prostate cancer,MONDO
35970,5062,disease,lymphoma,MONDO
35971,4896,disease,esotropia,MONDO
35974,21108,disease,meningitis (disease),MONDO
35983,4277,disease,gonorrhea,MONDO
35985,5076_5593,disease,periodontitis,MONDO_grouped
35988,17210,disease,infectious anterior uveitis,MONDO
35992,4857,disease,tendinitis,MONDO
35993,3749,disease,esophageal disease,MONDO
36000,21085,disease,gastric neoplasm,MONDO
36004,5036,disease,gastric adenocarcinoma,MONDO
36007,6019,disease,yaws,MONDO
36025,2013,disease,lymphangioma,MONDO
36026,5338,disease,open-angle glaucoma,MONDO
36034,4425,disease,hyperthyroidism,MONDO
36035,1200_1134_15512_5080_100078,disease,hypertension,MONDO_grouped
36043,5387_19852_19851,disease,primary ovarian failure,MONDO_grouped
36046,5961,disease,sinusitis,MONDO
36048,4247,disease,peptic ulcer disease,MONDO
36050,5627,disease,head and neck cancer,MONDO
36068,6877,disease,oophoritis,MONDO
36078,18078,disease,soft tissue sarcoma,MONDO
36080,21113,disease,respiratory failure,MONDO
36088,1214_6668_2314_5808_4811,disease,conjunctivitis,MONDO_grouped
36091,5642,disease,atopic conjunctivitis,MONDO
36105,3699,disease,phobic disorder,MONDO
36106,5701,disease,chlamydia trachomatis infectious disease,MONDO
36108,4553,disease,extrinsic allergic alveolitis,MONDO
36112,15254,disease,schistosomiasis,MONDO
36117,21680,disease,streptococcal infection,MONDO
36119,6678,disease,bladder calculus,MONDO
36129,4980,disease,atopic eczema,MONDO
36138,6626,disease,diabetic neuropathy,MONDO
36140,4903_3085_1465_33821,disease,keratitis,MONDO_grouped
36147,5578,disease,arthritic joint disease,MONDO
36149,1340,disease,heart cancer,MONDO
36153,6895,disease,penile neoplasm,MONDO
36158,5554,disease,rheumatologic disorder,MONDO
36170,2087,disease,peritoneum cancer,MONDO
36172,1436,disease,hemosiderosis,MONDO
36186,1325,disease,penile cancer,MONDO
36187,5010,disease,coronary artery disease,MONDO
36194,4379,disease,female breast carcinoma,MONDO
36198,4592,disease,impetigo,MONDO
36199,2234,disease,vaginitis (disease),MONDO
36209,6816,disease,arthropathy,MONDO
36214,2279,disease,iron metabolism disease,MONDO
36216,940,disease,trypanosomiasis,MONDO
36223,21063,disease,malignant colon neoplasm,MONDO
36227,6764,disease,fungal meningitis,MONDO
36240,4993,disease,carcinoma,MONDO
36243,5280,disease,prostatitis (disease),MONDO
36246,1509,disease,endocrine exophthalmos,MONDO
36249,916,disease,intestinal infectious disease,MONDO
36252,3240,disease,thyroid gland disease,MONDO
36265,5095_43377,disease,spondyloarthropathy,MONDO_grouped
36266,1711,disease,hepatic encephalopathy,MONDO
36272,2471,disease,bursitis,MONDO
36286,5016,disease,diabetic nephropathy,MONDO
36298,18935,disease,hairy cell leukemia,MONDO
36302,4926_1610_4925,disease,dacryocystitis,MONDO_grouped
36306,2040,disease,dermatomycosis,MONDO
36307,1152,disease,amnestic disorder,MONDO
36310,6956,disease,Rickettsiosis,MONDO
36312,5264,disease,transient ischemic attack (disease),MONDO
36315,1639,disease,deficiency anemia,MONDO
36322,5247,disease,urinary tract infection (disease),MONDO
36325,5266,disease,diabetic retinopathy,MONDO
36326,2175,disease,degeneration of macula and posterior pole,MONDO
36330,2520_19800,disease,hepatic porphyria,MONDO_grouped
36334,4522,disease,peritonitis,MONDO
36339,5119,disease,anthrax infection,MONDO
36344,15909,disease,aplastic anemia,MONDO
36347,2400,disease,synovitis (disease),MONDO
36348,41903,disease,gonococcal infection of joint,MONDO
36372,5775,disease,G6PD deficiency,MONDO
36376,1933,disease,endocrine pancreas disease,MONDO
36380,1650,disease,acute cystitis (disease),MONDO
36398,1868_1744_1742_1864,disease,angle-closure glaucoma,MONDO_grouped
36425,2571,disease,primary central nervous system lymphoma,MONDO
36432,5009,disease,congestive heart failure,MONDO
36433,6955,disease,rheumatic heart disease,MONDO
36436,4855,disease,tenosynovitis,MONDO
36442,4789_1929_1930_1931,disease,cholangitis,MONDO_grouped
36448,4525,disease,scabies,MONDO
36450,1517,disease,dysentery,MONDO
36453,2146,disease,hypogonadism,MONDO
36458,15531_17025_18310_17036_17029,disease,Langerhans cell histiocytosis,MONDO_grouped
36468,24389,disease,anaerobic bacteria infectious disease,MONDO
36469,5420_16412_15777,disease,hypothyroidism,MONDO_grouped
36492,1657,disease,brain cancer,MONDO
36514,19496,disease,neuroendocrine neoplasm,MONDO
36527,5744,disease,yolk sac tumor,MONDO
36531,4907,disease,alopecia,MONDO
36534,2158,disease,fallopian tube cancer,MONDO
36535,5058,disease,leiomyosarcoma,MONDO
36536,5636,disease,adenosarcoma,MONDO
36540,5089,disease,sarcoma,MONDO
36562,2181,disease,exostosis,MONDO
36581,5401,disease,colonic neoplasm,MONDO
36584,2289,disease,iris disease,MONDO
36589,18327,disease,glomus tumor,MONDO
36593,2307_1853_2306,disease,blepharoconjunctivitis,MONDO_grouped
36604,5377,disease,nephrotic syndrome,MONDO
36618,2229,disease,ovarian epithelial tumor,MONDO
36634,2691,disease,liver cancer,MONDO
36638,2522,disease,tenosynovial giant cell tumor,MONDO
36644,5093,disease,skin disease,MONDO
36665,5131,disease,cervical carcinoma,MONDO
36688,21259,disease,prostate neoplasm,MONDO
36691,7254,disease,breast cancer,MONDO
36696,5082,disease,prostate adenocarcinoma,MONDO
36712,100342,disease,malignant glioma,MONDO
36724,4949,disease,neoplasm of mature B-cells,MONDO
36735,5219,disease,breast fibrocystic disease,MONDO
36743,5384,disease,partial epilepsy,MONDO
36750,5586,disease,head and neck neoplasm,MONDO
36751,21167,disease,myositis,MONDO
36758,18351,disease,adenocarcinoma of penis,MONDO
36785,4565_2803_2801,disease,intestinal obstruction,MONDO_grouped
36792,5601,disease,ovarian mucinous adenocarcinoma,MONDO
36794,2752,disease,ovarian adenocarcinoma,MONDO
36798,4953,disease,invasive ductal breast carcinoma,MONDO
36812,21117,disease,lung neoplasm,MONDO
36821,6206,disease,fallopian tube carcinoma,MONDO
36825,5615,disease,plasmacytoma,MONDO
36834,5595,disease,laryngeal squamous cell carcinoma,MONDO
36855,1358,disease,bronchial disease,MONDO
36860,2817,disease,adrenal gland cancer,MONDO
36863,6474,disease,transitional cell carcinoma,MONDO
36881,6047,disease,pancreatic adenocarcinoma,MONDO
36893,4868,disease,biliary tract disease,MONDO
36909,18352,disease,squamous cell carcinoma of penis,MONDO
36924,2406,disease,dermatitis,MONDO
36935,5549,disease,renal cell adenocarcinoma,MONDO
36937,5005,disease,clear cell renal carcinoma,MONDO
36944,2108,disease,thyroid cancer,MONDO
36954,24279_4265_918,disease,endometritis,MONDO_grouped
36983,19781,disease,astrocytoma (excluding glioblastoma),MONDO
36988,16691_4000_3999,disease,juvenile pilocytic astrocytoma,MONDO_grouped
36999,18532,disease,adenocarcinoma of liver and intrahepatic biliary tract,MONDO
37009,2206,disease,sweat gland cancer,MONDO
37038,21251,disease,endometrium neoplasm,MONDO
37047,18369,disease,immature ovarian teratoma,MONDO
37082,18171,disease,malignant germ cell tumor of ovary,MONDO
37115,18534,disease,squamous cell carcinoma of liver and intrahepatic biliary tract,MONDO
37128,6939_1110,disease,pyelonephritis,MONDO_grouped
37130,2512,disease,papillary adenocarcinoma,MONDO
37132,5590,disease,breast ductal adenocarcinoma,MONDO
37135,5525_3540,disease,T-cell leukemia,MONDO_grouped
37144,18513,disease,squamous cell carcinoma of colon,MONDO
37150,16096,disease,malignant non-dysgerminomatous germ cell tumor of ovary,MONDO
37151,5440,disease,embryonal carcinoma,MONDO
37152,16248,disease,familial ovarian cancer,MONDO
37161,922,disease,pelvic inflammatory disease,MONDO
37166,6962,disease,sebaceous adenocarcinoma,MONDO
37179,3001,disease,seminoma,MONDO
37180,5068,disease,myocardial infarction (disease),MONDO
37184,16700,disease,anaplastic ependymoma,MONDO
37273,4950,disease,gastric carcinoma,MONDO
37285,3393,disease,thymus gland disease,MONDO
37311,5097,disease,squamous cell lung carcinoma,MONDO
37334,4989,disease,breast carcinoma,MONDO
37343,3669,disease,testicular seminoma,MONDO
37397,3864,disease,chronic lymphocytic leukemia/small lymphocytic lymphoma,MONDO
37398,18843,disease,embryonal carcinoma of the central nervous system,MONDO
37423,6045,disease,ovarian clear cell adenocarcinoma,MONDO
37427,17387_4060_4105_4521,disease,epithelioid sarcoma,MONDO_grouped
37438,16715,disease,ependymoblastoma,MONDO
37466,3795,disease,ovarian small cell carcinoma,MONDO
37530,4389,disease,mite infestation,MONDO
37541,43905_2572_1255_3479_43919,disease,pneumonitis,MONDO_grouped
37543,4555,disease,kidney angiomyolipoma,MONDO
37548,17853,disease,hypersensitivity pneumonitis,MONDO
37549,5545,disease,staphylococcus aureus infection,MONDO
37558,4609,disease,herpes simplex infectious disease,MONDO
37559,5898,disease,paronychia (disease),MONDO
37564,1126,disease,gastric ulcer (disease),MONDO
37570,20076,disease,myeloproliferative neoplasm,MONDO
37573,1627,disease,dementia (disease),MONDO
37574,4652,disease,bacterial pneumonia,MONDO
37604,5362,disease,erectile dysfunction (disease),MONDO
37607,4773,disease,iridocyclitis (disease),MONDO
37608,2970,disease,ciliary body disease,MONDO
37609,6814,disease,iritis (disease),MONDO
37612,2776,disease,external ear disease,MONDO
37613,15691,disease,hypereosinophilic syndrome,MONDO
37617,5002,disease,chronic obstructive pulmonary disease,MONDO
37627,4872_4873,disease,hemorrhoid,MONDO_grouped
37628,2155,disease,cholecystitis,MONDO
37640,5631,disease,actinomycosis,MONDO
37653,430,disease,mature T-cell and NK-cell non-Hodgkin lymphoma,MONDO
37659,5252,disease,heart failure,MONDO
37668,15447,disease,differentiated thyroid carcinoma,MONDO
37676,5374,disease,bone marrow neoplasm,MONDO
37702,40732,disease,Pseudomonas aeruginosa infectious disease,MONDO
37703,5379,disease,neurotic disorder,MONDO
37706,21095,disease,parkinsonian disorder,MONDO
37710,21178,disease,injury,MONDO
37714,15667,disease,unclassified acute myeloid leukemia,MONDO
37717,5258,disease,autism spectrum disorder,MONDO
37718,5299,disease,brain ischemia,MONDO
37722,5301,disease,multiple sclerosis,MONDO
37738,20804,disease,basal cell carcinoma,MONDO
37743,5231,disease,hepatitis C virus infection,MONDO
37753,5530,disease,opiate dependence,MONDO
37759,19297,disease,lymphedema,MONDO
37760,5424,disease,elephantiasis,MONDO
37762,6597,disease,photosensitivity disease,MONDO
37763,1967,disease,gonadal dysgenesis,MONDO
37764,1336,disease,familial hyperlipidemia,MONDO
37766,5812,disease,influenza,MONDO
37768,5277,disease,migraine disorder,MONDO
37769,5477,disease,ventricular tachycardia,MONDO
37770,5480,disease,contact dermatitis,MONDO
37777,24388,disease,Clostridium infectious disease,MONDO
37784,5011_5535,disease,Crohn disease,MONDO_grouped
37785,5101,disease,ulcerative colitis (disease),MONDO
37786,24644,disease,myocardial ischemia,MONDO
37787,24313,disease,staphylococcal infection,MONDO
37797,827,disease,salmonellosis,MONDO
37803,6921,disease,Actinomycetales infectious disease,MONDO
37805,5109,disease,HIV infectious disease,MONDO
37811,3014_4514,disease,rhinitis,MONDO_grouped
37815,5644,disease,amebiasis,MONDO
37816,19362,disease,epidemic louse-borne typhus,MONDO
37820,21697,disease,chlamydia infectious disease,MONDO
37826,5989_5697,disease,toxoplasmosis,MONDO_grouped
37830,3781_5607_18597,disease,bronchitis,MONDO_grouped
37835,16075,disease,filariasis,MONDO
37845,5609,disease,herpes zoster,MONDO
37854,6793,disease,hyperpituitarism,MONDO
37855,19147,disease,myiasis,MONDO
37862,5777,disease,granuloma inguinale,MONDO
37870,17137,disease,onchocerciasis,MONDO
37879,41850,disease,pneumonia caused by gram negative bacteria,MONDO
37882,5114,disease,pneumococcal infection,MONDO
37884,2154,disease,trichomoniasis,MONDO
37887,18667,disease,pleural empyema (disease),MONDO
37888,11786_5324_24332,disease,allergic rhinitis,MONDO_grouped
37892,879,disease,cutaneous candidiasis,MONDO
37893,7019,disease,vulvovaginitis,MONDO
37919,4974,disease,adrenal gland pheochromocytoma,MONDO
37967,6335,disease,ovarian endometrioid adenocarcinoma,MONDO
37975,15683,disease,primary malignant peritoneal tumor,MONDO
37983,5112,disease,malignant pleural mesothelioma,MONDO
38003,3996,disease,basal ganglia disease,MONDO
38016,6594,disease,pemphigus,MONDO
38017,2260,disease,hidradenitis,MONDO
38018,45011,disease,keratinization disease,MONDO
38021,6570,disease,lichen disease,MONDO
38024,5083,disease,psoriasis,MONDO
38031,6563,disease,inverted follicular keratosis,MONDO
38038,5433,disease,alcohol withdrawal,MONDO
38040,2679,disease,cerebral infarction,MONDO
38043,15905,disease,syndromic dyslipidemia,MONDO
38059,1751,disease,cholestasis,MONDO
38066,6810,disease,intracranial hypertension,MONDO
38078,2508,disease,gingivitis,MONDO
38083,40998,disease,Pasteurella multocida infectious disease,MONDO
38084,44782,disease,esophageal ulcer,MONDO
38085,19832,disease,acquired pituitary hormone deficiency,MONDO
38087,1316,disease,streptococcal meningitis,MONDO
38100,5297,disease,urethritis (disease),MONDO
38102,7018,disease,vulvitis,MONDO
38121,5391,disease,restless legs syndrome,MONDO
38179,15770_16553,disease,congenital hypogonadotropic hypogonadism,MONDO_grouped
38191,24573,disease,familial hypertrophic cardiomyopathy,MONDO
38215,43537,disease,cluster headache syndrome,MONDO
38242,4985_693_24613_1866,disease,bipolar disorder,MONDO_grouped
38274,17893,disease,inherited acute myeloid leukemia,MONDO
38342,4670_5282_19561,disease,lupus erythematosus,MONDO_grouped
38359,6744,disease,endolymphatic hydrops,MONDO
38392,15134,disease,constitutional neutropenia,MONDO
38409,5382,disease,bone Paget disease,MONDO
38435,2429,disease,idiopathic interstitial pneumonia,MONDO
38436,15924,disease,pulmonary arterial hypertension,MONDO
38437,1999_5149,disease,pulmonary hypertension,MONDO_grouped
38462,6988,disease,sulfhemoglobinemia,MONDO
38476,1641,disease,severe pre-eclampsia,MONDO
38481,16168,disease,cryopyrin-associated periodic syndrome,MONDO
38496,1713,disease,inherited aplastic anemia,MONDO
38508,19824,disease,non-acquired pituitary hormone deficiency,MONDO
38512,21124,disease,female infertility,MONDO
38513,18479_19847_23601_60783,disease,congenital adrenal hyperplasia,MONDO_grouped
38515,15129_15130,disease,chronic primary adrenal insufficiency,MONDO_grouped
38542,4739,disease,urea cycle disorder,MONDO
38550,15131,disease,congenital combined immunodeficiency,MONDO
38551,1334,disease,hypertrichosis of eyelid,MONDO
38575,22687_4742,disease,cerebellar degeneration,MONDO_grouped
38592,20528,disease,ACTH-dependent Cushing syndrome,MONDO
38622,2244,disease,factor VII deficiency,MONDO
38640,18944,disease,gestational trophoblastic neoplasm,MONDO
38641,6507,disease,hereditary hemochromatosis,MONDO
38666,4,disease,adrenocortical insufficiency,MONDO
38682,1567,disease,nephrocalcinosis,MONDO
38708,607,disease,primary cutaneous T-cell non-Hodgkin lymphoma,MONDO
38719,2350,disease,familial nephrotic syndrome,MONDO
38720,5803_18619,disease,hyperinsulinemic hypoglycemia,MONDO_grouped
38736,17708,disease,mevalonate kinase deficiency,MONDO
38741,17306,disease,disorder of phenylalanine metabolism,MONDO
38784,5364,disease,Graves disease,MONDO
38889,19010,disease,congenital isolated hyperinsulinism,MONDO
38909,17146,disease,sickle cell disease and related diseases,MONDO
38916,6909,disease,pituitary dwarfism,MONDO
38930,19541_17634,disease,non-infectious uveitis,MONDO_grouped
38931,16602,disease,citrin deficiency,MONDO
38945,5452,disease,bulimia nervosa,MONDO
38957,2009_12050_12100,disease,major depressive disorder,MONDO_grouped
38998,5445,disease,visceral leishmaniasis,MONDO
39015,1684,disease,exocrine pancreatic insufficiency,MONDO
39025,15789,disease,non-acquired combined pituitary hormone deficiencies without extra-pituitary malformations,MONDO
39081,5804,disease,hyperprolactinemia (disease),MONDO
39111,19624_15055_15056,disease,acquired angioedema,MONDO_grouped
39124,19457,disease,therapy related acute myeloid leukemia and myelodysplastic syndrome,MONDO
39145,15288,disease,herpes simplex virus keratitis,MONDO
39170,15540,disease,hemophagocytic syndrome,MONDO
39171,20334,disease,mast cell leukemia,MONDO
39202,18762,disease,non-acquired combined pituitary hormone deficiency,MONDO
39203,15127,disease,pituitary deficiency,MONDO
39208,15758,disease,primary cutaneous T-cell lymphoma,MONDO
39245,17255,disease,panuveitis (disease),MONDO
39261,21667,disease,neuralgia,MONDO
39270,17145,disease,beta-thalassemia and related diseases,MONDO
39275,1422,disease,primary aldosteronism,MONDO
39276,3009,disease,hyperaldosteronism,MONDO
39293,2501,disease,brain glioblastoma,MONDO
39297,16686,disease,diffuse astrocytoma,MONDO
39299,16701_16702,disease,oligoastrocytoma,MONDO_grouped
39301,21193_17046,disease,neuroepithelial neoplasm,MONDO_grouped
39365,21146,disease,headache disorder,MONDO
39366,1280,disease,choroiditis,MONDO
39444,1068,disease,osteomalacia (disease),MONDO
39455,15183,disease,short bowel syndrome,MONDO
39468,44346,disease,echinococcus granulosus infectious disease,MONDO
39470,2527,disease,keratoacanthoma,MONDO
39480,1117,disease,methemoglobinemia,MONDO
39484,809,disease,purpura fulminans,MONDO
39491,20124,disease,neuromuscular junction disease,MONDO
39493,4822,disease,bronchiectasis,MONDO
39497,6526,disease,allergic urticaria,MONDO
39498,16586,disease,systemic mastocytosis,MONDO
39501,5538,disease,proctitis,MONDO
39506,4802,disease,pulmonary eosinophilia,MONDO
39524,11849,disease,psoriatic arthritis,MONDO
39532,5099,disease,subarachnoid hemorrhage (disease),MONDO
39533,15574,disease,chronic cutaneous lupus erythematosus,MONDO
39535,24574,disease,von Willebrand disease (hereditary or acquired),MONDO
39537,1770,disease,gastrin secretion abnormality,MONDO
39539,19841,disease,pituitary hormone defiency from vascular origin,MONDO
39540,10481,disease,angioedema,MONDO
39546,1198,disease,acquired thrombocytopenia,MONDO
39600,18912,disease,Cushing syndrome,MONDO
39603,18172,disease,malignant sex cord stromal tumor of ovary,MONDO
39609,2258,disease,pharyngitis,MONDO
39615,16093,disease,borderline epithelial tumor of ovary,MONDO
39619,461,disease,nutritional biotin deficiency,MONDO
39622,5693,disease,cauda equina syndrome,MONDO
39632,5504_1479,disease,diphtheria,MONDO_grouped
39696,6052,disease,pulmonary tuberculosis,MONDO
39699,6625,disease,altitude sickness,MONDO
39701,6862,disease,myofascial pain syndrome,MONDO
39728,6592,disease,parapsoriasis,MONDO
39739,6559,disease,hidradenitis suppurativa,MONDO
39743,24650,disease,drug-induced osteoporosis,MONDO
39752,5988,disease,toxocariasis,MONDO
39753,18500,disease,cutaneous larva migrans,MONDO
39773,4784,disease,allergic asthma,MONDO
39774,5647,disease,anogenital human papillomavirus infection,MONDO
39795,5901,disease,pasteurellosis,MONDO
39798,5386,disease,peripheral arterial disease,MONDO
39805,4471,disease,bacterial arthritis,MONDO
39808,5992,disease,trichinosis,MONDO
39809,5968,disease,sporotrichosis,MONDO
39815,1386,disease,visual epilepsy,MONDO
39820,5306_20655,disease,ankylosing spondylitis,MONDO_grouped
39821,5348,disease,keloid,MONDO
39824,45031,disease,infectious diarrheal disease,MONDO
39828,6604,disease,rosacea,MONDO
39835,11385,disease,intervertebral disc degenerative disorder,MONDO
39836,536,disease,pharyngeal squamous cell carcinoma,MONDO
39868,100053,disease,anaphylaxis,MONDO
39872,6502,disease,acute respiratory distress syndrome,MONDO
39880,190,disease,ventricular fibrillation (disease),MONDO
39883,432,disease,lymphoplasmacytic lymphoma,MONDO
39884,1577,disease,respiratory syncytial virus infectious disease,MONDO
56483,124056,gene/protein,NOXO1,NCBI
56528,55107,gene/protein,ANO1,NCBI
56531,57053,gene/protein,CHRNA10,NCBI
56548,6283,gene/protein,S100A12,NCBI
56558,1346,gene/protein,COX7A1,NCBI
56559,1360,gene/protein,CPB1,NCBI
56581,10242,gene/protein,KCNMB2,NCBI
56615,27284,gene/protein,SULT1B1,NCBI
56616,28231,gene/protein,SLCO4A1,NCBI
56619,29881,gene/protein,NPC1L1,NCBI
56620,30814,gene/protein,PLA2G2E,NCBI
56673,55867,gene/protein,SLC22A11,NCBI
56684,57026,gene/protein,PDXP,NCBI
56725,64386,gene/protein,MMP25,NCBI
56736,66002,gene/protein,CYP4F12,NCBI
56784,83758,gene/protein,RBP5,NCBI
56984,126969,gene/protein,SLC44A3,NCBI
57050,145482,gene/protein,PTGR2,NCBI
57129,162466,gene/protein,PHOSPHO1,NCBI
57203,221120,gene/protein,ALKBH3,NCBI
57259,259307,gene/protein,IL4I1,NCBI
57504,415116,gene/protein,PIM3,NCBI
57591,653499,gene/protein,LGALS7B,NCBI
57650,100130827,gene/protein,SBK3,NCBI
57770,155066,gene/protein,ATP6V0E2,NCBI
57792,766,gene/protein,CA7,NCBI
57818,114770,gene/protein,PGLYRP2,NCBI
57864,55902,gene/protein,ACSS2,NCBI
57872,80122,gene/protein,MAP3K19,NCBI
57878,85320,gene/protein,ABCC11,NCBI
57879,89845,gene/protein,ABCC10,NCBI
57910,285220,gene/protein,EPHA6,NCBI
57913,341676,gene/protein,NEK5,NCBI
57957,51380,gene/protein,CSAD,NCBI
57959,64902,gene/protein,AGXT2,NCBI
57962,3750,gene/protein,KCND1,NCBI
57998,55799,gene/protein,CACNA2D3,NCBI
58267,127124,gene/protein,ATP6V1G3,NCBI
58349,5948,gene/protein,RBP2,NCBI
58449,388697,gene/protein,HRNR,NCBI
58509,28796,gene/protein,IGLV3-21,NCBI
58525,28912,gene/protein,IGKV3-20,NCBI
58530,28937,gene/protein,IGKV1-17,NCBI
58545,360203,gene/protein,GLT6D1,NCBI
58622,79676,gene/protein,OGFOD2,NCBI
58700,9340,gene/protein,GLP2R,NCBI
58737,116444,gene/protein,GRIN3B,NCBI
58743,50700,gene/protein,RDH8,NCBI
58745,83592,gene/protein,AKR1E2,NCBI
58746,441282,gene/protein,AKR1B15,NCBI
58799,23620,gene/protein,NTSR2,NCBI
58903,114814,gene/protein,GNRHR2,NCBI
59220,2172,gene/protein,FABP6,NCBI
59334,51393,gene/protein,TRPV2,NCBI
59359,1370,gene/protein,CPN2,NCBI
59371,57153,gene/protein,SLC44A2,NCBI
59380,146802,gene/protein,SLC47A2,NCBI
59390,9153,gene/protein,SLC28A2,NCBI
59391,64078,gene/protein,SLC28A3,NCBI
59436,92292,gene/protein,GLYATL1,NCBI
59437,219970,gene/protein,GLYATL2,NCBI
59452,3743,gene/protein,KCNA7,NCBI
59454,90134,gene/protein,KCNH7,NCBI
59524,59285,gene/protein,CACNG6,NCBI
59573,222962,gene/protein,SLC29A4,NCBI
59642,7363,gene/protein,UGT2B4,NCBI
59700,3770,gene/protein,KCNJ14,NCBI
59702,9424,gene/protein,KCNK6,NCBI
59707,197021,gene/protein,LCTL,NCBI
59709,55911,gene/protein,APOBR,NCBI
59733,199699,gene/protein,DAND5,NCBI
59788,140679,gene/protein,SLC32A1,NCBI
59791,6561,gene/protein,SLC13A1,NCBI
59793,353189,gene/protein,SLCO4C1,NCBI
59910,89874,gene/protein,SLC25A21,NCBI
63080,100293534,gene/protein,C4B_2,NCBI
83752,482,disease,focal hand dystonia,MONDO
83753,5984,disease,tinea pedis,MONDO
83754,1209,disease,common wart,MONDO
83755,2954,disease,superficial multifocal basal cell carcinoma,MONDO
83756,5173,disease,actinic keratosis (disease),MONDO
83757,43300,disease,actinic cheilitis,MONDO
83758,6579,disease,melanoacanthoma,MONDO
83760,1442,disease,dysthymic disorder,MONDO
83761,5754,disease,epilepsy with generalized tonic-clonic seizures,MONDO
83763,24612,disease,manic bipolar affective disorder,MONDO
83765,16384,disease,hypogonadotropic hypogonadism-frontoparietal alopecia syndrome,MONDO
83766,18967,disease,short stature due to isolated growth hormone deficiency with X-linked hypogammaglobulinemia,MONDO
83767,43455,disease,humoral hypercalcemia of malignancy,MONDO
83769,20512,disease,precursor T-cell acute lymphoblastic leukemia,MONDO
83770,5532,disease,Crohn's colitis,MONDO
83771,5974,disease,strongyloidiasis,MONDO
83772,15057,disease,renin-angiotensin-aldosterone system-blocker-induced angioedema,MONDO
83773,19013,disease,non-histaminic angioedema,MONDO
83774,6835,disease,lipoid nephrosis,MONDO
83775,6684,disease,brain edema,MONDO
83776,8159,disease,postmenopausal osteoporosis,MONDO
83777,6589,disease,occupational dermatitis,MONDO
83778,1265,disease,schizophreniform disorder,MONDO
83779,5487,disease,schizoaffective disorder,MONDO
83780,6760,disease,fetal erythroblastosis,MONDO
83781,4765,disease,intrinsic asthma,MONDO
83782,43233,disease,exfoliative dermatitis,MONDO
83783,5746,disease,enterobiasis,MONDO
83784,42458,disease,Trichinella spiralis infectious disease,MONDO
83785,15808,disease,folliculotropic mycosis fungoides,MONDO
83786,15809,disease,localized pagetoid reticulosis,MONDO
83787,6898,disease,periarthritis,MONDO
83788,6545_44719,disease,erythema multiforme,MONDO_grouped
83789,43789,disease,serum sickness,MONDO
83790,5393,disease,gout,MONDO
83791,6004,disease,vasomotor rhinitis,MONDO
83792,4632,disease,obsolete Hodgkin's granuloma,MONDO
83793,4626,disease,Hodgkin's paragranuloma,MONDO
83794,20329,disease,"classic Hodgkin lymphoma, lymphocyte-rich type",MONDO
83795,15274,disease,chronic beryllium disease,MONDO
83796,4638,disease,lymphosarcoma,MONDO
83798,17600,disease,hairy cell leukemia variant,MONDO
83799,5354,disease,chronic hepatitis C virus infection,MONDO
83800,5366,disease,chronic hepatitis B virus infection,MONDO
83801,18626,disease,paratyphoid fever,MONDO
83802,2144,disease,obsolete hyperuricemia (disease),MONDO
83804,5890,disease,osteitis fibrosa,MONDO
83805,1548,disease,hepatic coma,MONDO
83808,6042,disease,meningeal tuberculosis,MONDO
83809,44684,disease,tuberculous meningitis,MONDO
83810,19975,disease,pellagra,MONDO
83811,6676_24182_24183,disease,beriberi,MONDO_grouped
83812,5542,disease,acute coronary syndrome,MONDO
83813,20989,disease,hereditary persistence of fetal hemoglobin,MONDO
83816,3792,disease,ovarian carcinosarcoma,MONDO
83817,16249,disease,hereditary site-specific ovarian cancer syndrome,MONDO
83818,17327,disease,primary non-gestational choriocarcinoma of ovary,MONDO
83819,20538,disease,malignant dysgerminomatous germ cell tumor of ovary,MONDO
83820,20541,disease,maligant granulosa cell tumor of ovary,MONDO
83821,20542,disease,malignant Sertoli-Leydig cell tumor of ovary,MONDO
83822,20543,disease,"theca steroid-producing cell malignant tumor of ovary, not further specified",MONDO
83823,6716,disease,coronary thrombosis,MONDO
83824,6652_3678_1090_3672_3673_3676_3677_3679_6803,disease,myocardial infarction,MONDO_grouped
83825,41448,disease,metastasis from malignant tumor of colon,MONDO
83826,16684,disease,anaplastic astrocytoma,MONDO
83827,705,disease,Clostridium difficile colitis,MONDO
83828,4639,disease,perinatal necrotizing enterocolitis,MONDO
83829,24330,disease,infectious otitis media,MONDO
83830,6875,disease,ocular hypertension,MONDO
83831,3652,disease,acute urate nephropathy,MONDO
83833,3040,disease,retrograde amnesia,MONDO
83834,2317,disease,central nervous system origin vertigo,MONDO
83835,24343,disease,pityriasis simplex,MONDO
83836,1966_1817,disease,closed-angle glaucoma,MONDO_grouped
83837,18324,disease,adult-onset myasthenia gravis,MONDO
83838,18752,disease,exercise-induced malignant hyperthermia,MONDO
83839,15118,disease,obsolete rare pulmonary disease,MONDO
83840,5263,disease,unipolar depression,MONDO
83841,12048,disease,endogenous depression,MONDO
83842,5351_33926,disease,anorexia nervosa,MONDO_grouped
83843,1928,disease,suppurative cholangitis,MONDO
83844,18645,disease,IgG4-related sclerosing cholangitis,MONDO
83845,7015,disease,viral meningitis,MONDO
83846,6913,disease,pneumococcal meningitis,MONDO
83847,40728,disease,Campylobacter fetus infectious disease,MONDO
83848,328,disease,hyperphosphatemia (disease),MONDO
83849,5921,disease,Plasmodium vivax malaria,MONDO
83850,1191_24302_24303,disease,hirudiniasis,MONDO_grouped
83851,5920,disease,Plasmodium falciparum malaria,MONDO
83852,5223,disease,acute myeloid leukemia with minimal differentiation,MONDO
83853,5224,disease,acute myeloblastic leukemia without maturation,MONDO
83854,15165,disease,acute myeloid leukemia and myelodysplastic syndromes related to topoisomerase type 2 inhibitor,MONDO
83855,15166,disease,acute myeloid leukemia with t(8;21)(q22;q22) translocation,MONDO
83856,17894,disease,acute myeloid leukemia with CEBPA somatic mutations,MONDO
83857,18256,disease,acute myeloid leukemia with t(8;16)(p11;p13) translocation,MONDO
83858,18433,disease,acute myeloid leukemia with t(6;9)(p23;q34),MONDO
83859,18434,disease,acute myeloid leukemia with t(9;11)(p22;q23),MONDO
83860,18435,disease,acute myeloid leukemia with inv3(p21;q26.2) or t(3;3)(p21;q26.2),MONDO
83861,18437,disease,acute myeloid leukemia with NPM1 somatic mutations,MONDO
83862,20320,disease,acute myeloblastic leukemia with maturation,MONDO
83863,18193_6448,disease,testicular teratoma,MONDO_grouped
83864,20513,disease,spermatocytic seminoma,MONDO
83865,5398,disease,upper aerodigestive tract neoplasm,MONDO
83866,16211,disease,non-papillary transitional cell carcinoma of the bladder,MONDO
83867,18741,disease,paracetamol poisoning,MONDO
83868,2083,disease,Richter syndrome,MONDO
83869,6210_891,disease,fibrolamellar hepatocellular carcinoma,MONDO_grouped
83870,18533,disease,undifferentiated carcinoma of liver and intrahepatic biliary tract,MONDO
83871,44903,disease,myelofibrosis,MONDO
83874,4568,disease,paralytic ileus (disease),MONDO
83878,6896,disease,peptic esophagitis,MONDO
83880,1860,disease,folic acid deficiency anemia,MONDO
83882,6554,disease,granuloma annulare,MONDO
83883,5295,disease,intermittent vascular claudication,MONDO
83885,4946,disease,hypoglycemia,MONDO
83886,5649,disease,appendicitis,MONDO
83888,6314,disease,nasal cavity polyp,MONDO
83889,2268,disease,dyspepsia,MONDO
83893,5982,disease,tinea infection,MONDO
83897,5709,disease,common cold,MONDO
83898,1807,disease,obsolete familial combined hyperlipidemia,MONDO
83899,18184,disease,gastric linitis plastica,MONDO
83900,5190,disease,macroglobulinemia,MONDO
83901,6932,disease,pulmonary edema,MONDO
83903,5146,disease,post-traumatic stress disorder,MONDO
83904,1247,disease,social phobia,MONDO
83905,6802,disease,inappropriate ADH syndrome,MONDO
83906,2125,disease,status epilepticus,MONDO
83911,5942,disease,Reye syndrome,MONDO
83912,2309_2308,disease,papillary conjunctivitis,MONDO_grouped
83913,2313,disease,vernal conjunctivitis,MONDO
83914,6642,disease,alcohol withdrawal delirium,MONDO
83918,5546,disease,fibromyalgia,MONDO
83919,4845,disease,aphthous stomatitis,MONDO
83920,6698,disease,cholecystolithiasis,MONDO
83921,6699,disease,choledocholithiasis,MONDO
83922,6874,disease,obstructive jaundice,MONDO
83925,40797,disease,obsolete vascular headache,MONDO
83926,5972,disease,streptococcal pneumonia,MONDO
83928,6891,disease,partial motor epilepsy,MONDO
83929,1628,disease,tinea unguium,MONDO
83930,5915,disease,pityriasis versicolor,MONDO
83931,1405,disease,dermatophytosis of groin and perianal area,MONDO
83933,44211_44212_44213,disease,idiopathic urticaria,MONDO_grouped
83934,2048,disease,thrombocytopenia due to immune destruction,MONDO
83935,24677,disease,pancreatic insulinoma,MONDO
83938,948,disease,xerophthalmia,MONDO
83939,6981,disease,subacute bacterial endocarditis,MONDO
83940,1687,disease,diabetic cataract,MONDO
83946,6361,disease,penile fibromatosis,MONDO
83947,1725,disease,balanitis xerotica obliterans,MONDO
83948,16566,disease,loiasis,MONDO
83950,1270,disease,stone in bladder diverticulum,MONDO
83951,1601,disease,Plasmodium ovale malaria,MONDO
83952,20578,disease,obsolete vitamin D deficiency,MONDO
83955,6763,disease,frozen shoulder,MONDO
83958,5886,disease,oral candidiasis,MONDO
83959,7005,disease,ulcerative proctosigmoiditis,MONDO
83960,11401,disease,Alzheimer disease without neurofibrillary tangles,MONDO
83961,5412,disease,duodenal ulcer (disease),MONDO
83962,6021,disease,Prinzmetal angina,MONDO
83964,2443,disease,bruxism (disease),MONDO
83965,1080,disease,acute gonococcal cervicitis,MONDO
83966,5842_2186_1122,disease,maxillary sinusitis,MONDO_grouped
83970,2885,disease,erythrasma,MONDO
83971,6865,disease,necrotizing ulcerative gingivitis,MONDO
83972,1266,disease,erysipelas,MONDO
83973,5952,disease,scarlet fever,MONDO
83974,18180,disease,staphylococcal scarlet fever,MONDO
83975,5555,disease,cycloplegia,MONDO
83976,5052,disease,irritable bowel syndrome,MONDO
83977,1315,disease,neurocirculatory asthenia,MONDO
83978,337,disease,exanthema subitum,MONDO
83979,338,disease,variola major infectious disease,MONDO
83980,5717,disease,contagious pustular dermatitis,MONDO
83981,5720,disease,cowpox,MONDO
83982,5850,disease,milker's nodule,MONDO
83983,6544,disease,erythema infectiosum,MONDO
83984,6769,disease,gastroparesis (disease),MONDO
83985,1699,disease,tinea manuum,MONDO
83986,6014,disease,vulvovaginal candidiasis,MONDO
83987,1648,disease,esophageal candidiasis,MONDO
83988,5723,disease,Cryptococcal meningitis,MONDO
83989,44070,disease,candidemia,MONDO
83990,1827,disease,white piedra,MONDO
83991,5669,disease,black piedra,MONDO
83992,42233,disease,disseminated candidiasis,MONDO
83993,5672,disease,blastomycosis,MONDO
83994,6784,disease,hemorrhagic disease of newborn,MONDO
83995,1196,disease,psychologic dyspareunia,MONDO
83996,1780,disease,premature ejaculation (disease),MONDO
83997,4728,disease,diabetic macular edema,MONDO
83998,4901,disease,lingual-facial-buccal dyskinesia,MONDO
84002,1226,disease,acute contagious conjunctivitis,MONDO
84003,17944,disease,invasive non-typhoidal salmonellosis,MONDO
84004,41095,disease,malignant otitis externa caused by Pseudomonas aeruginosa,MONDO
84005,5945,disease,rhinoscleroma,MONDO
84006,1797,disease,chancroid,MONDO
84007,5834,disease,lymphogranuloma venereum,MONDO
84008,1732,disease,trigonitis,MONDO
84009,20920,disease,escherichia coli infection,MONDO
84010,4215,disease,cutaneous anthrax,MONDO
84012,41879,disease,staphylococcus aureus pneumonia,MONDO
84013,30602,disease,Klebsiella pneumonia,MONDO
84014,5867,disease,Mycoplasma pneumoniae pneumonia,MONDO
84015,5824,disease,Legionnaires' disease,MONDO
84019,11918,disease,anxiety,MONDO
84021,41526,disease,pregnancy disorder with abortive outcome,MONDO
84022,41806_5861,disease,multidrug-resistant tuberculosis,MONDO_grouped
84023,24305,disease,acquired hyperprolactinemia,MONDO
84024,5654_5655,disease,ascaridiasis,MONDO_grouped
84025,2877,disease,cervical carcinosarcoma,MONDO
84026,1932,disease,obsolete atrophic vulva,MONDO
84027,1410,disease,postmenopausal atrophic vaginitis,MONDO
84028,6585,disease,neurodermatitis,MONDO
84029,5700,disease,chickenpox,MONDO
84030,19558_4706,disease,discoid lupus erythematosus,MONDO_grouped
84031,25598,disease,pneumonia caused by chlamydia,MONDO
84032,5077,disease,pertussis,MONDO
84036,5302,disease,"attention deficit hyperactivity disorder, inattentive type",MONDO
84038,1103,disease,giardiasis,MONDO
84040,1875,disease,epicondylitis,MONDO
84043,19735,disease,polymyalgia rheumatica,MONDO
84044,5848,disease,miliary tuberculosis,MONDO
84046,6812,disease,intracranial vasospasm,MONDO
84047,1964,disease,chronic tubotympanic suppurative otitis media,MONDO
84048,4264,disease,acute gonococcal endometritis,MONDO
84050,17988,disease,multifocal atrial tachycardia (disease),MONDO
84051,878,disease,cytomegalovirus retinitis,MONDO
84052,1583,disease,diabetic polyneuropathy,MONDO
84053,1466,disease,punctate epithelial keratoconjunctivitis,MONDO
84056,1438,disease,postinflammatory pulmonary fibrosis,MONDO
84058,745,disease,cardiac arrest,MONDO
84059,17863,disease,digitalis poisoning,MONDO
84060,257,disease,acute diarrhea,MONDO
84064,6809,disease,intracranial embolism,MONDO
84065,41008,disease,obsolete contact dermatitis caused by poison oak,MONDO
84066,18754,disease,cyanide poisoning,MONDO
84067,1794,disease,Pthirus pubis infestation,MONDO
84068,3482,disease,Pediculus humanus corporis infestation,MONDO
84069,3471,disease,Pediculus humanus capitis infestation,MONDO
84071,5316,disease,bacterial vaginosis,MONDO
84072,12268,disease,AIDS,MONDO
84075,6661,disease,ascorbic acid deficiency,MONDO
84076,5692,disease,cat-scratch disease,MONDO
84077,19359,disease,Rocky mountain spotted fever,MONDO
84078,5888,disease,ornithosis,MONDO
84079,1249,disease,trachoma,MONDO
84080,21158_1125,disease,gonococcal epididymo-orchitis,MONDO_grouped
84081,19360,disease,rickettsialpox,MONDO
84082,233,disease,Japanese spotted fever,MONDO
84085,22430,disease,persistent fetal circulation syndrome,MONDO
84086,1239,disease,anemia of prematurity,MONDO
84087,1356,disease,iron deficiency anemia,MONDO
84088,6521,disease,acneiform dermatitis,MONDO
84089,1033,disease,mycotic corneal ulcer,MONDO
84091,18368,disease,primary peritoneal serous/papillary carcinoma,MONDO
84092,16430,disease,Balo concentric sclerosis,MONDO
84093,5758,disease,eunuchism,MONDO
84094,1119,disease,premature menopause,MONDO
84095,6823,disease,Klinefelter syndrome,MONDO
84096,19198,disease,sympathetic ophthalmia,MONDO
84097,40698,disease,subacute bursitis,MONDO
84099,1971,disease,farmer's lung disease,MONDO
84100,6996,disease,thyroid crisis (disease),MONDO
84102,1072,disease,mild pre-eclampsia,MONDO
84103,5983,disease,tinea favosa,MONDO
84104,15446,disease,atypical coarctation of aorta,MONDO
84105,20386,disease,double outlet right ventricle with subaortic or doubly committed ventricular septal defect with pulmonary stenosis,MONDO
84106,5753_41366,disease,epiglottitis,MONDO_grouped
84107,4964,disease,"peripheral T-cell lymphoma, not otherwise specified",MONDO
84108,19476,disease,primary cutaneous peripheral T-cell lymphoma not otherwise specified,MONDO
84109,15810,disease,primary cutaneous CD4+ small/medium-sized pleomorphic T-cell lymphoma,MONDO
84110,15811,disease,primary cutaneous aggressive epidermotropic CD8+ T-cell lymphoma,MONDO
84111,15812,disease,primary cutaneous gamma/delta-positive T-cell lymphoma,MONDO
84112,6836,disease,Listeria meningitis,MONDO
84113,5894,disease,paracoccidioidomycosis,MONDO
84114,6753,disease,Escherichia coli meningitis,MONDO
84115,24412,disease,Peptostreptococcus infectious disease,MONDO
84117,24376,disease,"sleep disorder, initiating and maintaining sleep",MONDO
84121,42451,disease,endomyometritis,MONDO
84122,43519,disease,burn,MONDO
84123,25419,disease,furunculosis,MONDO
84124,330,disease,endemic typhus,MONDO
84125,19504,disease,superior limbic keratoconjunctivitis,MONDO
84128,5680,disease,Brill-Zinsser disease,MONDO
84129,20571,disease,relapsing epidemic typhus,MONDO
84130,6244,disease,HER2 positive breast carcinoma,MONDO
84132,6522,disease,acquired keratosis,MONDO
84133,1795,disease,plantar wart,MONDO
84134,6742,disease,endemic goiter,MONDO
84135,6986,disease,substernal goiter,MONDO
84136,4668,disease,fascioliasis,MONDO
84139,18673,disease,IgG4-related pachymeningitis,MONDO
84140,958,disease,neuroretinitis,MONDO
84142,7016,disease,vitamin A deficiency (disease),MONDO
84143,16682,disease,giant cell glioblastoma,MONDO
84144,16687,disease,protoplasmic astrocytoma,MONDO
84145,16688,disease,fibrillary astrocytoma,MONDO
84146,16689,disease,gemistocytic astrocytoma,MONDO
84147,16690,disease,pleomorphic xanthoastrocytoma,MONDO
84148,16692,disease,pilomyxoid astrocytoma,MONDO
84149,16696,disease,anaplastic oligodendroglioma,MONDO
84150,16703,disease,anaplastic oligoastrocytoma,MONDO
84151,16705,disease,angiocentric glioma,MONDO
84152,16706,disease,chordoid glioma of the third ventricle,MONDO
84153,16707,disease,astroblastoma,MONDO
84154,6383,disease,"primary cutaneous diffuse large B-cell lymphoma, Leg type",MONDO
84155,17346,disease,Epstein-Barr virus-positive diffuse large B-cell lymphoma of the elderly,MONDO
84156,17347,disease,plasmablastic lymphoma,MONDO
84157,17596,disease,diffuse large B-cell lymphoma of the central nervous system,MONDO
84158,17597,disease,T-cell/histiocyte rich large B cell lymphoma,MONDO
84159,18225,disease,ALK-positive large B-cell lymphoma,MONDO
84160,20323,disease,primary mediastinal large B-cell lymphoma,MONDO
84161,20324,disease,intravascular large B-cell lymphoma,MONDO
84162,6946,disease,renal osteodystrophy,MONDO
84166,43653,disease,herpes labialis,MONDO
84168,5314,disease,relapsing-remitting multiple sclerosis,MONDO
84169,4574,disease,pyridoxine deficiency anemia,MONDO
84171,4854,disease,ophthalmia neonatorum,MONDO
84174,18613,disease,AH amyloidosis,MONDO
84175,16600,disease,acute neonatal citrullinemia type I,MONDO
84176,16601,disease,adult-onset citrullinemia type I,MONDO
84177,20544,disease,streptococcal toxic-shock syndrome,MONDO
84178,5714_5821_333,disease,congenital syphilis,MONDO_grouped
84179,927,disease,asymptomatic neurosyphilis,MONDO
84180,5977,disease,tabes dorsalis,MONDO
84181,40925,disease,latent yaws,MONDO
84182,237,disease,erysipeloid,MONDO
84183,5822_40923_40922,disease,latent syphilis,MONDO_grouped
84184,979,disease,pinta disease,MONDO
84185,1714,disease,bejel,MONDO
84186,5699,disease,cervicofacial actinomycosis,MONDO
84187,744,disease,lung abscess (disease),MONDO
84188,42452,disease,tertiary lesion of yaws,MONDO
84189,42972,disease,meningococcemia,MONDO
84190,5582,disease,binge eating disorder,MONDO
84192,41052,disease,postherpetic neuralgia,MONDO
84193,19441,disease,ATTRV122I amyloidosis,MONDO
84194,5770,disease,genital herpes,MONDO
84200,5859,disease,mucocutaneous leishmaniasis,MONDO
84201,1951,disease,Norwegian scabies,MONDO
84203,495,disease,oppositional defiant disorder (disease),MONDO
84204,41086,disease,mixed anxiety and depressive disorder,MONDO
84207,18615,disease,hemicrania continua,MONDO
84209,41284,disease,primary motor cortex epilepsy,MONDO
84211,6624,disease,overactive bladder (disease),MONDO
84212,1445,disease,obsolete neurogenic bladder (disease),MONDO
84213,6583,disease,necrobiosis lipoidica,MONDO
84219,22205,disease,pustular psoriasis,MONDO
84222,5884,disease,opisthorchiasis,MONDO
84226,5929,disease,postpartum depression,MONDO
84229,8575,disease,nicotine dependence,MONDO
84231,1943,disease,Plasmodium malariae malaria,MONDO
84235,15523,disease,epithelioid hemangioendothelioma,MONDO
84236,16222,disease,spindle cell hemangioma,MONDO
84237,16236,disease,kaposiform hemangioendothelioma,MONDO
84238,18712,disease,composite hemangioendothelioma,MONDO
84239,18713,disease,retiform hemangioendothelioma,MONDO
84240,18714,disease,primary intralymphatic angioendothelioma,MONDO
84241,6375,disease,placental hemangioma,MONDO
84242,5531,disease,morphine dependence,MONDO
84243,16266,disease,squamous cell carcinoma of the corpus uteri,MONDO
84244,16267,disease,undifferentiated carcinoma of the corpus uteri,MONDO
84246,6015,disease,Waterhouse-Friderichsen syndrome,MONDO
84247,939,disease,intracranial abscess,MONDO
84253,24340,disease,retinal neuroblastoma,MONDO
84255,13855,disease,"influenza, severe, susceptibility to",MONDO
84256,100135,disease,Dravet syndrome,MONDO
84260,6605,disease,scalp dermatosis,MONDO
84261,6115,disease,"blast phase chronic myelogenous leukemia, BCR-ABL1 positive",MONDO
84262,24248,disease,obsolete pityriasis,MONDO
84263,41447,disease,metastatic malignant neoplasm in the colon,MONDO
84264,6540,disease,dyshidrosis,MONDO
84267,5996,disease,trichuriasis,MONDO
84280,4279,disease,glossopharyngeal motor neuropathy,MONDO
84284,5320,disease,tibia fracture,MONDO
84285,242,disease,tinea barbae,MONDO
84286,2967,disease,dermatophytosis of scalp or beard,MONDO
84288,1164,disease,antisocial personality disorder,MONDO
84289,19467,disease,CD4+/CD56+ hematodermic neoplasm,MONDO
84293,41751,disease,multibacillary leprosy,MONDO
84295,5906,disease,peritonsillar abscess,MONDO
84296,1821,disease,hypoactive sexual desire disorder,MONDO
84297,5757,disease,eumycotic mycetoma,MONDO
84301,5645,disease,ancylostomiasis,MONDO
84303,16681,disease,gliosarcoma,MONDO
84304,15687,disease,chronic eosinophilic leukemia,MONDO
84305,6147,disease,"chronic eosinophilic leukemia, not otherwise specified",MONDO
84306,1024,disease,pneumonic plague,MONDO
84307,5956,disease,septicemic plague,MONDO
84308,18857,disease,creeping myiasis,MONDO
84310,5260,disease,autism (disease),MONDO
84312,41996,disease,thallium poisoning,MONDO
84313,42484,disease,disseminated sporotrichosis,MONDO
84314,42433,disease,mycotic endocarditis,MONDO
84319,20316,disease,acute myeloid leukemia with abnormal bone marrow eosinophils inv(16)(p13q22) or t(16;16)(p13;q22),MONDO
84324,6658,disease,arteriolosclerosis,MONDO
84325,44917,disease,T-lymphoblastic lymphoma,MONDO
84326,15560,disease,obsolete classic mast cell leukemia,MONDO
84327,15561,disease,aleukemic mast cell leukemia,MONDO
84329,23597,disease,laryngeal papillomatosis,MONDO
84330,4160,disease,female stress incontinence,MONDO
84331,41656,disease,ST-elevation myocardial infarction,MONDO
84333,2399,disease,"tenosynovial giant cell tumor, localized type",MONDO
